StateCode,State Name,Group Code,Group Name,Congregations,Adherents,Adherents as % of Total Adherents,Adherents as % of Population
01,Alabama,326,(Original) Church of God,1,,,
01,Alabama,001,Advent Christian Church,2,0,0.00%,0.00%
01,Alabama,003,African Methodist Episcopal Church,237,"45,834",1.43%,0.91%
01,Alabama,005,African Methodist Episcopal Zion Church,176,"26,808",0.84%,0.53%
01,Alabama,012,Alliance of Baptists,2,,,
01,Alabama,017,American Baptist Association,7,"1,174",0.04%,0.02%
01,Alabama,019,American Baptist Churches in the USA,4,"8,508",0.27%,0.17%
01,Alabama,416,American Sikh Council,4,,,
01,Alabama,033,Anglican Church in North America,16,,,
01,Alabama,FG3,Anglican Province of America,2,,,
01,Alabama,FG2,Anglican Province of Christ the King,3,,,
01,Alabama,034,"Antiochian Orthodox Christian Archdiocese of North America, The",1,35,0.00%,0.00%
01,Alabama,040,Apostolic Christian Church of America,1,42,0.00%,0.00%
01,Alabama,042,"Apostolic Faith Mission of Portland, OR",5,,,
01,Alabama,053,Assemblies of God,342,"47,789",1.50%,0.95%
01,Alabama,055,Associate Reformed Presbyterian Church,6,,,
01,Alabama,220,Association of Free Lutheran Congregations,1,21,0.00%,0.00%
01,Alabama,056,Baha'i Faith USA,6,"1,455",0.05%,0.03%
01,Alabama,059,Baptist Missionary Association of America,14,,,
01,Alabama,061,Beachy Amish-Mennonite Churches,2,131,0.00%,0.00%
01,Alabama,FE8,Bible Methodist Connection,20,,,
01,Alabama,E54,"Bible Way Church of Our Lord Jesus Christ World Wide, Inc.",1,290,0.01%,0.01%
01,Alabama,084,Calvary Chapel Fellowship Churches,5,,,
01,Alabama,081,Catholic Church,162,"249,650",7.81%,4.97%
01,Alabama,FGS,Chabad Judaism,4,,,
01,Alabama,089,Christian and Missionary Alliance,12,"1,071",0.03%,0.02%
01,Alabama,353,Christian Brethren (Open Plymouth Brethren),5,,,
01,Alabama,093,Christian Church (Disciples of Christ),49,"3,875",0.12%,0.08%
01,Alabama,097,Christian Churches and Churches of Christ,25,"2,749",0.09%,0.05%
01,Alabama,101,Christian Methodist Episcopal Church,176,"24,647",0.77%,0.49%
01,Alabama,D83,Christ's Sanctified Holy Church,1,,,
01,Alabama,110,"Church of Christ (Holiness), U.S.A.",4,,,
01,Alabama,143,"Church of Christ, Mennonite",5,717,0.02%,0.01%
01,Alabama,111,"Church of Christ, Scientist",1,,,
01,Alabama,F53,Church of God,15,,,
01,Alabama,123,"Church of God (Anderson, Indiana)",61,"8,046",0.25%,0.16%
01,Alabama,127,"Church of God (Cleveland, Tennessee)",352,"61,231",1.92%,1.22%
01,Alabama,133,Church of God (Seventh Day),1,,,
01,Alabama,122,"Church of God by Faith, Inc.",11,,,
01,Alabama,141,Church of God in Christ,94,"25,140",0.79%,0.50%
01,Alabama,145,Church of God of Prophecy,69,,,
01,Alabama,151,Church of Jesus Christ of Latter-day Saints,77,"37,765",1.18%,0.75%
01,Alabama,155,"Church of Our Lord Jesus Christ of the Apostolic Faith, Inc.",35,"4,590",0.14%,0.09%
01,Alabama,157,Church of the Brethren,1,71,0.00%,0.00%
01,Alabama,A47,Church of the Living God (Christian Workers for Fellowship),4,,,
01,Alabama,D59,Church of the Living God: Pillar and Ground of the Truth,1,,,
01,Alabama,165,Church of the Nazarene,110,"14,336",0.45%,0.29%
01,Alabama,167,Churches of Christ,839,"105,147",3.29%,2.09%
01,Alabama,172,Communion of Reformed Evangelical Churches,3,,,
01,Alabama,173,Community of Christ,15,,,
01,Alabama,177,Congregational Holiness Church,32,,,
01,Alabama,180,Congregational Methodist Church,22,,,
01,Alabama,270,Conservative Judaism,3,"1,559",0.05%,0.03%
01,Alabama,186,Coptic Orthodox Church,2,90,0.00%,0.00%
01,Alabama,185,Cumberland Presbyterian,51,"5,865",0.18%,0.12%
01,Alabama,187,Cumberland Presbyterian Church in America,51,"7,334",0.23%,0.15%
01,Alabama,FG7,Diocese of the Holy Cross,1,,,
01,Alabama,FFW,ECO: A Covenant Order of Presbyterians,4,,,
01,Alabama,193,Episcopal Church,123,"41,339",1.29%,0.82%
01,Alabama,204,Ethiopian Orthodox,1,50,0.00%,0.00%
01,Alabama,198,"Evangelical Association of Reformed, and Congregational Christian Churches",1,,,
01,Alabama,201,Evangelical Covenant Church,3,306,0.01%,0.01%
01,Alabama,203,Evangelical Free Church of America,3,,,
01,Alabama,207,Evangelical Lutheran Church in America,16,"2,489",0.08%,0.05%
01,Alabama,215,Evangelical Methodist Church,1,,,
01,Alabama,216,Evangelical Presbyterian Church,10,,,
01,Alabama,FGP,Every Nation,1,,,
01,Alabama,210,Federation of Reformed Churches,1,,,
01,Alabama,263,"Foursquare Gospel, International Church of the",8,900,0.03%,0.02%
01,Alabama,221,Free Methodist Church--USA,2,50,0.00%,0.00%
01,Alabama,222,Free Presbyterian Church of North America,1,,,
01,Alabama,391,Friends General Conference,2,55,0.00%,0.00%
01,Alabama,232,Full Gospel Baptist Church Fellowship,23,"3,100",0.10%,0.06%
01,Alabama,FFR,Full Gospel Christian Assemblies International,26,"10,740",0.34%,0.21%
01,Alabama,231,General Association of General Baptists,1,150,0.00%,0.00%
01,Alabama,FGM,Grace Communion International,4,,,
01,Alabama,243,Grace Gospel Fellowship,6,,,
01,Alabama,246,Greek Orthodox Archdiocese of America,5,"1,922",0.06%,0.04%
01,Alabama,FGD,Higher Ground Always Abounding Assemblies,5,,,
01,Alabama,895,Hindu Temples,7,"8,587",0.27%,0.17%
01,Alabama,896,Hindu Yoga and Meditation,3,392,0.01%,0.01%
01,Alabama,264,International Churches of Christ,3,192,0.01%,0.00%
01,Alabama,FE9,International Communion of the Charismatic Episcopal Church,5,,,
01,Alabama,262,International Council of Community Churches,3,,,
01,Alabama,256,International Fellowship of Bible Churches,1,,,
01,Alabama,268,Jain,1,,,
01,Alabama,272,Jehovah's Witnesses,157,"34,534",1.08%,0.69%
01,Alabama,283,Lutheran Church--Missouri Synod,55,"7,725",0.24%,0.15%
01,Alabama,255,Lutheran Congregations in Mission for Christ,3,564,0.02%,0.01%
01,Alabama,890,Mahayana Buddhist,4,505,0.02%,0.01%
01,Alabama,290,Metropolitan Community Churches,1,75,0.00%,0.00%
01,Alabama,291,Missionary Church,1,0,0.00%,0.00%
01,Alabama,267,Muslim Estimate,37,"23,550",0.74%,0.47%
01,Alabama,175,National Association of Congregational Christian Churches,2,82,0.00%,0.00%
01,Alabama,223,National Association of Free Will Baptists,101,"10,053",0.31%,0.20%
01,Alabama,301,"National Baptist Convention of America, Inc.",15,"12,670",0.40%,0.25%
01,Alabama,300,"National Baptist Convention, USA, Inc.",247,"121,168",3.79%,2.41%
01,Alabama,302,"National Missionary Baptist Convention, Inc.",378,"101,998",3.19%,2.03%
01,Alabama,304,"National Primitive Baptist Convention, USA, Inc.",27,"5,578",0.17%,0.11%
01,Alabama,309,New Apostolic Church USA,2,,,
01,Alabama,500,Non-denominational Christian Churches,"1,301","514,980",16.12%,10.25%
01,Alabama,314,North American Lutheran Church,2,,,
01,Alabama,331,Orthodox Church in America,2,309,0.01%,0.01%
01,Alabama,276,Orthodox Judaism,1,375,0.01%,0.01%
01,Alabama,335,Orthodox Presbyterian Church,1,,,
01,Alabama,400,Patriarchal Parishes of the Russian Orthodox Church in the USA,1,80,0.00%,0.00%
01,Alabama,D71,Pentecostal Assemblies of the World,2,"1,200",0.04%,0.02%
01,Alabama,339,Pentecostal Church of God,6,,,
01,Alabama,355,Presbyterian Church (U.S.A.),118,"17,001",0.53%,0.34%
01,Alabama,356,Presbyterian Church in America,109,"27,751",0.87%,0.55%
01,Alabama,361,Primitive Baptists Associations,66,"7,110",0.22%,0.14%
01,Alabama,364,"Progressive National Baptist Convention, Inc.",5,"5,005",0.16%,0.10%
01,Alabama,365,Progressive Primitive Baptists,2,,,
01,Alabama,271,Reform Judaism,5,"3,133",0.10%,0.06%
01,Alabama,375,Reformed Episcopal Church,1,,,
01,Alabama,383,Reformed Presbyterian Church of North America,2,41,0.00%,0.00%
01,Alabama,382,"Reformed Presbyterian Church, Hanover Presbytery",1,,,
01,Alabama,401,Russian Orthodox Church Outside of Russia,5,114,0.00%,0.00%
01,Alabama,403,Salvation Army,11,"1,324",0.04%,0.03%
01,Alabama,410,Serbian Orthodox Church in North America,1,150,0.00%,0.00%
01,Alabama,415,"Seventh Day Baptist General Conference, USA and Canada",2,72,0.00%,0.00%
01,Alabama,413,Seventh-day Adventist Church,121,"25,148",0.79%,0.50%
01,Alabama,419,Southern Baptist Convention,"3,265","1,255,396",39.29%,24.99%
01,Alabama,421,Southern Methodist Church,3,,,
01,Alabama,F54,The local churches,2,,,
01,Alabama,891,Theravada Buddhist,6,"4,223",0.13%,0.08%
01,Alabama,432,Unaffiliated Amish-Mennonite (Conservative),1,27,0.00%,0.00%
01,Alabama,FER,Unification Church,1,,,
01,Alabama,437,Union of Messianic Jewish Congregations,1,,,
01,Alabama,435,Unitarian Universalist Association of Congregations,9,"1,166",0.04%,0.02%
01,Alabama,443,United Church of Christ,17,"1,537",0.05%,0.03%
01,Alabama,FGN,United Church of God,4,,,
01,Alabama,FG5,United Episcopal Church of North America,2,,,
01,Alabama,F58,United House of Prayer,1,100,0.00%,0.00%
01,Alabama,449,United Methodist Church,"1,091","250,679",7.84%,4.99%
01,Alabama,454,United Pentecostal Church International,102,,,
01,Alabama,124,"Unity Churches, Association of",8,,,
01,Alabama,892,Vajarayana Buddhist,1,80,0.00%,0.00%
01,Alabama,FFQ,Vanguard Presbytery,1,,,
01,Alabama,463,Vineyard USA,7,"1,296",0.04%,0.03%
01,Alabama,467,Wesleyan Church,12,"1,965",0.06%,0.04%
01,Alabama,FJ5,Westminster Evangelical Presbyterian Church,1,,,
01,Alabama,469,Wisconsin Evangelical Lutheran Synod,4,503,0.02%,0.01%
02,Alaska,003,African Methodist Episcopal Church,1,30,0.01%,0.00%
02,Alaska,005,African Methodist Episcopal Zion Church,2,250,0.10%,0.03%
02,Alaska,019,American Baptist Churches in the USA,13,959,0.37%,0.13%
02,Alaska,416,American Sikh Council,1,,,
02,Alaska,033,Anglican Church in North America,2,,,
02,Alaska,034,"Antiochian Orthodox Christian Archdiocese of North America, The",3,473,0.18%,0.06%
02,Alaska,053,Assemblies of God,90,"12,099",4.69%,1.65%
02,Alaska,056,Baha'i Faith USA,12,690,0.27%,0.09%
02,Alaska,FDT,Bethel Fellowship Mennonite Churches,1,47,0.02%,0.01%
02,Alaska,FHW,Biblical Mennonite Alliance,1,50,0.02%,0.01%
02,Alaska,084,Calvary Chapel Fellowship Churches,2,,,
02,Alaska,081,Catholic Church,89,"40,280",15.61%,5.49%
02,Alaska,FGS,Chabad Judaism,2,,,
02,Alaska,244,Charis Fellowship,5,,,
02,Alaska,089,Christian and Missionary Alliance,12,"2,716",1.05%,0.37%
02,Alaska,353,Christian Brethren (Open Plymouth Brethren),6,,,
02,Alaska,093,Christian Church (Disciples of Christ),1,0,0.00%,0.00%
02,Alaska,097,Christian Churches and Churches of Christ,10,"3,615",1.40%,0.49%
02,Alaska,101,Christian Methodist Episcopal Church,3,599,0.23%,0.08%
02,Alaska,105,Christian Reformed Church in North America,4,177,0.07%,0.02%
02,Alaska,143,"Church of Christ, Mennonite",2,171,0.07%,0.02%
02,Alaska,111,"Church of Christ, Scientist",2,,,
02,Alaska,F53,Church of God,2,,,
02,Alaska,123,"Church of God (Anderson, Indiana)",6,840,0.33%,0.11%
02,Alaska,127,"Church of God (Cleveland, Tennessee)",20,"3,171",1.23%,0.43%
02,Alaska,141,Church of God in Christ,5,"2,030",0.79%,0.28%
02,Alaska,145,Church of God of Prophecy,2,,,
02,Alaska,151,Church of Jesus Christ of Latter-day Saints,81,"33,495",12.98%,4.57%
02,Alaska,164,Church of the Lutheran Confession,3,,,
02,Alaska,165,Church of the Nazarene,28,"4,256",1.65%,0.58%
02,Alaska,167,Churches of Christ,27,"2,371",0.92%,0.32%
02,Alaska,172,Communion of Reformed Evangelical Churches,2,,,
02,Alaska,173,Community of Christ,1,,,
02,Alaska,057,Converge Worldwide / Baptist General Conference,3,,,
02,Alaska,FFW,ECO: A Covenant Order of Presbyterians,6,,,
02,Alaska,193,Episcopal Church,46,"6,072",2.35%,0.83%
02,Alaska,201,Evangelical Covenant Church,21,"1,079",0.42%,0.15%
02,Alaska,328,Evangelical Friends Church International,13,407,0.16%,0.06%
02,Alaska,207,Evangelical Lutheran Church in America,31,"7,906",3.06%,1.08%
02,Alaska,FFE,Evangelical Lutheran Diocese of North America,2,,,
02,Alaska,216,Evangelical Presbyterian Church,1,,,
02,Alaska,FGL,Fellowship of Christian Assemblies,1,,,
02,Alaska,263,"Foursquare Gospel, International Church of the",3,128,0.05%,0.02%
02,Alaska,221,Free Methodist Church--USA,1,54,0.02%,0.01%
02,Alaska,391,Friends General Conference,6,148,0.06%,0.02%
02,Alaska,242,Georgian Orthodox Parishes in the United States,1,70,0.03%,0.01%
02,Alaska,FGM,Grace Communion International,2,,,
02,Alaska,246,Greek Orthodox Archdiocese of America,1,225,0.09%,0.03%
02,Alaska,895,Hindu Temples,1,160,0.06%,0.02%
02,Alaska,896,Hindu Yoga and Meditation,2,309,0.12%,0.04%
02,Alaska,264,International Churches of Christ,2,225,0.09%,0.03%
02,Alaska,256,International Fellowship of Bible Churches,1,,,
02,Alaska,272,Jehovah's Witnesses,31,"6,096",2.36%,0.83%
02,Alaska,FFJ,Laestadian Lutheran Church,1,,,
02,Alaska,283,Lutheran Church--Missouri Synod,13,"2,235",0.87%,0.30%
02,Alaska,255,Lutheran Congregations in Mission for Christ,2,180,0.07%,0.02%
02,Alaska,890,Mahayana Buddhist,4,613,0.24%,0.08%
02,Alaska,288,Mennonite Church USA,1,19,0.01%,0.00%
02,Alaska,292,Moravian Church in America--Alaska Province,24,,,
02,Alaska,267,Muslim Estimate,2,400,0.16%,0.05%
02,Alaska,175,National Association of Congregational Christian Churches,1,131,0.05%,0.02%
02,Alaska,223,National Association of Free Will Baptists,1,31,0.01%,0.00%
02,Alaska,300,"National Baptist Convention, USA, Inc.",1,300,0.12%,0.04%
02,Alaska,302,"National Missionary Baptist Convention, Inc.",9,"2,506",0.97%,0.34%
02,Alaska,500,Non-denominational Christian Churches,194,"73,930",28.65%,10.08%
02,Alaska,FFH,Old Apostolic Lutheran Church of America,1,,,
02,Alaska,FHS,Old Brethren (California),0,2,0.00%,0.00%
02,Alaska,329,Open Bible Churches,1,0,0.00%,0.00%
02,Alaska,331,Orthodox Church in America,85,"10,185",3.95%,1.39%
02,Alaska,335,Orthodox Presbyterian Church,1,,,
02,Alaska,339,Pentecostal Church of God,4,,,
02,Alaska,355,Presbyterian Church (U.S.A.),29,"2,117",0.82%,0.29%
02,Alaska,356,Presbyterian Church in America,3,256,0.10%,0.03%
02,Alaska,271,Reform Judaism,1,464,0.18%,0.06%
02,Alaska,403,Salvation Army,17,852,0.33%,0.12%
02,Alaska,410,Serbian Orthodox Church in North America,1,40,0.02%,0.01%
02,Alaska,413,Seventh-day Adventist Church,32,"4,637",1.80%,0.63%
02,Alaska,419,Southern Baptist Convention,129,"15,849",6.14%,2.16%
02,Alaska,F52,Syro-Russian Orthodox Catholic Church,1,,,
02,Alaska,F54,The local churches,1,,,
02,Alaska,891,Theravada Buddhist,6,"4,569",1.77%,0.62%
02,Alaska,FHF,Unaffiliated Conservative Mennonite,2,81,0.03%,0.01%
02,Alaska,FER,Unification Church,1,,,
02,Alaska,435,Unitarian Universalist Association of Congregations,4,498,0.19%,0.07%
02,Alaska,443,United Church of Christ,3,243,0.09%,0.03%
02,Alaska,FGN,United Church of God,2,,,
02,Alaska,449,United Methodist Church,30,"4,700",1.82%,0.64%
02,Alaska,454,United Pentecostal Church International,24,,,
02,Alaska,124,"Unity Churches, Association of",1,,,
02,Alaska,892,Vajarayana Buddhist,2,100,0.04%,0.01%
02,Alaska,179,Venture Church Network,1,,,
02,Alaska,463,Vineyard USA,1,154,0.06%,0.02%
02,Alaska,FJ3,Weaverland Mennonite Conference,0,3,0.00%,0.00%
02,Alaska,467,Wesleyan Church,3,439,0.17%,0.06%
02,Alaska,469,Wisconsin Evangelical Lutheran Synod,9,"1,288",0.50%,0.18%
04,Arizona,003,African Methodist Episcopal Church,10,"2,340",0.07%,0.03%
04,Arizona,005,African Methodist Episcopal Zion Church,2,300,0.01%,0.00%
04,Arizona,284,American Association of Lutheran Churches,1,,,
04,Arizona,017,American Baptist Association,6,"1,074",0.03%,0.02%
04,Arizona,019,American Baptist Churches in the USA,22,"4,336",0.14%,0.06%
04,Arizona,416,American Sikh Council,6,,,
04,Arizona,FG4,Anglican Church in America,1,,,
04,Arizona,033,Anglican Church in North America,12,,,
04,Arizona,FG3,Anglican Province of America,1,,,
04,Arizona,FG2,Anglican Province of Christ the King,4,,,
04,Arizona,034,"Antiochian Orthodox Christian Archdiocese of North America, The",4,"1,572",0.05%,0.02%
04,Arizona,FF7,Apostolic Christian Church (Nazarene) - East Conference,1,100,0.00%,0.00%
04,Arizona,040,Apostolic Christian Church of America,3,314,0.01%,0.00%
04,Arizona,FEX,Apostolic Christian Faith,1,23,0.00%,0.00%
04,Arizona,042,"Apostolic Faith Mission of Portland, OR",1,,,
04,Arizona,045,Apostolic Lutheran Church of America,1,,,
04,Arizona,050,Armenian Church of North America (Catholicosate of Etchmiadzin),1,"2,500",0.08%,0.03%
04,Arizona,053,Assemblies of God,282,"70,364",2.23%,0.98%
04,Arizona,220,Association of Free Lutheran Congregations,5,278,0.01%,0.00%
04,Arizona,058,Association of Messianic Congregations,1,,,
04,Arizona,047,Association of Reformed Baptist Churches of America,1,,,
04,Arizona,056,Baha'i Faith USA,30,"8,234",0.26%,0.12%
04,Arizona,059,Baptist Missionary Association of America,2,,,
04,Arizona,217,Bible Holiness Church,2,,,
04,Arizona,071,"Brethren Church, The (Ashland, Ohio)",3,,,
04,Arizona,078,"Bulgarian Eastern Orthodox Diocese of the USA, Canada and Australia",1,80,0.00%,0.00%
04,Arizona,084,Calvary Chapel Fellowship Churches,16,,,
04,Arizona,081,Catholic Church,268,"1,522,410",48.31%,21.29%
04,Arizona,FGS,Chabad Judaism,23,,,
04,Arizona,244,Charis Fellowship,1,,,
04,Arizona,087,Christadelphian,2,,,
04,Arizona,089,Christian and Missionary Alliance,23,"2,239",0.07%,0.03%
04,Arizona,353,Christian Brethren (Open Plymouth Brethren),7,,,
04,Arizona,093,Christian Church (Disciples of Christ),27,"3,063",0.10%,0.04%
04,Arizona,097,Christian Churches and Churches of Christ,54,"35,275",1.12%,0.49%
04,Arizona,101,Christian Methodist Episcopal Church,5,676,0.02%,0.01%
04,Arizona,105,Christian Reformed Church in North America,13,557,0.02%,0.01%
04,Arizona,F13,Church of Christ,1,,,
04,Arizona,143,"Church of Christ, Mennonite",6,410,0.01%,0.01%
04,Arizona,111,"Church of Christ, Scientist",7,,,
04,Arizona,F53,Church of God,1,,,
04,Arizona,123,"Church of God (Anderson, Indiana)",21,"9,736",0.31%,0.14%
04,Arizona,127,"Church of God (Cleveland, Tennessee)",79,"3,882",0.12%,0.05%
04,Arizona,133,Church of God (Seventh Day),3,,,
04,Arizona,121,Church of God General Conference,1,38,0.00%,0.00%
04,Arizona,141,Church of God in Christ,30,"5,850",0.19%,0.08%
04,Arizona,145,Church of God of Prophecy,28,,,
04,Arizona,120,"Church of God of the Apostolic Faith, Inc.",2,,,
04,Arizona,151,Church of Jesus Christ of Latter-day Saints,932,"436,521",13.85%,6.10%
04,Arizona,149,"Church of Jesus Christ, The (Bickertonites)",3,,,
04,Arizona,157,Church of the Brethren,2,182,0.01%,0.00%
04,Arizona,FFK,Church of the Genuine Orthodox Christians,1,40,0.00%,0.00%
04,Arizona,A47,Church of the Living God (Christian Workers for Fellowship),1,,,
04,Arizona,D59,Church of the Living God: Pillar and Ground of the Truth,1,,,
04,Arizona,163,Church of the Lutheran Brethren of America,3,,,
04,Arizona,164,Church of the Lutheran Confession,1,,,
04,Arizona,165,Church of the Nazarene,113,"18,258",0.58%,0.26%
04,Arizona,438,Church of the United Brethren in Christ USA,1,125,0.00%,0.00%
04,Arizona,167,Churches of Christ,126,"11,920",0.38%,0.17%
04,Arizona,168,Churches of Christ in Christian Union,3,,,
04,Arizona,171,"Churches of God, General Conference",1,107,0.00%,0.00%
04,Arizona,173,Community of Christ,8,,,
04,Arizona,181,Conservative Congregational Christian Conference,1,104,0.00%,0.00%
04,Arizona,270,Conservative Judaism,4,"3,399",0.11%,0.05%
04,Arizona,183,Conservative Mennonite Conference,3,101,0.00%,0.00%
04,Arizona,057,Converge Worldwide / Baptist General Conference,26,,,
04,Arizona,186,Coptic Orthodox Church,6,"1,368",0.04%,0.02%
04,Arizona,185,Cumberland Presbyterian,1,24,0.00%,0.00%
04,Arizona,FFW,ECO: A Covenant Order of Presbyterians,11,,,
04,Arizona,FFP,Ecumenical Catholic Communion,3,221,0.01%,0.00%
04,Arizona,190,Elim Fellowship,2,,,
04,Arizona,193,Episcopal Church,64,"20,292",0.64%,0.28%
04,Arizona,202,Eritrean Orthodox,2,750,0.02%,0.01%
04,Arizona,204,Ethiopian Orthodox,3,"1,600",0.05%,0.02%
04,Arizona,201,Evangelical Covenant Church,9,"1,027",0.03%,0.01%
04,Arizona,203,Evangelical Free Church of America,32,,,
04,Arizona,328,Evangelical Friends Church International,9,420,0.01%,0.01%
04,Arizona,207,Evangelical Lutheran Church in America,77,"30,347",0.96%,0.42%
04,Arizona,FFE,Evangelical Lutheran Diocese of North America,1,,,
04,Arizona,209,Evangelical Lutheran Synod,3,210,0.01%,0.00%
04,Arizona,215,Evangelical Methodist Church,5,,,
04,Arizona,216,Evangelical Presbyterian Church,4,,,
04,Arizona,FGP,Every Nation,2,,,
04,Arizona,FGL,Fellowship of Christian Assemblies,1,,,
04,Arizona,263,"Foursquare Gospel, International Church of the",31,"4,350",0.14%,0.06%
04,Arizona,221,Free Methodist Church--USA,8,724,0.02%,0.01%
04,Arizona,222,Free Presbyterian Church of North America,1,,,
04,Arizona,391,Friends General Conference,4,272,0.01%,0.00%
04,Arizona,232,Full Gospel Baptist Church Fellowship,23,"4,032",0.13%,0.06%
04,Arizona,FFR,Full Gospel Christian Assemblies International,12,"4,130",0.13%,0.06%
04,Arizona,388,General Association of Regular Baptist Churches,12,,,
04,Arizona,233,General Church of the New Jerusalem,2,,,
04,Arizona,FGM,Grace Communion International,1,,,
04,Arizona,243,Grace Gospel Fellowship,2,,,
04,Arizona,246,Greek Orthodox Archdiocese of America,9,"5,704",0.18%,0.08%
04,Arizona,895,Hindu Temples,8,"20,462",0.65%,0.29%
04,Arizona,896,Hindu Yoga and Meditation,33,"7,878",0.25%,0.11%
04,Arizona,FGR,Independent Judaism,3,0,0.00%,0.00%
04,Arizona,264,International Churches of Christ,3,898,0.03%,0.01%
04,Arizona,262,International Council of Community Churches,1,,,
04,Arizona,265,International Pentecostal Church of Christ,1,,,
04,Arizona,268,Jain,1,,,
04,Arizona,272,Jehovah's Witnesses,306,"86,138",2.73%,1.20%
04,Arizona,FFJ,Laestadian Lutheran Church,4,,,
04,Arizona,283,Lutheran Church--Missouri Synod,72,"21,998",0.70%,0.31%
04,Arizona,255,Lutheran Congregations in Mission for Christ,22,"8,008",0.25%,0.11%
04,Arizona,330,Macedonian Orthodox Church: American Diocese,1,275,0.01%,0.00%
04,Arizona,890,Mahayana Buddhist,14,"6,196",0.20%,0.09%
04,Arizona,334,Malankara Archdiocese of the Syrian Orthodox Church in North America,1,90,0.00%,0.00%
04,Arizona,F28,Malankara Mar Thoma Church,1,34,0.00%,0.00%
04,Arizona,333,Malankara Orthodox Syrian Church,1,95,0.00%,0.00%
04,Arizona,288,Mennonite Church USA,6,782,0.02%,0.01%
04,Arizona,290,Metropolitan Community Churches,1,55,0.00%,0.00%
04,Arizona,FD1,Midwest Mennonite Fellowship,1,59,0.00%,0.00%
04,Arizona,267,Muslim Estimate,35,"109,765",3.48%,1.53%
04,Arizona,175,National Association of Congregational Christian Churches,2,354,0.01%,0.00%
04,Arizona,223,National Association of Free Will Baptists,11,254,0.01%,0.00%
04,Arizona,301,"National Baptist Convention of America, Inc.",2,810,0.03%,0.01%
04,Arizona,300,"National Baptist Convention, USA, Inc.",9,"3,080",0.10%,0.04%
04,Arizona,302,"National Missionary Baptist Convention, Inc.",33,"8,102",0.26%,0.11%
04,Arizona,303,National Spiritualist Association of Churches,2,,,
04,Arizona,F31,Nationwide Fellowship Mennonite Churches,1,42,0.00%,0.00%
04,Arizona,309,New Apostolic Church USA,2,,,
04,Arizona,308,New Testament Association of Independent Baptist Church,3,,,
04,Arizona,500,Non-denominational Christian Churches,879,"402,842",12.78%,5.63%
04,Arizona,314,North American Lutheran Church,2,,,
04,Arizona,329,Open Bible Churches,2,784,0.02%,0.01%
04,Arizona,331,Orthodox Church in America,4,872,0.03%,0.01%
04,Arizona,276,Orthodox Judaism,10,"2,650",0.08%,0.04%
04,Arizona,FFN,Orthodox Old Roman Catholic Communion,1,,,
04,Arizona,335,Orthodox Presbyterian Church,7,,,
04,Arizona,339,Pentecostal Church of God,42,,,
04,Arizona,355,Presbyterian Church (U.S.A.),79,"14,357",0.46%,0.20%
04,Arizona,356,Presbyterian Church in America,18,"1,790",0.06%,0.03%
04,Arizona,361,Primitive Baptists Associations,2,136,0.00%,0.00%
04,Arizona,364,"Progressive National Baptist Convention, Inc.",1,300,0.01%,0.00%
04,Arizona,271,Reform Judaism,15,"11,166",0.35%,0.16%
04,Arizona,F41,Reformed Baptist Network,2,,,
04,Arizona,371,Reformed Church in America,7,"1,324",0.04%,0.02%
04,Arizona,375,Reformed Episcopal Church,1,,,
04,Arizona,383,Reformed Presbyterian Church of North America,1,47,0.00%,0.00%
04,Arizona,401,Russian Orthodox Church Outside of Russia,1,50,0.00%,0.00%
04,Arizona,403,Salvation Army,23,"3,050",0.10%,0.04%
04,Arizona,410,Serbian Orthodox Church in North America,3,"5,300",0.17%,0.07%
04,Arizona,415,"Seventh Day Baptist General Conference, USA and Canada",1,5,0.00%,0.00%
04,Arizona,413,Seventh-day Adventist Church,91,"23,360",0.74%,0.33%
04,Arizona,419,Southern Baptist Convention,452,"98,610",3.13%,1.38%
04,Arizona,F51,Sovereign Grace Churches,3,,,
04,Arizona,423,Syriac Orthodox Church of Antioch,1,190,0.01%,0.00%
04,Arizona,F54,The local churches,2,,,
04,Arizona,891,Theravada Buddhist,8,"4,287",0.14%,0.06%
04,Arizona,432,Unaffiliated Amish-Mennonite (Conservative),1,12,0.00%,0.00%
04,Arizona,FD6,Unaffiliated Conservative Mennonite (Grandview fellowship),1,34,0.00%,0.00%
04,Arizona,FER,Unification Church,1,,,
04,Arizona,435,Unitarian Universalist Association of Congregations,13,"2,588",0.08%,0.04%
04,Arizona,443,United Church of Christ,34,"5,197",0.16%,0.07%
04,Arizona,FGN,United Church of God,6,,,
04,Arizona,FG5,United Episcopal Church of North America,2,,,
04,Arizona,445,"United Holy Church of America, Inc.",2,56,0.00%,0.00%
04,Arizona,449,United Methodist Church,111,"37,096",1.18%,0.52%
04,Arizona,454,United Pentecostal Church International,44,,,
04,Arizona,455,United Reformed Churches in North America,1,346,0.01%,0.00%
04,Arizona,124,"Unity Churches, Association of",27,,,
04,Arizona,237,US Conference of Mennonite Brethren Churches,2,"1,342",0.04%,0.02%
04,Arizona,892,Vajarayana Buddhist,11,"7,465",0.24%,0.10%
04,Arizona,462,Vedanta Society,2,,,
04,Arizona,179,Venture Church Network,65,,,
04,Arizona,463,Vineyard USA,15,"12,514",0.40%,0.17%
04,Arizona,467,Wesleyan Church,25,"2,550",0.08%,0.04%
04,Arizona,469,Wisconsin Evangelical Lutheran Synod,49,"13,787",0.44%,0.19%
04,Arizona,490,Zoroastrian,2,,,
05,Arkansas,326,(Original) Church of God,5,,,
05,Arkansas,003,African Methodist Episcopal Church,142,"20,900",1.20%,0.69%
05,Arkansas,005,African Methodist Episcopal Zion Church,14,"1,938",0.11%,0.06%
05,Arkansas,017,American Baptist Association,272,"52,398",3.01%,1.74%
05,Arkansas,019,American Baptist Churches in the USA,1,78,0.00%,0.00%
05,Arkansas,416,American Sikh Council,2,,,
05,Arkansas,031,"Amish Groups, undifferentiated",6,562,0.03%,0.02%
05,Arkansas,033,Anglican Church in North America,6,,,
05,Arkansas,034,"Antiochian Orthodox Christian Archdiocese of North America, The",2,425,0.02%,0.01%
05,Arkansas,042,"Apostolic Faith Mission of Portland, OR",1,,,
05,Arkansas,053,Assemblies of God,410,"69,916",4.02%,2.32%
05,Arkansas,055,Associate Reformed Presbyterian Church,4,,,
05,Arkansas,056,Baha'i Faith USA,6,"1,321",0.08%,0.04%
05,Arkansas,059,Baptist Missionary Association of America,326,,,
05,Arkansas,061,Beachy Amish-Mennonite Churches,4,333,0.02%,0.01%
05,Arkansas,062,Berea Amish-Mennonite,1,72,0.00%,0.00%
05,Arkansas,FDT,Bethel Fellowship Mennonite Churches,1,109,0.01%,0.00%
05,Arkansas,217,Bible Holiness Church,1,,,
05,Arkansas,FHW,Biblical Mennonite Alliance,1,25,0.00%,0.00%
05,Arkansas,084,Calvary Chapel Fellowship Churches,2,,,
05,Arkansas,081,Catholic Church,129,"153,358",8.82%,5.09%
05,Arkansas,FGS,Chabad Judaism,2,,,
05,Arkansas,087,Christadelphian,12,,,
05,Arkansas,089,Christian and Missionary Alliance,5,383,0.02%,0.01%
05,Arkansas,353,Christian Brethren (Open Plymouth Brethren),3,,,
05,Arkansas,093,Christian Church (Disciples of Christ),43,"3,309",0.19%,0.11%
05,Arkansas,097,Christian Churches and Churches of Christ,48,"9,196",0.53%,0.31%
05,Arkansas,101,Christian Methodist Episcopal Church,77,"8,499",0.49%,0.28%
05,Arkansas,110,"Church of Christ (Holiness), U.S.A.",7,,,
05,Arkansas,143,"Church of Christ, Mennonite",5,783,0.05%,0.03%
05,Arkansas,F53,Church of God,13,,,
05,Arkansas,123,"Church of God (Anderson, Indiana)",26,"3,660",0.21%,0.12%
05,Arkansas,127,"Church of God (Cleveland, Tennessee)",79,"9,410",0.54%,0.31%
05,Arkansas,133,Church of God (Seventh Day),4,,,
05,Arkansas,121,Church of God General Conference,5,187,0.01%,0.01%
05,Arkansas,141,Church of God in Christ,98,"16,790",0.97%,0.56%
05,Arkansas,145,Church of God of Prophecy,20,,,
05,Arkansas,120,"Church of God of the Apostolic Faith, Inc.",11,,,
05,Arkansas,151,Church of Jesus Christ of Latter-day Saints,71,"32,307",1.86%,1.07%
05,Arkansas,155,"Church of Our Lord Jesus Christ of the Apostolic Faith, Inc.",1,180,0.01%,0.01%
05,Arkansas,157,Church of the Brethren,1,20,0.00%,0.00%
05,Arkansas,FFK,Church of the Genuine Orthodox Christians,1,50,0.00%,0.00%
05,Arkansas,A47,Church of the Living God (Christian Workers for Fellowship),9,,,
05,Arkansas,165,Church of the Nazarene,114,"16,301",0.94%,0.54%
05,Arkansas,167,Churches of Christ,693,"79,894",4.59%,2.65%
05,Arkansas,171,"Churches of God, General Conference",2,12,0.00%,0.00%
05,Arkansas,172,Communion of Reformed Evangelical Churches,2,,,
05,Arkansas,173,Community of Christ,13,,,
05,Arkansas,180,Congregational Methodist Church,1,,,
05,Arkansas,270,Conservative Judaism,1,213,0.01%,0.01%
05,Arkansas,183,Conservative Mennonite Conference,2,39,0.00%,0.00%
05,Arkansas,186,Coptic Orthodox Church,2,57,0.00%,0.00%
05,Arkansas,185,Cumberland Presbyterian,52,"3,197",0.18%,0.11%
05,Arkansas,FFW,ECO: A Covenant Order of Presbyterians,1,,,
05,Arkansas,FFP,Ecumenical Catholic Communion,1,65,0.00%,0.00%
05,Arkansas,193,Episcopal Church,55,"13,202",0.76%,0.44%
05,Arkansas,203,Evangelical Free Church of America,4,,,
05,Arkansas,207,Evangelical Lutheran Church in America,19,"2,563",0.15%,0.09%
05,Arkansas,FFE,Evangelical Lutheran Diocese of North America,3,,,
05,Arkansas,216,Evangelical Presbyterian Church,7,,,
05,Arkansas,263,"Foursquare Gospel, International Church of the",11,"1,466",0.08%,0.05%
05,Arkansas,391,Friends General Conference,2,107,0.01%,0.00%
05,Arkansas,232,Full Gospel Baptist Church Fellowship,14,"2,118",0.12%,0.07%
05,Arkansas,FFR,Full Gospel Christian Assemblies International,16,"3,240",0.19%,0.11%
05,Arkansas,231,General Association of General Baptists,4,868,0.05%,0.03%
05,Arkansas,388,General Association of Regular Baptist Churches,4,,,
05,Arkansas,FGM,Grace Communion International,2,,,
05,Arkansas,243,Grace Gospel Fellowship,1,,,
05,Arkansas,246,Greek Orthodox Archdiocese of America,1,500,0.03%,0.02%
05,Arkansas,248,Heritage Reformed Congregations,1,35,0.00%,0.00%
05,Arkansas,895,Hindu Temples,1,200,0.01%,0.01%
05,Arkansas,896,Hindu Yoga and Meditation,8,"1,010",0.06%,0.03%
05,Arkansas,247,"Holiness Church Of God, Inc., The",1,,,
05,Arkansas,FG9,Holy Catholic Church Anglican Rite,1,,,
05,Arkansas,338,Independent Yearly Meetings of Friends,1,37,0.00%,0.00%
05,Arkansas,264,International Churches of Christ,2,138,0.01%,0.00%
05,Arkansas,272,Jehovah's Witnesses,134,"26,964",1.55%,0.90%
05,Arkansas,283,Lutheran Church--Missouri Synod,61,"10,356",0.60%,0.34%
05,Arkansas,255,Lutheran Congregations in Mission for Christ,1,70,0.00%,0.00%
05,Arkansas,890,Mahayana Buddhist,4,,,
05,Arkansas,288,Mennonite Church USA,1,25,0.00%,0.00%
05,Arkansas,267,Muslim Estimate,12,"6,765",0.39%,0.22%
05,Arkansas,223,National Association of Free Will Baptists,158,"16,530",0.95%,0.55%
05,Arkansas,301,"National Baptist Convention of America, Inc.",8,"1,908",0.11%,0.06%
05,Arkansas,300,"National Baptist Convention, USA, Inc.",65,"27,815",1.60%,0.92%
05,Arkansas,302,"National Missionary Baptist Convention, Inc.",445,"109,090",6.27%,3.62%
05,Arkansas,309,New Apostolic Church USA,3,,,
05,Arkansas,308,New Testament Association of Independent Baptist Church,1,,,
05,Arkansas,500,Non-denominational Christian Churches,861,"248,994",14.31%,8.27%
05,Arkansas,314,North American Lutheran Church,2,,,
05,Arkansas,FHS,Old Brethren (California),1,89,0.01%,0.00%
05,Arkansas,329,Open Bible Churches,2,570,0.03%,0.02%
05,Arkansas,FGA,Orthodox Anglican Church,1,,,
05,Arkansas,331,Orthodox Church in America,2,177,0.01%,0.01%
05,Arkansas,276,Orthodox Judaism,1,60,0.00%,0.00%
05,Arkansas,D71,Pentecostal Assemblies of the World,1,600,0.03%,0.02%
05,Arkansas,339,Pentecostal Church of God,120,,,
05,Arkansas,355,Presbyterian Church (U.S.A.),90,"12,805",0.74%,0.43%
05,Arkansas,356,Presbyterian Church in America,14,"1,391",0.08%,0.05%
05,Arkansas,361,Primitive Baptists Associations,8,681,0.04%,0.02%
05,Arkansas,363,Primitive Methodist Church in the USA,1,,,
05,Arkansas,364,"Progressive National Baptist Convention, Inc.",3,702,0.04%,0.02%
05,Arkansas,271,Reform Judaism,2,813,0.05%,0.03%
05,Arkansas,373,Reformed Church in the United States,1,31,0.00%,0.00%
05,Arkansas,375,Reformed Episcopal Church,3,,,
05,Arkansas,401,Russian Orthodox Church Outside of Russia,3,105,0.01%,0.00%
05,Arkansas,403,Salvation Army,14,"1,311",0.08%,0.04%
05,Arkansas,410,Serbian Orthodox Church in North America,2,81,0.00%,0.00%
05,Arkansas,415,"Seventh Day Baptist General Conference, USA and Canada",3,86,0.00%,0.00%
05,Arkansas,413,Seventh-day Adventist Church,80,"12,055",0.69%,0.40%
05,Arkansas,419,Southern Baptist Convention,"1,551","607,751",34.94%,20.18%
05,Arkansas,421,Southern Methodist Church,1,,,
05,Arkansas,F51,Sovereign Grace Churches,1,,,
05,Arkansas,424,Tampico Amish-Mennonite,6,"1,034",0.06%,0.03%
05,Arkansas,F54,The local churches,4,,,
05,Arkansas,891,Theravada Buddhist,7,"2,778",0.16%,0.09%
05,Arkansas,431,Ukrainian Orthodox Church of the USA,1,18,0.00%,0.00%
05,Arkansas,432,Unaffiliated Amish-Mennonite (Conservative),1,51,0.00%,0.00%
05,Arkansas,FHF,Unaffiliated Conservative Mennonite,2,37,0.00%,0.00%
05,Arkansas,435,Unitarian Universalist Association of Congregations,8,600,0.03%,0.02%
05,Arkansas,443,United Church of Christ,3,208,0.01%,0.01%
05,Arkansas,FGN,United Church of God,3,,,
05,Arkansas,FG5,United Episcopal Church of North America,1,,,
05,Arkansas,F58,United House of Prayer,1,100,0.01%,0.00%
05,Arkansas,449,United Methodist Church,626,"134,454",7.73%,4.46%
05,Arkansas,454,United Pentecostal Church International,164,,,
05,Arkansas,124,"Unity Churches, Association of",6,,,
05,Arkansas,237,US Conference of Mennonite Brethren Churches,1,29,0.00%,0.00%
05,Arkansas,892,Vajarayana Buddhist,1,100,0.01%,0.00%
05,Arkansas,463,Vineyard USA,1,112,0.01%,0.00%
05,Arkansas,467,Wesleyan Church,6,155,0.01%,0.01%
05,Arkansas,469,Wisconsin Evangelical Lutheran Synod,6,603,0.03%,0.02%
06,California,001,Advent Christian Church,8,470,0.00%,0.00%
06,California,003,African Methodist Episcopal Church,87,"58,034",0.33%,0.15%
06,California,005,African Methodist Episcopal Zion Church,33,"6,154",0.03%,0.02%
06,California,012,Alliance of Baptists,3,,,
06,California,284,American Association of Lutheran Churches,4,,,
06,California,017,American Baptist Association,46,"7,766",0.04%,0.02%
06,California,019,American Baptist Churches in the USA,355,"68,317",0.39%,0.17%
06,California,904,American Ethical Union,2,,,
06,California,416,American Sikh Council,73,,,
06,California,F01,Anglican Catholic Church,3,,,
06,California,FG4,Anglican Church in America,3,,,
06,California,033,Anglican Church in North America,78,,,
06,California,FG2,Anglican Province of Christ the King,15,,,
06,California,034,"Antiochian Orthodox Christian Archdiocese of North America, The",27,"10,722",0.06%,0.03%
06,California,FF7,Apostolic Christian Church (Nazarene) - East Conference,5,410,0.00%,0.00%
06,California,FF8,Apostolic Christian Church (Nazarene) - West Conference,2,39,0.00%,0.00%
06,California,040,Apostolic Christian Church of America,2,95,0.00%,0.00%
06,California,FEX,Apostolic Christian Faith,1,9,0.00%,0.00%
06,California,042,"Apostolic Faith Mission of Portland, OR",5,,,
06,California,045,Apostolic Lutheran Church of America,1,,,
06,California,049,Armenian Apostolic Church of America (Catholicosate of Cilicia),11,"23,005",0.13%,0.06%
06,California,050,Armenian Church of North America (Catholicosate of Etchmiadzin),27,"50,250",0.28%,0.13%
06,California,051,Armenian Evangelical Churches (Additional),13,,,
06,California,053,Assemblies of God,"1,378","378,673",2.14%,0.96%
06,California,055,Associate Reformed Presbyterian Church,4,,,
06,California,220,Association of Free Lutheran Congregations,7,654,0.00%,0.00%
06,California,058,Association of Messianic Congregations,1,,,
06,California,047,Association of Reformed Baptist Churches of America,1,,,
06,California,056,Baha'i Faith USA,201,"31,709",0.18%,0.08%
06,California,059,Baptist Missionary Association of America,10,,,
06,California,063,Berean Fellowship of Churches,3,,,
06,California,217,Bible Holiness Church,4,,,
06,California,069,Bible Presbyterian Church (General Synod),1,,,
06,California,E54,"Bible Way Church of Our Lord Jesus Christ World Wide, Inc.",2,760,0.00%,0.00%
06,California,FHW,Biblical Mennonite Alliance,2,44,0.00%,0.00%
06,California,071,"Brethren Church, The (Ashland, Ohio)",5,,,
06,California,075,Brethren In Christ Church,16,,,
06,California,078,"Bulgarian Eastern Orthodox Diocese of the USA, Canada and Australia",2,235,0.00%,0.00%
06,California,084,Calvary Chapel Fellowship Churches,74,,,
06,California,081,Catholic Church,"1,290","10,361,743",58.45%,26.21%
06,California,FGS,Chabad Judaism,235,,,
06,California,244,Charis Fellowship,24,,,
06,California,087,Christadelphian,16,,,
06,California,089,Christian and Missionary Alliance,206,"60,565",0.34%,0.15%
06,California,353,Christian Brethren (Open Plymouth Brethren),59,,,
06,California,093,Christian Church (Disciples of Christ),159,"14,693",0.08%,0.04%
06,California,097,Christian Churches and Churches of Christ,175,"80,997",0.46%,0.20%
06,California,F10,Christian Congregation in North America,5,,,
06,California,101,Christian Methodist Episcopal Church,58,"13,626",0.08%,0.03%
06,California,105,Christian Reformed Church in North America,131,"17,485",0.10%,0.04%
06,California,110,"Church of Christ (Holiness), U.S.A.",17,,,
06,California,143,"Church of Christ, Mennonite",8,"1,275",0.01%,0.00%
06,California,111,"Church of Christ, Scientist",68,,,
06,California,F53,Church of God,15,,,
06,California,123,"Church of God (Anderson, Indiana)",109,"36,136",0.20%,0.09%
06,California,127,"Church of God (Cleveland, Tennessee)",247,"22,318",0.13%,0.06%
06,California,133,Church of God (Seventh Day),35,,,
06,California,121,Church of God General Conference,1,38,0.00%,0.00%
06,California,141,Church of God in Christ,360,"160,998",0.91%,0.41%
06,California,145,Church of God of Prophecy,103,,,
06,California,120,"Church of God of the Apostolic Faith, Inc.",1,,,
06,California,151,Church of Jesus Christ of Latter-day Saints,"1,244","756,507",4.27%,1.91%
06,California,149,"Church of Jesus Christ, The (Bickertonites)",8,,,
06,California,155,"Church of Our Lord Jesus Christ of the Apostolic Faith, Inc.",11,"2,010",0.01%,0.01%
06,California,157,Church of the Brethren,23,"2,159",0.01%,0.01%
06,California,FFK,Church of the Genuine Orthodox Christians,8,388,0.00%,0.00%
06,California,A47,Church of the Living God (Christian Workers for Fellowship),11,,,
06,California,D59,Church of the Living God: Pillar and Ground of the Truth,1,,,
06,California,163,Church of the Lutheran Brethren of America,2,,,
06,California,164,Church of the Lutheran Confession,4,,,
06,California,165,Church of the Nazarene,498,"93,234",0.53%,0.24%
06,California,438,Church of the United Brethren in Christ USA,1,25,0.00%,0.00%
06,California,167,Churches of Christ,568,"62,465",0.35%,0.16%
06,California,171,"Churches of God, General Conference",6,604,0.00%,0.00%
06,California,172,Communion of Reformed Evangelical Churches,4,,,
06,California,173,Community of Christ,30,,,
06,California,181,Conservative Congregational Christian Conference,11,"5,728",0.03%,0.01%
06,California,270,Conservative Judaism,56,"37,544",0.21%,0.09%
06,California,057,Converge Worldwide / Baptist General Conference,141,,,
06,California,186,Coptic Orthodox Church,52,"47,364",0.27%,0.12%
06,California,FF6,Covenant Presbyterian Church,2,,,
06,California,185,Cumberland Presbyterian,4,785,0.00%,0.00%
06,California,FFT,Dunkard Brethren Church,2,40,0.00%,0.00%
06,California,FFW,ECO: A Covenant Order of Presbyterians,68,,,
06,California,FFP,Ecumenical Catholic Communion,9,"1,140",0.01%,0.00%
06,California,190,Elim Fellowship,1,,,
06,California,193,Episcopal Church,371,"99,574",0.56%,0.25%
06,California,202,Eritrean Orthodox,8,"7,336",0.04%,0.02%
06,California,204,Ethiopian Orthodox,25,"11,875",0.07%,0.03%
06,California,198,"Evangelical Association of Reformed, and Congregational Christian Churches",2,,,
06,California,201,Evangelical Covenant Church,146,"35,924",0.20%,0.09%
06,California,203,Evangelical Free Church of America,220,,,
06,California,328,Evangelical Friends Church International,35,"4,910",0.03%,0.01%
06,California,207,Evangelical Lutheran Church in America,382,"75,506",0.43%,0.19%
06,California,209,Evangelical Lutheran Synod,5,143,0.00%,0.00%
06,California,215,Evangelical Methodist Church,5,,,
06,California,216,Evangelical Presbyterian Church,33,,,
06,California,FGP,Every Nation,8,,,
06,California,FGL,Fellowship of Christian Assemblies,7,,,
06,California,067,Fellowship of Fundamentalist Bible Churches,1,,,
06,California,263,"Foursquare Gospel, International Church of the",484,"149,758",0.84%,0.38%
06,California,221,Free Methodist Church--USA,83,"13,487",0.08%,0.03%
06,California,391,Friends General Conference,40,"2,168",0.01%,0.01%
06,California,225,Friends United Meeting,2,446,0.00%,0.00%
06,California,232,Full Gospel Baptist Church Fellowship,105,"20,128",0.11%,0.05%
06,California,FFR,Full Gospel Christian Assemblies International,28,"8,540",0.05%,0.02%
06,California,231,General Association of General Baptists,2,310,0.00%,0.00%
06,California,388,General Association of Regular Baptist Churches,87,,,
06,California,233,General Church of the New Jerusalem,4,,,
06,California,242,Georgian Orthodox Parishes in the United States,2,120,0.00%,0.00%
06,California,FGM,Grace Communion International,19,,,
06,California,243,Grace Gospel Fellowship,5,,,
06,California,246,Greek Orthodox Archdiocese of America,50,"43,003",0.24%,0.11%
06,California,895,Hindu Temples,50,"117,328",0.66%,0.30%
06,California,896,Hindu Yoga and Meditation,279,"121,374",0.68%,0.31%
06,California,247,"Holiness Church Of God, Inc., The",1,,,
06,California,251,Holy Orthodox Church in North America,1,100,0.00%,0.00%
06,California,FGR,Independent Judaism,16,"1,675",0.01%,0.00%
06,California,264,International Churches of Christ,10,"12,979",0.07%,0.03%
06,California,FE9,International Communion of the Charismatic Episcopal Church,4,,,
06,California,262,International Council of Community Churches,4,,,
06,California,268,Jain,4,,,
06,California,272,Jehovah's Witnesses,"1,949","498,028",2.81%,1.26%
06,California,FFL,Knanaya Churches in the USA,1,70,0.00%,0.00%
06,California,FFJ,Laestadian Lutheran Church,1,,,
06,California,D66,Liberal Catholic Church,2,,,
06,California,283,Lutheran Church--Missouri Synod,378,"72,212",0.41%,0.18%
06,California,255,Lutheran Congregations in Mission for Christ,47,"15,248",0.09%,0.04%
06,California,330,Macedonian Orthodox Church: American Diocese,1,150,0.00%,0.00%
06,California,890,Mahayana Buddhist,269,"175,612",0.99%,0.44%
06,California,334,Malankara Archdiocese of the Syrian Orthodox Church in North America,5,666,0.00%,0.00%
06,California,F28,Malankara Mar Thoma Church,4,382,0.00%,0.00%
06,California,333,Malankara Orthodox Syrian Church,6,"1,216",0.01%,0.00%
06,California,282,Mennonite Christian Fellowship,2,124,0.00%,0.00%
06,California,288,Mennonite Church USA,25,"2,187",0.01%,0.01%
06,California,290,Metropolitan Community Churches,14,"1,045",0.01%,0.00%
06,California,291,Missionary Church,47,"5,960",0.03%,0.02%
06,California,293,Moravian Church in America--Northern Province,1,127,0.00%,0.00%
06,California,267,Muslim Estimate,308,"504,056",2.84%,1.27%
06,California,175,National Association of Congregational Christian Churches,21,"2,654",0.01%,0.01%
06,California,223,National Association of Free Will Baptists,51,953,0.01%,0.00%
06,California,301,"National Baptist Convention of America, Inc.",28,"14,232",0.08%,0.04%
06,California,300,"National Baptist Convention, USA, Inc.",116,"61,023",0.34%,0.15%
06,California,302,"National Missionary Baptist Convention, Inc.",421,"145,918",0.82%,0.37%
06,California,303,National Spiritualist Association of Churches,7,,,
06,California,F31,Nationwide Fellowship Mennonite Churches,2,194,0.00%,0.00%
06,California,FHP,Nazarene Christian Congregation (Side A or B),3,26,0.00%,0.00%
06,California,307,Netherlands Reformed Congregations,1,,,
06,California,309,New Apostolic Church USA,15,,,
06,California,308,New Testament Association of Independent Baptist Church,4,,,
06,California,500,Non-denominational Christian Churches,"2,230","1,644,918",9.28%,4.16%
06,California,313,North American Baptist Conference,55,,,
06,California,314,North American Lutheran Church,14,,,
06,California,FHS,Old Brethren (California),2,112,0.00%,0.00%
06,California,FF2,Old German Baptist Brethren,2,199,0.00%,0.00%
06,California,F35,"Old German Baptist Brethren, New Conference",2,446,0.00%,0.00%
06,California,329,Open Bible Churches,29,"2,448",0.01%,0.01%
06,California,FGA,Orthodox Anglican Church,1,,,
06,California,331,Orthodox Church in America,38,"5,143",0.03%,0.01%
06,California,276,Orthodox Judaism,60,"54,145",0.31%,0.14%
06,California,335,Orthodox Presbyterian Church,39,,,
06,California,400,Patriarchal Parishes of the Russian Orthodox Church in the USA,2,550,0.00%,0.00%
06,California,D71,Pentecostal Assemblies of the World,7,"1,278",0.01%,0.00%
06,California,339,Pentecostal Church of God,212,,,
06,California,350,Pillar Ministries,2,,,
06,California,352,Polish National Catholic Church,1,,,
06,California,355,Presbyterian Church (U.S.A.),435,"82,429",0.47%,0.21%
06,California,356,Presbyterian Church in America,105,"17,883",0.10%,0.05%
06,California,361,Primitive Baptists Associations,9,920,0.01%,0.00%
06,California,364,"Progressive National Baptist Convention, Inc.",12,"5,996",0.03%,0.02%
06,California,369,Protestant Reformed Churches in America,1,298,0.00%,0.00%
06,California,275,Reconstructionist Judaism,8,"5,609",0.03%,0.01%
06,California,271,Reform Judaism,76,"87,404",0.49%,0.22%
06,California,F41,Reformed Baptist Network,3,,,
06,California,371,Reformed Church in America,80,"21,334",0.12%,0.05%
06,California,373,Reformed Church in the United States,13,724,0.00%,0.00%
06,California,375,Reformed Episcopal Church,4,,,
06,California,380,Reformed Presbyterian Church General Assembly,1,,,
06,California,383,Reformed Presbyterian Church of North America,5,277,0.00%,0.00%
06,California,382,"Reformed Presbyterian Church, Hanover Presbytery",1,,,
06,California,395,Romanian Orthodox Archdiocese in Americas,4,720,0.00%,0.00%
06,California,401,Russian Orthodox Church Outside of Russia,20,"4,026",0.02%,0.01%
06,California,403,Salvation Army,103,"15,950",0.09%,0.04%
06,California,410,Serbian Orthodox Church in North America,14,"7,655",0.04%,0.02%
06,California,415,"Seventh Day Baptist General Conference, USA and Canada",6,537,0.00%,0.00%
06,California,413,Seventh-day Adventist Church,631,"221,356",1.25%,0.56%
06,California,419,Southern Baptist Convention,"2,323","497,030",2.80%,1.26%
06,California,F51,Sovereign Grace Churches,3,,,
06,California,239,Swedenborgian Church,5,190,0.00%,0.00%
06,California,423,Syriac Orthodox Church of Antioch,15,"5,920",0.03%,0.01%
06,California,F52,Syro-Russian Orthodox Catholic Church,2,,,
06,California,425,Tao,10,,,
06,California,F54,The local churches,88,,,
06,California,891,Theravada Buddhist,132,"77,576",0.44%,0.20%
06,California,FGQ,Twelve Tribes,2,,,
06,California,431,Ukrainian Orthodox Church of the USA,5,745,0.00%,0.00%
06,California,FHF,Unaffiliated Conservative Mennonite,2,96,0.00%,0.00%
06,California,FD6,Unaffiliated Conservative Mennonite (Grandview fellowship),3,234,0.00%,0.00%
06,California,FER,Unification Church,4,,,
06,California,437,Union of Messianic Jewish Congregations,6,,,
06,California,435,Unitarian Universalist Association of Congregations,68,"13,214",0.07%,0.03%
06,California,439,United Catholic Church,2,320,0.00%,0.00%
06,California,443,United Church of Christ,241,"33,323",0.19%,0.08%
06,California,FGN,United Church of God,10,,,
06,California,FG5,United Episcopal Church of North America,2,,,
06,California,445,"United Holy Church of America, Inc.",9,368,0.00%,0.00%
06,California,F58,United House of Prayer,4,632,0.00%,0.00%
06,California,449,United Methodist Church,617,"154,557",0.87%,0.39%
06,California,454,United Pentecostal Church International,290,,,
06,California,455,United Reformed Churches in North America,16,"3,365",0.02%,0.01%
06,California,124,"Unity Churches, Association of",77,,,
06,California,237,US Conference of Mennonite Brethren Churches,78,"11,709",0.07%,0.03%
06,California,892,Vajarayana Buddhist,98,"58,085",0.33%,0.15%
06,California,462,Vedanta Society,9,,,
06,California,179,Venture Church Network,173,,,
06,California,463,Vineyard USA,70,"16,984",0.10%,0.04%
06,California,467,Wesleyan Church,68,"16,087",0.09%,0.04%
06,California,469,Wisconsin Evangelical Lutheran Synod,42,"7,665",0.04%,0.02%
06,California,490,Zoroastrian,7,,,
08,Colorado,003,African Methodist Episcopal Church,6,"2,902",0.14%,0.05%
08,Colorado,005,African Methodist Episcopal Zion Church,2,384,0.02%,0.01%
08,Colorado,284,American Association of Lutheran Churches,2,,,
08,Colorado,017,American Baptist Association,4,692,0.03%,0.01%
08,Colorado,019,American Baptist Churches in the USA,59,"14,213",0.70%,0.25%
08,Colorado,416,American Sikh Council,5,,,
08,Colorado,031,"Amish Groups, undifferentiated",8,615,0.03%,0.01%
08,Colorado,F01,Anglican Catholic Church,1,,,
08,Colorado,FG4,Anglican Church in America,2,,,
08,Colorado,033,Anglican Church in North America,15,,,
08,Colorado,FG3,Anglican Province of America,1,,,
08,Colorado,FG2,Anglican Province of Christ the King,3,,,
08,Colorado,034,"Antiochian Orthodox Christian Archdiocese of North America, The",7,"1,430",0.07%,0.02%
08,Colorado,FF7,Apostolic Christian Church (Nazarene) - East Conference,1,206,0.01%,0.00%
08,Colorado,FF8,Apostolic Christian Church (Nazarene) - West Conference,2,30,0.00%,0.00%
08,Colorado,040,Apostolic Christian Church of America,1,93,0.00%,0.00%
08,Colorado,049,Armenian Apostolic Church of America (Catholicosate of Cilicia),1,300,0.01%,0.01%
08,Colorado,053,Assemblies of God,190,"38,903",1.90%,0.67%
08,Colorado,220,Association of Free Lutheran Congregations,2,79,0.00%,0.00%
08,Colorado,056,Baha'i Faith USA,27,"2,967",0.15%,0.05%
08,Colorado,059,Baptist Missionary Association of America,4,,,
08,Colorado,063,Berean Fellowship of Churches,5,,,
08,Colorado,FE8,Bible Methodist Connection,1,,,
08,Colorado,FHW,Biblical Mennonite Alliance,3,270,0.01%,0.00%
08,Colorado,084,Calvary Chapel Fellowship Churches,16,,,
08,Colorado,086,Canadian and American Reformed Churches,1,,,
08,Colorado,081,Catholic Church,268,"873,236",42.71%,15.12%
08,Colorado,FGS,Chabad Judaism,8,,,
08,Colorado,244,Charis Fellowship,1,,,
08,Colorado,087,Christadelphian,3,,,
08,Colorado,089,Christian and Missionary Alliance,16,"3,935",0.19%,0.07%
08,Colorado,353,Christian Brethren (Open Plymouth Brethren),19,,,
08,Colorado,093,Christian Church (Disciples of Christ),32,"3,916",0.19%,0.07%
08,Colorado,097,Christian Churches and Churches of Christ,72,"27,396",1.34%,0.47%
08,Colorado,F10,Christian Congregation in North America,1,,,
08,Colorado,101,Christian Methodist Episcopal Church,2,540,0.03%,0.01%
08,Colorado,105,Christian Reformed Church in North America,19,"2,837",0.14%,0.05%
08,Colorado,F13,Church of Christ,1,,,
08,Colorado,143,"Church of Christ, Mennonite",3,429,0.02%,0.01%
08,Colorado,111,"Church of Christ, Scientist",9,,,
08,Colorado,F53,Church of God,4,,,
08,Colorado,123,"Church of God (Anderson, Indiana)",17,"1,780",0.09%,0.03%
08,Colorado,127,"Church of God (Cleveland, Tennessee)",27,"1,212",0.06%,0.02%
08,Colorado,133,Church of God (Seventh Day),3,,,
08,Colorado,141,Church of God in Christ,28,"5,846",0.29%,0.10%
08,Colorado,145,Church of God of Prophecy,9,,,
08,Colorado,151,Church of Jesus Christ of Latter-day Saints,315,"150,509",7.36%,2.61%
08,Colorado,149,"Church of Jesus Christ, The (Bickertonites)",1,,,
08,Colorado,155,"Church of Our Lord Jesus Christ of the Apostolic Faith, Inc.",1,180,0.01%,0.00%
08,Colorado,157,Church of the Brethren,8,653,0.03%,0.01%
08,Colorado,163,Church of the Lutheran Brethren of America,3,,,
08,Colorado,164,Church of the Lutheran Confession,2,,,
08,Colorado,165,Church of the Nazarene,68,"14,377",0.70%,0.25%
08,Colorado,167,Churches of Christ,138,"13,468",0.66%,0.23%
08,Colorado,172,Communion of Reformed Evangelical Churches,3,,,
08,Colorado,173,Community of Christ,17,,,
08,Colorado,176,"Congregational Christian Churches, Additional (not part of any national CCC body)",1,34,0.00%,0.00%
08,Colorado,181,Conservative Congregational Christian Conference,10,"1,639",0.08%,0.03%
08,Colorado,270,Conservative Judaism,2,"1,380",0.07%,0.02%
08,Colorado,057,Converge Worldwide / Baptist General Conference,44,,,
08,Colorado,186,Coptic Orthodox Church,1,120,0.01%,0.00%
08,Colorado,FF6,Covenant Presbyterian Church,1,,,
08,Colorado,185,Cumberland Presbyterian,1,15,0.00%,0.00%
08,Colorado,FFT,Dunkard Brethren Church,2,17,0.00%,0.00%
08,Colorado,FFW,ECO: A Covenant Order of Presbyterians,12,,,
08,Colorado,FFP,Ecumenical Catholic Communion,5,521,0.03%,0.01%
08,Colorado,193,Episcopal Church,93,"22,217",1.09%,0.38%
08,Colorado,202,Eritrean Orthodox,1,"1,300",0.06%,0.02%
08,Colorado,204,Ethiopian Orthodox,5,"4,000",0.20%,0.07%
08,Colorado,198,"Evangelical Association of Reformed, and Congregational Christian Churches",1,,,
08,Colorado,201,Evangelical Covenant Church,29,"4,014",0.20%,0.07%
08,Colorado,203,Evangelical Free Church of America,63,,,
08,Colorado,328,Evangelical Friends Church International,12,865,0.04%,0.01%
08,Colorado,207,Evangelical Lutheran Church in America,105,"41,437",2.03%,0.72%
08,Colorado,216,Evangelical Presbyterian Church,19,,,
08,Colorado,FGP,Every Nation,1,,,
08,Colorado,213,Fellowship of Evangelical Churches,3,31,0.00%,0.00%
08,Colorado,263,"Foursquare Gospel, International Church of the",64,"8,090",0.40%,0.14%
08,Colorado,221,Free Methodist Church--USA,8,"2,197",0.11%,0.04%
08,Colorado,391,Friends General Conference,6,191,0.01%,0.00%
08,Colorado,232,Full Gospel Baptist Church Fellowship,17,"3,006",0.15%,0.05%
08,Colorado,FFR,Full Gospel Christian Assemblies International,6,"1,620",0.08%,0.03%
08,Colorado,231,General Association of General Baptists,1,700,0.03%,0.01%
08,Colorado,388,General Association of Regular Baptist Churches,14,,,
08,Colorado,233,General Church of the New Jerusalem,2,,,
08,Colorado,FGM,Grace Communion International,3,,,
08,Colorado,243,Grace Gospel Fellowship,8,,,
08,Colorado,246,Greek Orthodox Archdiocese of America,8,"5,595",0.27%,0.10%
08,Colorado,895,Hindu Temples,2,"12,500",0.61%,0.22%
08,Colorado,896,Hindu Yoga and Meditation,41,"7,101",0.35%,0.12%
08,Colorado,247,"Holiness Church Of God, Inc., The",2,,,
08,Colorado,FG9,Holy Catholic Church Anglican Rite,1,,,
08,Colorado,FGR,Independent Judaism,6,40,0.00%,0.00%
08,Colorado,264,International Churches of Christ,4,"1,250",0.06%,0.02%
08,Colorado,268,Jain,1,,,
08,Colorado,272,Jehovah's Witnesses,211,"47,682",2.33%,0.83%
08,Colorado,FFJ,Laestadian Lutheran Church,1,,,
08,Colorado,D66,Liberal Catholic Church,1,,,
08,Colorado,283,Lutheran Church--Missouri Synod,115,"31,665",1.55%,0.55%
08,Colorado,255,Lutheran Congregations in Mission for Christ,9,"3,150",0.15%,0.05%
08,Colorado,890,Mahayana Buddhist,16,"10,640",0.52%,0.18%
08,Colorado,334,Malankara Archdiocese of the Syrian Orthodox Church in North America,1,110,0.01%,0.00%
08,Colorado,F28,Malankara Mar Thoma Church,1,34,0.00%,0.00%
08,Colorado,333,Malankara Orthodox Syrian Church,1,45,0.00%,0.00%
08,Colorado,288,Mennonite Church USA,15,"1,348",0.07%,0.02%
08,Colorado,290,Metropolitan Community Churches,3,176,0.01%,0.00%
08,Colorado,291,Missionary Church,3,55,0.00%,0.00%
08,Colorado,267,Muslim Estimate,23,"10,828",0.53%,0.19%
08,Colorado,175,National Association of Congregational Christian Churches,2,123,0.01%,0.00%
08,Colorado,223,National Association of Free Will Baptists,4,116,0.01%,0.00%
08,Colorado,301,"National Baptist Convention of America, Inc.",1,400,0.02%,0.01%
08,Colorado,300,"National Baptist Convention, USA, Inc.",10,"5,577",0.27%,0.10%
08,Colorado,302,"National Missionary Baptist Convention, Inc.",32,"10,266",0.50%,0.18%
08,Colorado,303,National Spiritualist Association of Churches,1,,,
08,Colorado,F31,Nationwide Fellowship Mennonite Churches,2,198,0.01%,0.00%
08,Colorado,309,New Apostolic Church USA,2,,,
08,Colorado,308,New Testament Association of Independent Baptist Church,18,,,
08,Colorado,500,Non-denominational Christian Churches,568,"406,798",19.90%,7.05%
08,Colorado,313,North American Baptist Conference,3,,,
08,Colorado,314,North American Lutheran Church,4,,,
08,Colorado,329,Open Bible Churches,2,552,0.03%,0.01%
08,Colorado,331,Orthodox Church in America,9,"1,020",0.05%,0.02%
08,Colorado,276,Orthodox Judaism,7,"1,935",0.09%,0.03%
08,Colorado,335,Orthodox Presbyterian Church,6,,,
08,Colorado,339,Pentecostal Church of God,10,,,
08,Colorado,350,Pillar Ministries,1,,,
08,Colorado,352,Polish National Catholic Church,1,,,
08,Colorado,355,Presbyterian Church (U.S.A.),102,"17,477",0.85%,0.30%
08,Colorado,356,Presbyterian Church in America,27,"4,279",0.21%,0.07%
08,Colorado,361,Primitive Baptists Associations,2,188,0.01%,0.00%
08,Colorado,369,Protestant Reformed Churches in America,1,373,0.02%,0.01%
08,Colorado,275,Reconstructionist Judaism,2,"1,072",0.05%,0.02%
08,Colorado,271,Reform Judaism,8,"10,596",0.52%,0.18%
08,Colorado,F41,Reformed Baptist Network,1,,,
08,Colorado,371,Reformed Church in America,11,"2,540",0.12%,0.04%
08,Colorado,373,Reformed Church in the United States,4,230,0.01%,0.00%
08,Colorado,375,Reformed Episcopal Church,4,,,
08,Colorado,380,Reformed Presbyterian Church General Assembly,1,,,
08,Colorado,383,Reformed Presbyterian Church of North America,4,476,0.02%,0.01%
08,Colorado,FHG,Remnant: Charity Ministries and related,1,,,
08,Colorado,401,Russian Orthodox Church Outside of Russia,1,650,0.03%,0.01%
08,Colorado,403,Salvation Army,13,"1,375",0.07%,0.02%
08,Colorado,410,Serbian Orthodox Church in North America,2,"1,000",0.05%,0.02%
08,Colorado,415,"Seventh Day Baptist General Conference, USA and Canada",3,152,0.01%,0.00%
08,Colorado,413,Seventh-day Adventist Church,102,"20,147",0.99%,0.35%
08,Colorado,419,Southern Baptist Convention,380,"57,124",2.79%,0.99%
08,Colorado,F51,Sovereign Grace Churches,2,,,
08,Colorado,424,Tampico Amish-Mennonite,1,107,0.01%,0.00%
08,Colorado,F54,The local churches,3,,,
08,Colorado,891,Theravada Buddhist,11,"6,729",0.33%,0.12%
08,Colorado,FGQ,Twelve Tribes,2,,,
08,Colorado,FD6,Unaffiliated Conservative Mennonite (Grandview fellowship),1,105,0.01%,0.00%
08,Colorado,FER,Unification Church,1,,,
08,Colorado,437,Union of Messianic Jewish Congregations,1,,,
08,Colorado,435,Unitarian Universalist Association of Congregations,18,"5,288",0.26%,0.09%
08,Colorado,443,United Church of Christ,54,"10,577",0.52%,0.18%
08,Colorado,FGN,United Church of God,4,,,
08,Colorado,449,United Methodist Church,203,"56,057",2.74%,0.97%
08,Colorado,454,United Pentecostal Church International,51,,,
08,Colorado,455,United Reformed Churches in North America,3,236,0.01%,0.00%
08,Colorado,124,"Unity Churches, Association of",16,,,
08,Colorado,237,US Conference of Mennonite Brethren Churches,6,"1,038",0.05%,0.02%
08,Colorado,892,Vajarayana Buddhist,25,"9,820",0.48%,0.17%
08,Colorado,462,Vedanta Society,1,,,
08,Colorado,179,Venture Church Network,31,,,
08,Colorado,463,Vineyard USA,25,"10,038",0.49%,0.17%
08,Colorado,467,Wesleyan Church,23,"5,229",0.26%,0.09%
08,Colorado,FD8,Western Conservative Mennonite Fellowship,1,70,0.00%,0.00%
08,Colorado,469,Wisconsin Evangelical Lutheran Synod,26,"5,471",0.27%,0.09%
09,Connecticut,001,Advent Christian Church,5,259,0.02%,0.01%
09,Connecticut,003,African Methodist Episcopal Church,11,"4,506",0.26%,0.12%
09,Connecticut,005,African Methodist Episcopal Zion Church,22,"5,643",0.33%,0.16%
09,Connecticut,012,Alliance of Baptists,1,,,
09,Connecticut,019,American Baptist Churches in the USA,115,"44,638",2.61%,1.24%
09,Connecticut,022,American Carpatho-Russian Orthodox Diocese,4,546,0.03%,0.02%
09,Connecticut,416,American Sikh Council,7,,,
09,Connecticut,F01,Anglican Catholic Church,2,,,
09,Connecticut,FG4,Anglican Church in America,1,,,
09,Connecticut,033,Anglican Church in North America,9,,,
09,Connecticut,034,"Antiochian Orthodox Christian Archdiocese of North America, The",2,530,0.03%,0.01%
09,Connecticut,040,Apostolic Christian Church of America,1,685,0.04%,0.02%
09,Connecticut,FEX,Apostolic Christian Faith,1,4,0.00%,0.00%
09,Connecticut,049,Armenian Apostolic Church of America (Catholicosate of Cilicia),1,60,0.00%,0.00%
09,Connecticut,050,Armenian Church of North America (Catholicosate of Etchmiadzin),3,870,0.05%,0.02%
09,Connecticut,053,Assemblies of God,99,"22,475",1.32%,0.62%
09,Connecticut,056,Baha'i Faith USA,5,"1,020",0.06%,0.03%
09,Connecticut,E54,"Bible Way Church of Our Lord Jesus Christ World Wide, Inc.",2,160,0.01%,0.00%
09,Connecticut,084,Calvary Chapel Fellowship Churches,3,,,
09,Connecticut,081,Catholic Church,354,"1,024,927",60.00%,28.42%
09,Connecticut,FGS,Chabad Judaism,18,,,
09,Connecticut,087,Christadelphian,1,,,
09,Connecticut,089,Christian and Missionary Alliance,15,"1,624",0.10%,0.05%
09,Connecticut,353,Christian Brethren (Open Plymouth Brethren),18,,,
09,Connecticut,093,Christian Church (Disciples of Christ),3,120,0.01%,0.00%
09,Connecticut,097,Christian Churches and Churches of Christ,7,674,0.04%,0.02%
09,Connecticut,F10,Christian Congregation in North America,3,,,
09,Connecticut,101,Christian Methodist Episcopal Church,8,"2,110",0.12%,0.06%
09,Connecticut,105,Christian Reformed Church in North America,1,246,0.01%,0.01%
09,Connecticut,143,"Church of Christ, Mennonite",1,0,0.00%,0.00%
09,Connecticut,111,"Church of Christ, Scientist",6,,,
09,Connecticut,F53,Church of God,1,,,
09,Connecticut,123,"Church of God (Anderson, Indiana)",3,420,0.02%,0.01%
09,Connecticut,127,"Church of God (Cleveland, Tennessee)",67,"7,010",0.41%,0.19%
09,Connecticut,133,Church of God (Seventh Day),1,,,
09,Connecticut,C22,Church of God and Saints of Christ,2,,,
09,Connecticut,141,Church of God in Christ,27,"4,978",0.29%,0.14%
09,Connecticut,145,Church of God of Prophecy,8,,,
09,Connecticut,151,Church of Jesus Christ of Latter-day Saints,36,"15,946",0.93%,0.44%
09,Connecticut,155,"Church of Our Lord Jesus Christ of the Apostolic Faith, Inc.",13,"2,232",0.13%,0.06%
09,Connecticut,163,Church of the Lutheran Brethren of America,2,,,
09,Connecticut,165,Church of the Nazarene,21,"2,821",0.17%,0.08%
09,Connecticut,167,Churches of Christ,21,"1,940",0.11%,0.05%
09,Connecticut,173,Community of Christ,3,,,
09,Connecticut,176,"Congregational Christian Churches, Additional (not part of any national CCC body)",4,412,0.02%,0.01%
09,Connecticut,181,Conservative Congregational Christian Conference,12,832,0.05%,0.02%
09,Connecticut,270,Conservative Judaism,21,"13,868",0.81%,0.38%
09,Connecticut,057,Converge Worldwide / Baptist General Conference,23,,,
09,Connecticut,186,Coptic Orthodox Church,4,751,0.04%,0.02%
09,Connecticut,FG7,Diocese of the Holy Cross,1,,,
09,Connecticut,FFW,ECO: A Covenant Order of Presbyterians,2,,,
09,Connecticut,190,Elim Fellowship,7,,,
09,Connecticut,193,Episcopal Church,156,"43,373",2.54%,1.20%
09,Connecticut,FG8,Episcopal Missionary Church,2,,,
09,Connecticut,198,"Evangelical Association of Reformed, and Congregational Christian Churches",1,,,
09,Connecticut,201,Evangelical Covenant Church,13,"2,614",0.15%,0.07%
09,Connecticut,203,Evangelical Free Church of America,22,,,
09,Connecticut,207,Evangelical Lutheran Church in America,66,"14,812",0.87%,0.41%
09,Connecticut,216,Evangelical Presbyterian Church,1,,,
09,Connecticut,346,Fire-Baptized Holiness Church of the Americas,5,,,
09,Connecticut,263,"Foursquare Gospel, International Church of the",3,164,0.01%,0.00%
09,Connecticut,221,Free Methodist Church--USA,9,"1,814",0.11%,0.05%
09,Connecticut,393,"Friends General Conference and Friends United Meeting, dually aligned meetings",8,484,0.03%,0.01%
09,Connecticut,232,Full Gospel Baptist Church Fellowship,3,540,0.03%,0.01%
09,Connecticut,FFR,Full Gospel Christian Assemblies International,7,896,0.05%,0.02%
09,Connecticut,388,General Association of Regular Baptist Churches,3,,,
09,Connecticut,233,General Church of the New Jerusalem,1,,,
09,Connecticut,242,Georgian Orthodox Parishes in the United States,1,30,0.00%,0.00%
09,Connecticut,FGM,Grace Communion International,2,,,
09,Connecticut,246,Greek Orthodox Archdiocese of America,15,"11,740",0.69%,0.33%
09,Connecticut,FGD,Higher Ground Always Abounding Assemblies,10,,,
09,Connecticut,895,Hindu Temples,4,"5,262",0.31%,0.15%
09,Connecticut,896,Hindu Yoga and Meditation,21,"3,677",0.22%,0.10%
09,Connecticut,FG9,Holy Catholic Church Anglican Rite,1,,,
09,Connecticut,D92,"House of God, Holy Church of the Living God, The Pillar and Ground of the Truth, House of Prayer for All People",1,,,
09,Connecticut,264,International Churches of Christ,3,745,0.04%,0.02%
09,Connecticut,256,International Fellowship of Bible Churches,1,,,
09,Connecticut,260,International Fellowship of Christian Assemblies,2,,,
09,Connecticut,265,International Pentecostal Church of Christ,1,,,
09,Connecticut,268,Jain,2,,,
09,Connecticut,272,Jehovah's Witnesses,133,"32,126",1.88%,0.89%
09,Connecticut,FFL,Knanaya Churches in the USA,1,280,0.02%,0.01%
09,Connecticut,274,Latvian Evangelical Lutheran Church in America,1,,,
09,Connecticut,283,Lutheran Church--Missouri Synod,36,"7,412",0.43%,0.21%
09,Connecticut,255,Lutheran Congregations in Mission for Christ,2,200,0.01%,0.01%
09,Connecticut,890,Mahayana Buddhist,9,"5,010",0.29%,0.14%
09,Connecticut,333,Malankara Orthodox Syrian Church,1,83,0.00%,0.00%
09,Connecticut,290,Metropolitan Community Churches,1,46,0.00%,0.00%
09,Connecticut,267,Muslim Estimate,49,"43,905",2.57%,1.22%
09,Connecticut,175,National Association of Congregational Christian Churches,21,"1,792",0.10%,0.05%
09,Connecticut,301,"National Baptist Convention of America, Inc.",2,"1,700",0.10%,0.05%
09,Connecticut,300,"National Baptist Convention, USA, Inc.",23,"25,660",1.50%,0.71%
09,Connecticut,302,"National Missionary Baptist Convention, Inc.",16,"4,150",0.24%,0.12%
09,Connecticut,303,National Spiritualist Association of Churches,6,,,
09,Connecticut,309,New Apostolic Church USA,3,,,
09,Connecticut,500,Non-denominational Christian Churches,487,"171,418",10.04%,4.75%
09,Connecticut,329,Open Bible Churches,1,8,0.00%,0.00%
09,Connecticut,331,Orthodox Church in America,18,"2,529",0.15%,0.07%
09,Connecticut,276,Orthodox Judaism,20,"8,160",0.48%,0.23%
09,Connecticut,335,Orthodox Presbyterian Church,1,,,
09,Connecticut,D71,Pentecostal Assemblies of the World,6,"2,404",0.14%,0.07%
09,Connecticut,339,Pentecostal Church of God,3,,,
09,Connecticut,352,Polish National Catholic Church,7,,,
09,Connecticut,355,Presbyterian Church (U.S.A.),16,"5,977",0.35%,0.17%
09,Connecticut,356,Presbyterian Church in America,11,"1,381",0.08%,0.04%
09,Connecticut,364,"Progressive National Baptist Convention, Inc.",2,430,0.03%,0.01%
09,Connecticut,275,Reconstructionist Judaism,1,243,0.01%,0.01%
09,Connecticut,271,Reform Judaism,19,"16,017",0.94%,0.44%
09,Connecticut,395,Romanian Orthodox Archdiocese in Americas,1,200,0.01%,0.01%
09,Connecticut,401,Russian Orthodox Church Outside of Russia,5,360,0.02%,0.01%
09,Connecticut,403,Salvation Army,19,"2,680",0.16%,0.07%
09,Connecticut,415,"Seventh Day Baptist General Conference, USA and Canada",2,31,0.00%,0.00%
09,Connecticut,413,Seventh-day Adventist Church,63,"11,505",0.67%,0.32%
09,Connecticut,419,Southern Baptist Convention,72,"7,447",0.44%,0.21%
09,Connecticut,425,Tao,1,,,
09,Connecticut,F54,The local churches,4,,,
09,Connecticut,891,Theravada Buddhist,5,"1,730",0.10%,0.05%
09,Connecticut,431,Ukrainian Orthodox Church of the USA,3,630,0.04%,0.02%
09,Connecticut,FGV,Union American Methodist Episcopal Church,2,,,
09,Connecticut,437,Union of Messianic Jewish Congregations,2,,,
09,Connecticut,435,Unitarian Universalist Association of Congregations,18,"2,740",0.16%,0.08%
09,Connecticut,443,United Church of Christ,230,"63,868",3.74%,1.77%
09,Connecticut,FGN,United Church of God,1,,,
09,Connecticut,445,"United Holy Church of America, Inc.",7,574,0.03%,0.02%
09,Connecticut,F58,United House of Prayer,4,630,0.04%,0.02%
09,Connecticut,449,United Methodist Church,114,"34,848",2.04%,0.97%
09,Connecticut,454,United Pentecostal Church International,39,,,
09,Connecticut,124,"Unity Churches, Association of",5,,,
09,Connecticut,892,Vajarayana Buddhist,3,455,0.03%,0.01%
09,Connecticut,462,Vedanta Society,1,,,
09,Connecticut,179,Venture Church Network,13,,,
09,Connecticut,463,Vineyard USA,2,470,0.03%,0.01%
09,Connecticut,467,Wesleyan Church,3,344,0.02%,0.01%
09,Connecticut,469,Wisconsin Evangelical Lutheran Synod,2,278,0.02%,0.01%
10,Delaware,003,African Methodist Episcopal Church,29,"6,888",1.68%,0.70%
10,Delaware,005,African Methodist Episcopal Zion Church,5,968,0.24%,0.10%
10,Delaware,017,American Baptist Association,1,272,0.07%,0.03%
10,Delaware,019,American Baptist Churches in the USA,15,"2,929",0.72%,0.30%
10,Delaware,416,American Sikh Council,1,,,
10,Delaware,031,"Amish Groups, undifferentiated",11,"1,761",0.43%,0.18%
10,Delaware,F01,Anglican Catholic Church,1,,,
10,Delaware,033,Anglican Church in North America,3,,,
10,Delaware,034,"Antiochian Orthodox Christian Archdiocese of North America, The",1,250,0.06%,0.03%
10,Delaware,053,Assemblies of God,18,"5,995",1.46%,0.61%
10,Delaware,056,Baha'i Faith USA,4,293,0.07%,0.03%
10,Delaware,073,Bible Fellowship Church,5,959,0.23%,0.10%
10,Delaware,FHW,Biblical Mennonite Alliance,1,134,0.03%,0.01%
10,Delaware,075,Brethren In Christ Church,1,,,
10,Delaware,081,Catholic Church,45,"197,094",48.14%,19.91%
10,Delaware,FGS,Chabad Judaism,1,,,
10,Delaware,089,Christian and Missionary Alliance,6,755,0.18%,0.08%
10,Delaware,353,Christian Brethren (Open Plymouth Brethren),3,,,
10,Delaware,093,Christian Church (Disciples of Christ),1,99,0.02%,0.01%
10,Delaware,097,Christian Churches and Churches of Christ,9,"1,833",0.45%,0.19%
10,Delaware,101,Christian Methodist Episcopal Church,2,420,0.10%,0.04%
10,Delaware,D83,Christ's Sanctified Holy Church,1,,,
10,Delaware,110,"Church of Christ (Holiness), U.S.A.",1,,,
10,Delaware,111,"Church of Christ, Scientist",2,,,
10,Delaware,F53,Church of God,1,,,
10,Delaware,123,"Church of God (Anderson, Indiana)",4,468,0.11%,0.05%
10,Delaware,127,"Church of God (Cleveland, Tennessee)",23,"3,004",0.73%,0.30%
10,Delaware,141,Church of God in Christ,7,962,0.23%,0.10%
10,Delaware,145,Church of God of Prophecy,11,,,
10,Delaware,151,Church of Jesus Christ of Latter-day Saints,12,"5,634",1.38%,0.57%
10,Delaware,155,"Church of Our Lord Jesus Christ of the Apostolic Faith, Inc.",3,630,0.15%,0.06%
10,Delaware,157,Church of the Brethren,2,174,0.04%,0.02%
10,Delaware,D59,Church of the Living God: Pillar and Ground of the Truth,1,,,
10,Delaware,165,Church of the Nazarene,14,"1,890",0.46%,0.19%
10,Delaware,167,Churches of Christ,11,"1,061",0.26%,0.11%
10,Delaware,173,Community of Christ,1,,,
10,Delaware,270,Conservative Judaism,2,"1,188",0.29%,0.12%
10,Delaware,183,Conservative Mennonite Conference,3,447,0.11%,0.05%
10,Delaware,057,Converge Worldwide / Baptist General Conference,3,,,
10,Delaware,186,Coptic Orthodox Church,1,450,0.11%,0.05%
10,Delaware,286,Eastern Pennsylvania Mennonite Church,1,149,0.04%,0.02%
10,Delaware,FFW,ECO: A Covenant Order of Presbyterians,2,,,
10,Delaware,190,Elim Fellowship,1,,,
10,Delaware,193,Episcopal Church,33,"8,099",1.98%,0.82%
10,Delaware,203,Evangelical Free Church of America,4,,,
10,Delaware,207,Evangelical Lutheran Church in America,13,"4,777",1.17%,0.48%
10,Delaware,346,Fire-Baptized Holiness Church of the Americas,1,,,
10,Delaware,391,Friends General Conference,5,453,0.11%,0.05%
10,Delaware,232,Full Gospel Baptist Church Fellowship,2,420,0.10%,0.04%
10,Delaware,FFR,Full Gospel Christian Assemblies International,4,860,0.21%,0.09%
10,Delaware,388,General Association of Regular Baptist Churches,5,,,
10,Delaware,FGM,Grace Communion International,1,,,
10,Delaware,246,Greek Orthodox Archdiocese of America,1,"1,500",0.37%,0.15%
10,Delaware,895,Hindu Temples,3,"12,731",3.11%,1.29%
10,Delaware,896,Hindu Yoga and Meditation,3,177,0.04%,0.02%
10,Delaware,D92,"House of God, Holy Church of the Living God, The Pillar and Ground of the Truth, House of Prayer for All People",1,,,
10,Delaware,264,International Churches of Christ,1,63,0.02%,0.01%
10,Delaware,268,Jain,1,,,
10,Delaware,272,Jehovah's Witnesses,38,"9,368",2.29%,0.95%
10,Delaware,283,Lutheran Church--Missouri Synod,7,998,0.24%,0.10%
10,Delaware,890,Mahayana Buddhist,2,,,
10,Delaware,288,Mennonite Church USA,1,42,0.01%,0.00%
10,Delaware,290,Metropolitan Community Churches,1,99,0.02%,0.01%
10,Delaware,267,Muslim Estimate,9,"7,065",1.73%,0.71%
10,Delaware,223,National Association of Free Will Baptists,2,165,0.04%,0.02%
10,Delaware,301,"National Baptist Convention of America, Inc.",1,210,0.05%,0.02%
10,Delaware,300,"National Baptist Convention, USA, Inc.",9,"3,983",0.97%,0.40%
10,Delaware,302,"National Missionary Baptist Convention, Inc.",8,"1,692",0.41%,0.17%
10,Delaware,500,Non-denominational Christian Churches,210,"49,392",12.06%,4.99%
10,Delaware,FFH,Old Apostolic Lutheran Church of America,1,,,
10,Delaware,331,Orthodox Church in America,1,143,0.03%,0.01%
10,Delaware,276,Orthodox Judaism,1,60,0.01%,0.01%
10,Delaware,335,Orthodox Presbyterian Church,2,,,
10,Delaware,400,Patriarchal Parishes of the Russian Orthodox Church in the USA,1,30,0.01%,0.00%
10,Delaware,339,Pentecostal Church of God,2,,,
10,Delaware,355,Presbyterian Church (U.S.A.),31,"6,117",1.49%,0.62%
10,Delaware,356,Presbyterian Church in America,12,"2,688",0.66%,0.27%
10,Delaware,361,Primitive Baptists Associations,1,94,0.02%,0.01%
10,Delaware,275,Reconstructionist Judaism,1,483,0.12%,0.05%
10,Delaware,271,Reform Judaism,1,"1,269",0.31%,0.13%
10,Delaware,403,Salvation Army,4,564,0.14%,0.06%
10,Delaware,413,Seventh-day Adventist Church,23,"3,418",0.83%,0.35%
10,Delaware,419,Southern Baptist Convention,42,"6,561",1.60%,0.66%
10,Delaware,F51,Sovereign Grace Churches,1,,,
10,Delaware,239,Swedenborgian Church,1,40,0.01%,0.00%
10,Delaware,F54,The local churches,1,,,
10,Delaware,891,Theravada Buddhist,2,567,0.14%,0.06%
10,Delaware,431,Ukrainian Orthodox Church of the USA,2,200,0.05%,0.02%
10,Delaware,FER,Unification Church,1,,,
10,Delaware,FGV,Union American Methodist Episcopal Church,11,,,
10,Delaware,435,Unitarian Universalist Association of Congregations,5,"1,192",0.29%,0.12%
10,Delaware,443,United Church of Christ,4,464,0.11%,0.05%
10,Delaware,FGN,United Church of God,1,,,
10,Delaware,445,"United Holy Church of America, Inc.",5,237,0.06%,0.02%
10,Delaware,F58,United House of Prayer,1,210,0.05%,0.02%
10,Delaware,449,United Methodist Church,146,"39,959",9.76%,4.04%
10,Delaware,454,United Pentecostal Church International,8,,,
10,Delaware,124,"Unity Churches, Association of",1,,,
10,Delaware,179,Venture Church Network,1,,,
10,Delaware,463,Vineyard USA,1,242,0.06%,0.02%
10,Delaware,467,Wesleyan Church,14,"5,854",1.43%,0.59%
10,Delaware,469,Wisconsin Evangelical Lutheran Synod,1,219,0.05%,0.02%
11,District Of Columbia,003,African Methodist Episcopal Church,12,"9,784",2.51%,1.42%
11,District Of Columbia,005,African Methodist Episcopal Zion Church,11,"3,614",0.93%,0.52%
11,District Of Columbia,012,Alliance of Baptists,4,,,
11,District Of Columbia,019,American Baptist Churches in the USA,61,"31,566",8.11%,4.58%
11,District Of Columbia,022,American Carpatho-Russian Orthodox Diocese,1,125,0.03%,0.02%
11,District Of Columbia,904,American Ethical Union,1,,,
11,District Of Columbia,416,American Sikh Council,3,,,
11,District Of Columbia,033,Anglican Church in North America,2,,,
11,District Of Columbia,FG2,Anglican Province of Christ the King,1,,,
11,District Of Columbia,034,"Antiochian Orthodox Christian Archdiocese of North America, The",2,725,0.19%,0.11%
11,District Of Columbia,042,"Apostolic Faith Mission of Portland, OR",1,,,
11,District Of Columbia,050,Armenian Church of North America (Catholicosate of Etchmiadzin),1,"3,000",0.77%,0.44%
11,District Of Columbia,053,Assemblies of God,14,"7,043",1.81%,1.02%
11,District Of Columbia,056,Baha'i Faith USA,1,653,0.17%,0.09%
11,District Of Columbia,E54,"Bible Way Church of Our Lord Jesus Christ World Wide, Inc.",2,200,0.05%,0.03%
11,District Of Columbia,071,"Brethren Church, The (Ashland, Ohio)",1,,,
11,District Of Columbia,081,Catholic Church,41,"81,735",21.00%,11.85%
11,District Of Columbia,FGS,Chabad Judaism,4,,,
11,District Of Columbia,244,Charis Fellowship,2,,,
11,District Of Columbia,089,Christian and Missionary Alliance,2,434,0.11%,0.06%
11,District Of Columbia,353,Christian Brethren (Open Plymouth Brethren),2,,,
11,District Of Columbia,093,Christian Church (Disciples of Christ),5,757,0.19%,0.11%
11,District Of Columbia,101,Christian Methodist Episcopal Church,5,"2,370",0.61%,0.34%
11,District Of Columbia,105,Christian Reformed Church in North America,1,159,0.04%,0.02%
11,District Of Columbia,110,"Church of Christ (Holiness), U.S.A.",1,,,
11,District Of Columbia,111,"Church of Christ, Scientist",3,,,
11,District Of Columbia,123,"Church of God (Anderson, Indiana)",5,810,0.21%,0.12%
11,District Of Columbia,127,"Church of God (Cleveland, Tennessee)",4,258,0.07%,0.04%
11,District Of Columbia,141,Church of God in Christ,7,"2,210",0.57%,0.32%
11,District Of Columbia,145,Church of God of Prophecy,4,,,
11,District Of Columbia,151,Church of Jesus Christ of Latter-day Saints,4,"3,144",0.81%,0.46%
11,District Of Columbia,155,"Church of Our Lord Jesus Christ of the Apostolic Faith, Inc.",2,420,0.11%,0.06%
11,District Of Columbia,157,Church of the Brethren,1,152,0.04%,0.02%
11,District Of Columbia,A47,Church of the Living God (Christian Workers for Fellowship),1,,,
11,District Of Columbia,165,Church of the Nazarene,2,422,0.11%,0.06%
11,District Of Columbia,167,Churches of Christ,4,562,0.14%,0.08%
11,District Of Columbia,173,Community of Christ,1,,,
11,District Of Columbia,270,Conservative Judaism,2,"5,243",1.35%,0.76%
11,District Of Columbia,193,Episcopal Church,32,"15,384",3.95%,2.23%
11,District Of Columbia,204,Ethiopian Orthodox,9,"6,900",1.77%,1.00%
11,District Of Columbia,203,Evangelical Free Church of America,1,,,
11,District Of Columbia,207,Evangelical Lutheran Church in America,12,"2,755",0.71%,0.40%
11,District Of Columbia,FGP,Every Nation,1,,,
11,District Of Columbia,263,"Foursquare Gospel, International Church of the",1,50,0.01%,0.01%
11,District Of Columbia,391,Friends General Conference,1,793,0.20%,0.12%
11,District Of Columbia,F23,Full Gospel Assemblies International,1,,,
11,District Of Columbia,232,Full Gospel Baptist Church Fellowship,6,"1,260",0.32%,0.18%
11,District Of Columbia,FFR,Full Gospel Christian Assemblies International,2,390,0.10%,0.06%
11,District Of Columbia,242,Georgian Orthodox Parishes in the United States,1,30,0.01%,0.00%
11,District Of Columbia,246,Greek Orthodox Archdiocese of America,1,"1,200",0.31%,0.17%
11,District Of Columbia,FGD,Higher Ground Always Abounding Assemblies,1,,,
11,District Of Columbia,896,Hindu Yoga and Meditation,7,"1,158",0.30%,0.17%
11,District Of Columbia,FGR,Independent Judaism,9,735,0.19%,0.11%
11,District Of Columbia,262,International Council of Community Churches,2,,,
11,District Of Columbia,272,Jehovah's Witnesses,23,"6,088",1.56%,0.88%
11,District Of Columbia,283,Lutheran Church--Missouri Synod,2,420,0.11%,0.06%
11,District Of Columbia,890,Mahayana Buddhist,4,"5,652",1.45%,0.82%
11,District Of Columbia,288,Mennonite Church USA,2,176,0.05%,0.03%
11,District Of Columbia,290,Metropolitan Community Churches,2,,,
11,District Of Columbia,293,Moravian Church in America--Northern Province,1,221,0.06%,0.03%
11,District Of Columbia,267,Muslim Estimate,10,"7,528",1.93%,1.09%
11,District Of Columbia,300,"National Baptist Convention, USA, Inc.",28,"25,368",6.52%,3.68%
11,District Of Columbia,302,"National Missionary Baptist Convention, Inc.",11,"5,350",1.37%,0.78%
11,District Of Columbia,309,New Apostolic Church USA,1,,,
11,District Of Columbia,500,Non-denominational Christian Churches,145,"60,230",15.47%,8.73%
11,District Of Columbia,314,North American Lutheran Church,1,,,
11,District Of Columbia,331,Orthodox Church in America,1,550,0.14%,0.08%
11,District Of Columbia,276,Orthodox Judaism,1,"1,200",0.31%,0.17%
11,District Of Columbia,D71,Pentecostal Assemblies of the World,1,324,0.08%,0.05%
11,District Of Columbia,355,Presbyterian Church (U.S.A.),16,"5,205",1.34%,0.75%
11,District Of Columbia,356,Presbyterian Church in America,1,714,0.18%,0.10%
11,District Of Columbia,361,Primitive Baptists Associations,1,94,0.02%,0.01%
11,District Of Columbia,364,"Progressive National Baptist Convention, Inc.",26,"19,568",5.03%,2.84%
11,District Of Columbia,275,Reconstructionist Judaism,1,554,0.14%,0.08%
11,District Of Columbia,271,Reform Judaism,3,"11,248",2.89%,1.63%
11,District Of Columbia,401,Russian Orthodox Church Outside of Russia,1,400,0.10%,0.06%
11,District Of Columbia,403,Salvation Army,2,402,0.10%,0.06%
11,District Of Columbia,415,"Seventh Day Baptist General Conference, USA and Canada",1,47,0.01%,0.01%
11,District Of Columbia,413,Seventh-day Adventist Church,9,"4,658",1.20%,0.68%
11,District Of Columbia,419,Southern Baptist Convention,82,"27,837",7.15%,4.04%
11,District Of Columbia,239,Swedenborgian Church,1,27,0.01%,0.00%
11,District Of Columbia,F54,The local churches,1,,,
11,District Of Columbia,891,Theravada Buddhist,1,500,0.13%,0.07%
11,District Of Columbia,432,Unaffiliated Amish-Mennonite (Conservative),1,5,0.00%,0.00%
11,District Of Columbia,FER,Unification Church,2,,,
11,District Of Columbia,437,Union of Messianic Jewish Congregations,1,,,
11,District Of Columbia,435,Unitarian Universalist Association of Congregations,3,"1,998",0.51%,0.29%
11,District Of Columbia,443,United Church of Christ,11,"2,920",0.75%,0.42%
11,District Of Columbia,445,"United Holy Church of America, Inc.",3,308,0.08%,0.04%
11,District Of Columbia,F58,United House of Prayer,5,"1,292",0.33%,0.19%
11,District Of Columbia,449,United Methodist Church,28,"9,355",2.40%,1.36%
11,District Of Columbia,454,United Pentecostal Church International,1,,,
11,District Of Columbia,455,United Reformed Churches in North America,1,51,0.01%,0.01%
11,District Of Columbia,124,"Unity Churches, Association of",2,,,
11,District Of Columbia,892,Vajarayana Buddhist,6,"2,910",0.75%,0.42%
12,Florida,001,Advent Christian Church,21,"1,575",0.02%,0.01%
12,Florida,003,African Methodist Episcopal Church,408,"121,611",1.20%,0.56%
12,Florida,005,African Methodist Episcopal Zion Church,27,"5,282",0.05%,0.02%
12,Florida,012,Alliance of Baptists,3,,,
12,Florida,017,American Baptist Association,36,"7,026",0.07%,0.03%
12,Florida,019,American Baptist Churches in the USA,34,"19,124",0.19%,0.09%
12,Florida,022,American Carpatho-Russian Orthodox Diocese,3,120,0.00%,0.00%
12,Florida,904,American Ethical Union,1,,,
12,Florida,416,American Sikh Council,7,,,
12,Florida,031,"Amish Groups, undifferentiated",2,182,0.00%,0.00%
12,Florida,F01,Anglican Catholic Church,8,,,
12,Florida,FG4,Anglican Church in America,1,,,
12,Florida,033,Anglican Church in North America,38,,,
12,Florida,FG3,Anglican Province of America,13,,,
12,Florida,FG2,Anglican Province of Christ the King,1,,,
12,Florida,034,"Antiochian Orthodox Christian Archdiocese of North America, The",16,"3,604",0.04%,0.02%
12,Florida,FF7,Apostolic Christian Church (Nazarene) - East Conference,3,76,0.00%,0.00%
12,Florida,040,Apostolic Christian Church of America,2,117,0.00%,0.00%
12,Florida,FEX,Apostolic Christian Faith,1,0,0.00%,0.00%
12,Florida,042,"Apostolic Faith Mission of Portland, OR",4,,,
12,Florida,045,Apostolic Lutheran Church of America,1,,,
12,Florida,050,Armenian Church of North America (Catholicosate of Etchmiadzin),6,"4,740",0.05%,0.02%
12,Florida,053,Assemblies of God,730,"249,685",2.46%,1.16%
12,Florida,FGJ,Assemblies of the Lord Jesus Christ,1,,,
12,Florida,055,Associate Reformed Presbyterian Church,23,,,
12,Florida,056,Baha'i Faith USA,62,"9,655",0.10%,0.04%
12,Florida,059,Baptist Missionary Association of America,12,,,
12,Florida,061,Beachy Amish-Mennonite Churches,2,151,0.00%,0.00%
12,Florida,FDT,Bethel Fellowship Mennonite Churches,1,75,0.00%,0.00%
12,Florida,065,"Bethel Ministerial Association, Inc.",1,,,
12,Florida,073,Bible Fellowship Church,1,30,0.00%,0.00%
12,Florida,069,Bible Presbyterian Church (General Synod),4,,,
12,Florida,E54,"Bible Way Church of Our Lord Jesus Christ World Wide, Inc.",1,28,0.00%,0.00%
12,Florida,FHW,Biblical Mennonite Alliance,1,154,0.00%,0.00%
12,Florida,071,"Brethren Church, The (Ashland, Ohio)",2,,,
12,Florida,075,Brethren In Christ Church,46,,,
12,Florida,070,"Bruderhof Communities, Inc.",1,24,0.00%,0.00%
12,Florida,078,"Bulgarian Eastern Orthodox Diocese of the USA, Canada and Australia",3,480,0.00%,0.00%
12,Florida,084,Calvary Chapel Fellowship Churches,17,,,
12,Florida,FFM,Catholic Apostolic Church in North America,3,,,
12,Florida,081,Catholic Church,559,"4,097,067",40.40%,19.02%
12,Florida,FGS,Chabad Judaism,91,,,
12,Florida,244,Charis Fellowship,17,,,
12,Florida,087,Christadelphian,13,,,
12,Florida,089,Christian and Missionary Alliance,107,"20,786",0.20%,0.10%
12,Florida,353,Christian Brethren (Open Plymouth Brethren),53,,,
12,Florida,093,Christian Church (Disciples of Christ),81,"8,118",0.08%,0.04%
12,Florida,097,Christian Churches and Churches of Christ,177,"60,488",0.60%,0.28%
12,Florida,F10,Christian Congregation in North America,10,,,
12,Florida,101,Christian Methodist Episcopal Church,43,"9,994",0.10%,0.05%
12,Florida,105,Christian Reformed Church in North America,14,"2,210",0.02%,0.01%
12,Florida,D83,Christ's Sanctified Holy Church,1,,,
12,Florida,143,"Church of Christ, Mennonite",4,410,0.00%,0.00%
12,Florida,111,"Church of Christ, Scientist",20,,,
12,Florida,F53,Church of God,8,,,
12,Florida,123,"Church of God (Anderson, Indiana)",104,"27,086",0.27%,0.13%
12,Florida,125,Church of God (Apostolic),2,,,
12,Florida,127,"Church of God (Cleveland, Tennessee)",669,"83,555",0.82%,0.39%
12,Florida,133,Church of God (Seventh Day),12,,,
12,Florida,C22,Church of God and Saints of Christ,1,,,
12,Florida,122,"Church of God by Faith, Inc.",91,,,
12,Florida,141,Church of God in Christ,176,"39,742",0.39%,0.18%
12,Florida,145,Church of God of Prophecy,150,,,
12,Florida,120,"Church of God of the Apostolic Faith, Inc.",1,,,
12,Florida,146,"Church of God, Mountain Assembly, Inc.",7,,,
12,Florida,151,Church of Jesus Christ of Latter-day Saints,271,"160,266",1.58%,0.74%
12,Florida,149,"Church of Jesus Christ, The (Bickertonites)",7,,,
12,Florida,155,"Church of Our Lord Jesus Christ of the Apostolic Faith, Inc.",47,"8,026",0.08%,0.04%
12,Florida,157,Church of the Brethren,19,"1,298",0.01%,0.01%
12,Florida,FFK,Church of the Genuine Orthodox Christians,2,230,0.00%,0.00%
12,Florida,A47,Church of the Living God (Christian Workers for Fellowship),2,,,
12,Florida,D59,Church of the Living God: Pillar and Ground of the Truth,5,,,
12,Florida,163,Church of the Lutheran Brethren of America,2,,,
12,Florida,164,Church of the Lutheran Confession,4,,,
12,Florida,165,Church of the Nazarene,243,"45,478",0.45%,0.21%
12,Florida,438,Church of the United Brethren in Christ USA,3,498,0.00%,0.00%
12,Florida,167,Churches of Christ,488,"61,514",0.61%,0.29%
12,Florida,168,Churches of Christ in Christian Union,4,,,
12,Florida,171,"Churches of God, General Conference",1,0,0.00%,0.00%
12,Florida,172,Communion of Reformed Evangelical Churches,6,,,
12,Florida,173,Community of Christ,25,,,
12,Florida,177,Congregational Holiness Church,18,,,
12,Florida,180,Congregational Methodist Church,6,,,
12,Florida,181,Conservative Congregational Christian Conference,1,30,0.00%,0.00%
12,Florida,270,Conservative Judaism,39,"30,162",0.30%,0.14%
12,Florida,183,Conservative Mennonite Conference,5,944,0.01%,0.00%
12,Florida,186,Coptic Orthodox Church,31,"11,952",0.12%,0.06%
12,Florida,FF6,Covenant Presbyterian Church,1,,,
12,Florida,184,Covenant Reformed Presbyterian Church,1,,,
12,Florida,185,Cumberland Presbyterian,3,221,0.00%,0.00%
12,Florida,286,Eastern Pennsylvania Mennonite Church,1,108,0.00%,0.00%
12,Florida,FFW,ECO: A Covenant Order of Presbyterians,25,,,
12,Florida,FFP,Ecumenical Catholic Communion,1,103,0.00%,0.00%
12,Florida,190,Elim Fellowship,9,,,
12,Florida,193,Episcopal Church,327,"111,936",1.10%,0.52%
12,Florida,FG8,Episcopal Missionary Church,1,,,
12,Florida,202,Eritrean Orthodox,2,720,0.01%,0.00%
12,Florida,204,Ethiopian Orthodox,7,"1,345",0.01%,0.01%
12,Florida,201,Evangelical Covenant Church,22,"2,429",0.02%,0.01%
12,Florida,203,Evangelical Free Church of America,45,,,
12,Florida,328,Evangelical Friends Church International,2,966,0.01%,0.00%
12,Florida,207,Evangelical Lutheran Church in America,166,"43,246",0.43%,0.20%
12,Florida,FFF,Evangelical Lutheran Conference and Ministerium of North America,1,,,
12,Florida,FFE,Evangelical Lutheran Diocese of North America,2,,,
12,Florida,209,Evangelical Lutheran Synod,8,787,0.01%,0.00%
12,Florida,215,Evangelical Methodist Church,1,,,
12,Florida,216,Evangelical Presbyterian Church,16,,,
12,Florida,FGP,Every Nation,7,,,
12,Florida,FGL,Fellowship of Christian Assemblies,1,,,
12,Florida,263,"Foursquare Gospel, International Church of the",39,"5,304",0.05%,0.02%
12,Florida,221,Free Methodist Church--USA,27,"3,189",0.03%,0.01%
12,Florida,222,Free Presbyterian Church of North America,1,,,
12,Florida,391,Friends General Conference,19,629,0.01%,0.00%
12,Florida,F23,Full Gospel Assemblies International,3,,,
12,Florida,232,Full Gospel Baptist Church Fellowship,15,"2,574",0.03%,0.01%
12,Florida,FFR,Full Gospel Christian Assemblies International,28,"8,376",0.08%,0.04%
12,Florida,231,General Association of General Baptists,2,"1,100",0.01%,0.01%
12,Florida,388,General Association of Regular Baptist Churches,38,,,
12,Florida,233,General Church of the New Jerusalem,4,,,
12,Florida,FGM,Grace Communion International,10,,,
12,Florida,243,Grace Gospel Fellowship,7,,,
12,Florida,246,Greek Orthodox Archdiocese of America,33,"29,240",0.29%,0.14%
12,Florida,248,Heritage Reformed Congregations,1,0,0.00%,0.00%
12,Florida,FGD,Higher Ground Always Abounding Assemblies,1,,,
12,Florida,895,Hindu Temples,32,"33,140",0.33%,0.15%
12,Florida,896,Hindu Yoga and Meditation,101,"30,799",0.30%,0.14%
12,Florida,251,Holy Orthodox Church in North America,1,18,0.00%,0.00%
12,Florida,FGR,Independent Judaism,1,300,0.00%,0.00%
12,Florida,264,International Churches of Christ,14,"4,504",0.04%,0.02%
12,Florida,FE9,International Communion of the Charismatic Episcopal Church,8,,,
12,Florida,262,International Council of Community Churches,8,,,
12,Florida,256,International Fellowship of Bible Churches,2,,,
12,Florida,260,International Fellowship of Christian Assemblies,2,,,
12,Florida,268,Jain,8,,,
12,Florida,272,Jehovah's Witnesses,"1,123","304,524",3.00%,1.41%
12,Florida,FFL,Knanaya Churches in the USA,3,260,0.00%,0.00%
12,Florida,FFJ,Laestadian Lutheran Church,1,,,
12,Florida,274,Latvian Evangelical Lutheran Church in America,2,,,
12,Florida,283,Lutheran Church--Missouri Synod,180,"50,596",0.50%,0.23%
12,Florida,255,Lutheran Congregations in Mission for Christ,16,"3,718",0.04%,0.02%
12,Florida,330,Macedonian Orthodox Church: American Diocese,2,200,0.00%,0.00%
12,Florida,890,Mahayana Buddhist,32,"16,123",0.16%,0.07%
12,Florida,334,Malankara Archdiocese of the Syrian Orthodox Church in North America,3,264,0.00%,0.00%
12,Florida,F28,Malankara Mar Thoma Church,5,274,0.00%,0.00%
12,Florida,333,Malankara Orthodox Syrian Church,9,861,0.01%,0.00%
12,Florida,288,Mennonite Church USA,10,440,0.00%,0.00%
12,Florida,290,Metropolitan Community Churches,14,"1,727",0.02%,0.01%
12,Florida,291,Missionary Church,26,962,0.01%,0.00%
12,Florida,295,Moravian Church in America--Southern Province,5,880,0.01%,0.00%
12,Florida,267,Muslim Estimate,157,"127,172",1.25%,0.59%
12,Florida,175,National Association of Congregational Christian Churches,12,"3,810",0.04%,0.02%
12,Florida,223,National Association of Free Will Baptists,55,"3,128",0.03%,0.01%
12,Florida,301,"National Baptist Convention of America, Inc.",25,"15,341",0.15%,0.07%
12,Florida,300,"National Baptist Convention, USA, Inc.",98,"88,376",0.87%,0.41%
12,Florida,302,"National Missionary Baptist Convention, Inc.",551,"205,762",2.03%,0.96%
12,Florida,304,"National Primitive Baptist Convention, USA, Inc.",64,"20,128",0.20%,0.09%
12,Florida,303,National Spiritualist Association of Churches,1,,,
12,Florida,FHP,Nazarene Christian Congregation (Side A or B),2,58,0.00%,0.00%
12,Florida,309,New Apostolic Church USA,17,,,
12,Florida,308,New Testament Association of Independent Baptist Church,1,,,
12,Florida,500,Non-denominational Christian Churches,"3,287","2,020,876",19.93%,9.38%
12,Florida,313,North American Baptist Conference,1,,,
12,Florida,314,North American Lutheran Church,8,,,
12,Florida,FFY,Northern New Salem Association of Old Regular Baptists,1,8,0.00%,0.00%
12,Florida,329,Open Bible Churches,31,"4,298",0.04%,0.02%
12,Florida,FGA,Orthodox Anglican Church,1,,,
12,Florida,331,Orthodox Church in America,25,"3,257",0.03%,0.02%
12,Florida,276,Orthodox Judaism,50,"25,025",0.25%,0.12%
12,Florida,335,Orthodox Presbyterian Church,15,,,
12,Florida,400,Patriarchal Parishes of the Russian Orthodox Church in the USA,2,505,0.00%,0.00%
12,Florida,D71,Pentecostal Assemblies of the World,3,360,0.00%,0.00%
12,Florida,339,Pentecostal Church of God,14,,,
12,Florida,347,"Pentecostal Free Will Baptist Church, Inc.",2,,,
12,Florida,F38,Pilgrim Mennonite Conference,1,105,0.00%,0.00%
12,Florida,352,Polish National Catholic Church,2,,,
12,Florida,355,Presbyterian Church (U.S.A.),299,"73,064",0.72%,0.34%
12,Florida,356,Presbyterian Church in America,163,"36,185",0.36%,0.17%
12,Florida,361,Primitive Baptists Associations,82,"6,991",0.07%,0.03%
12,Florida,363,Primitive Methodist Church in the USA,3,,,
12,Florida,364,"Progressive National Baptist Convention, Inc.",9,"2,112",0.02%,0.01%
12,Florida,365,Progressive Primitive Baptists,2,,,
12,Florida,275,Reconstructionist Judaism,2,297,0.00%,0.00%
12,Florida,271,Reform Judaism,55,"53,057",0.52%,0.25%
12,Florida,F41,Reformed Baptist Network,5,,,
12,Florida,371,Reformed Church in America,21,"1,097",0.01%,0.01%
12,Florida,380,Reformed Presbyterian Church General Assembly,2,,,
12,Florida,383,Reformed Presbyterian Church of North America,1,101,0.00%,0.00%
12,Florida,401,Russian Orthodox Church Outside of Russia,11,"1,002",0.01%,0.00%
12,Florida,403,Salvation Army,42,"6,883",0.07%,0.03%
12,Florida,410,Serbian Orthodox Church in North America,7,"3,185",0.03%,0.01%
12,Florida,415,"Seventh Day Baptist General Conference, USA and Canada",8,314,0.00%,0.00%
12,Florida,413,Seventh-day Adventist Church,456,"131,214",1.29%,0.61%
12,Florida,419,Southern Baptist Convention,"2,879","1,092,640",10.78%,5.07%
12,Florida,421,Southern Methodist Church,1,,,
12,Florida,F51,Sovereign Grace Churches,5,,,
12,Florida,423,Syriac Orthodox Church of Antioch,4,"1,050",0.01%,0.00%
12,Florida,F54,The local churches,10,,,
12,Florida,891,Theravada Buddhist,26,"15,184",0.15%,0.07%
12,Florida,FGQ,Twelve Tribes,2,,,
12,Florida,431,Ukrainian Orthodox Church of the USA,2,205,0.00%,0.00%
12,Florida,FHF,Unaffiliated Conservative Mennonite,2,67,0.00%,0.00%
12,Florida,389,Unaffiliated Friends Meetings,1,12,0.00%,0.00%
12,Florida,FER,Unification Church,5,,,
12,Florida,437,Union of Messianic Jewish Congregations,10,,,
12,Florida,435,Unitarian Universalist Association of Congregations,45,"7,995",0.08%,0.04%
12,Florida,F57,"United American Free Will Baptist Denomination, Inc.",19,,,
12,Florida,443,United Church of Christ,92,"18,286",0.18%,0.08%
12,Florida,FGN,United Church of God,10,,,
12,Florida,FG5,United Episcopal Church of North America,2,,,
12,Florida,445,"United Holy Church of America, Inc.",7,203,0.00%,0.00%
12,Florida,F58,United House of Prayer,7,"1,204",0.01%,0.01%
12,Florida,449,United Methodist Church,695,"377,800",3.73%,1.75%
12,Florida,454,United Pentecostal Church International,205,,,
12,Florida,455,United Reformed Churches in North America,1,67,0.00%,0.00%
12,Florida,124,"Unity Churches, Association of",70,,,
12,Florida,892,Vajarayana Buddhist,32,"14,950",0.15%,0.07%
12,Florida,FFQ,Vanguard Presbytery,1,,,
12,Florida,462,Vedanta Society,1,,,
12,Florida,179,Venture Church Network,2,,,
12,Florida,463,Vineyard USA,19,"8,202",0.08%,0.04%
12,Florida,467,Wesleyan Church,50,"5,255",0.05%,0.02%
12,Florida,469,Wisconsin Evangelical Lutheran Synod,37,"7,766",0.08%,0.04%
12,Florida,490,Zoroastrian,3,,,
13,Georgia,001,Advent Christian Church,12,746,0.01%,0.01%
13,Georgia,003,African Methodist Episcopal Church,431,"112,931",2.08%,1.05%
13,Georgia,005,African Methodist Episcopal Zion Church,22,"5,886",0.11%,0.05%
13,Georgia,012,Alliance of Baptists,6,,,
13,Georgia,FG6,American Anglican Church,1,,,
13,Georgia,017,American Baptist Association,13,"3,256",0.06%,0.03%
13,Georgia,019,American Baptist Churches in the USA,11,"7,269",0.13%,0.07%
13,Georgia,022,American Carpatho-Russian Orthodox Diocese,1,110,0.00%,0.00%
13,Georgia,904,American Ethical Union,1,,,
13,Georgia,416,American Sikh Council,5,,,
13,Georgia,FFS,Anabaptist Disciples of Christ,1,85,0.00%,0.00%
13,Georgia,F01,Anglican Catholic Church,6,,,
13,Georgia,FG4,Anglican Church in America,1,,,
13,Georgia,033,Anglican Church in North America,27,,,
13,Georgia,FG3,Anglican Province of America,5,,,
13,Georgia,FG2,Anglican Province of Christ the King,1,,,
13,Georgia,034,"Antiochian Orthodox Christian Archdiocese of North America, The",4,588,0.01%,0.01%
13,Georgia,040,Apostolic Christian Church of America,1,59,0.00%,0.00%
13,Georgia,042,"Apostolic Faith Mission of Portland, OR",3,,,
13,Georgia,050,Armenian Church of North America (Catholicosate of Etchmiadzin),1,320,0.01%,0.00%
13,Georgia,053,Assemblies of God,254,"57,331",1.05%,0.54%
13,Georgia,FGJ,Assemblies of the Lord Jesus Christ,4,,,
13,Georgia,055,Associate Reformed Presbyterian Church,11,,,
13,Georgia,056,Baha'i Faith USA,44,"8,027",0.15%,0.07%
13,Georgia,059,Baptist Missionary Association of America,1,,,
13,Georgia,061,Beachy Amish-Mennonite Churches,2,412,0.01%,0.00%
13,Georgia,FE8,Bible Methodist Connection,4,,,
13,Georgia,E54,"Bible Way Church of Our Lord Jesus Christ World Wide, Inc.",5,"1,120",0.02%,0.01%
13,Georgia,FHW,Biblical Mennonite Alliance,2,95,0.00%,0.00%
13,Georgia,075,Brethren In Christ Church,1,,,
13,Georgia,078,"Bulgarian Eastern Orthodox Diocese of the USA, Canada and Australia",1,35,0.00%,0.00%
13,Georgia,084,Calvary Chapel Fellowship Churches,3,,,
13,Georgia,081,Catholic Church,193,"898,162",16.51%,8.38%
13,Georgia,FGS,Chabad Judaism,20,,,
13,Georgia,244,Charis Fellowship,1,,,
13,Georgia,087,Christadelphian,2,,,
13,Georgia,089,Christian and Missionary Alliance,41,"6,867",0.13%,0.06%
13,Georgia,353,Christian Brethren (Open Plymouth Brethren),29,,,
13,Georgia,093,Christian Church (Disciples of Christ),54,"8,754",0.16%,0.08%
13,Georgia,097,Christian Churches and Churches of Christ,145,"36,367",0.67%,0.34%
13,Georgia,F10,Christian Congregation in North America,1,,,
13,Georgia,101,Christian Methodist Episcopal Church,250,"32,630",0.60%,0.30%
13,Georgia,105,Christian Reformed Church in North America,2,15,0.00%,0.00%
13,Georgia,D83,Christ's Sanctified Holy Church,4,,,
13,Georgia,110,"Church of Christ (Holiness), U.S.A.",4,,,
13,Georgia,143,"Church of Christ, Mennonite",3,663,0.01%,0.01%
13,Georgia,111,"Church of Christ, Scientist",3,,,
13,Georgia,F53,Church of God,14,,,
13,Georgia,123,"Church of God (Anderson, Indiana)",48,"5,372",0.10%,0.05%
13,Georgia,125,Church of God (Apostolic),8,,,
13,Georgia,127,"Church of God (Cleveland, Tennessee)",508,"138,336",2.54%,1.29%
13,Georgia,133,Church of God (Seventh Day),4,,,
13,Georgia,C22,Church of God and Saints of Christ,1,,,
13,Georgia,122,"Church of God by Faith, Inc.",26,,,
13,Georgia,121,Church of God General Conference,5,190,0.00%,0.00%
13,Georgia,141,Church of God in Christ,131,"29,329",0.54%,0.27%
13,Georgia,145,Church of God of Prophecy,110,,,
13,Georgia,146,"Church of God, Mountain Assembly, Inc.",2,,,
13,Georgia,151,Church of Jesus Christ of Latter-day Saints,166,"87,411",1.61%,0.82%
13,Georgia,149,"Church of Jesus Christ, The (Bickertonites)",1,,,
13,Georgia,155,"Church of Our Lord Jesus Christ of the Apostolic Faith, Inc.",38,"6,220",0.11%,0.06%
13,Georgia,FFK,Church of the Genuine Orthodox Christians,2,90,0.00%,0.00%
13,Georgia,D59,Church of the Living God: Pillar and Ground of the Truth,1,,,
13,Georgia,164,Church of the Lutheran Confession,1,,,
13,Georgia,165,Church of the Nazarene,90,"9,552",0.18%,0.09%
13,Georgia,167,Churches of Christ,400,"50,662",0.93%,0.47%
13,Georgia,168,Churches of Christ in Christian Union,1,,,
13,Georgia,171,"Churches of God, General Conference",1,0,0.00%,0.00%
13,Georgia,173,Community of Christ,3,,,
13,Georgia,177,Congregational Holiness Church,83,,,
13,Georgia,180,Congregational Methodist Church,11,,,
13,Georgia,181,Conservative Congregational Christian Conference,1,30,0.00%,0.00%
13,Georgia,270,Conservative Judaism,10,"10,500",0.19%,0.10%
13,Georgia,336,Convention of Original Free Will Baptist Churches,3,0,0.00%,0.00%
13,Georgia,186,Coptic Orthodox Church,7,"1,903",0.03%,0.02%
13,Georgia,185,Cumberland Presbyterian,5,741,0.01%,0.01%
13,Georgia,FG7,Diocese of the Holy Cross,1,,,
13,Georgia,286,Eastern Pennsylvania Mennonite Church,1,139,0.00%,0.00%
13,Georgia,FFW,ECO: A Covenant Order of Presbyterians,24,,,
13,Georgia,190,Elim Fellowship,1,,,
13,Georgia,193,Episcopal Church,159,"59,128",1.09%,0.55%
13,Georgia,FG8,Episcopal Missionary Church,1,,,
13,Georgia,202,Eritrean Orthodox,2,"1,875",0.03%,0.02%
13,Georgia,204,Ethiopian Orthodox,10,"4,516",0.08%,0.04%
13,Georgia,197,"Evangelical Church, The",2,306,0.01%,0.00%
13,Georgia,201,Evangelical Covenant Church,8,"2,263",0.04%,0.02%
13,Georgia,203,Evangelical Free Church of America,4,,,
13,Georgia,207,Evangelical Lutheran Church in America,72,"21,522",0.40%,0.20%
13,Georgia,FFE,Evangelical Lutheran Diocese of North America,1,,,
13,Georgia,215,Evangelical Methodist Church,1,,,
13,Georgia,216,Evangelical Presbyterian Church,12,,,
13,Georgia,FGP,Every Nation,2,,,
13,Georgia,263,"Foursquare Gospel, International Church of the",17,"1,452",0.03%,0.01%
13,Georgia,224,Free Church of Scotland (Continuing),1,,,
13,Georgia,221,Free Methodist Church--USA,2,805,0.01%,0.01%
13,Georgia,391,Friends General Conference,3,317,0.01%,0.00%
13,Georgia,F23,Full Gospel Assemblies International,1,,,
13,Georgia,232,Full Gospel Baptist Church Fellowship,56,"9,814",0.18%,0.09%
13,Georgia,FFR,Full Gospel Christian Assemblies International,28,"15,940",0.29%,0.15%
13,Georgia,231,General Association of General Baptists,2,440,0.01%,0.00%
13,Georgia,388,General Association of Regular Baptist Churches,2,,,
13,Georgia,233,General Church of the New Jerusalem,1,,,
13,Georgia,FGM,Grace Communion International,8,,,
13,Georgia,246,Greek Orthodox Archdiocese of America,9,"4,526",0.08%,0.04%
13,Georgia,FGD,Higher Ground Always Abounding Assemblies,2,,,
13,Georgia,895,Hindu Temples,18,"43,135",0.79%,0.40%
13,Georgia,896,Hindu Yoga and Meditation,31,"11,055",0.20%,0.10%
13,Georgia,264,International Churches of Christ,10,"3,584",0.07%,0.03%
13,Georgia,FE9,International Communion of the Charismatic Episcopal Church,6,,,
13,Georgia,262,International Council of Community Churches,1,,,
13,Georgia,265,International Pentecostal Church of Christ,3,,,
13,Georgia,268,Jain,2,,,
13,Georgia,272,Jehovah's Witnesses,455,"119,302",2.19%,1.11%
13,Georgia,283,Lutheran Church--Missouri Synod,45,"7,653",0.14%,0.07%
13,Georgia,255,Lutheran Congregations in Mission for Christ,11,"1,392",0.03%,0.01%
13,Georgia,890,Mahayana Buddhist,11,"5,907",0.11%,0.06%
13,Georgia,334,Malankara Archdiocese of the Syrian Orthodox Church in North America,2,236,0.00%,0.00%
13,Georgia,F28,Malankara Mar Thoma Church,2,161,0.00%,0.00%
13,Georgia,333,Malankara Orthodox Syrian Church,4,532,0.01%,0.00%
13,Georgia,288,Mennonite Church USA,3,105,0.00%,0.00%
13,Georgia,290,Metropolitan Community Churches,2,128,0.00%,0.00%
13,Georgia,291,Missionary Church,12,881,0.02%,0.01%
13,Georgia,295,Moravian Church in America--Southern Province,1,91,0.00%,0.00%
13,Georgia,267,Muslim Estimate,99,"123,652",2.27%,1.15%
13,Georgia,175,National Association of Congregational Christian Churches,3,75,0.00%,0.00%
13,Georgia,223,National Association of Free Will Baptists,98,"6,667",0.12%,0.06%
13,Georgia,301,"National Baptist Convention of America, Inc.",3,"2,845",0.05%,0.03%
13,Georgia,300,"National Baptist Convention, USA, Inc.",197,"162,044",2.98%,1.51%
13,Georgia,302,"National Missionary Baptist Convention, Inc.",371,"165,834",3.05%,1.55%
13,Georgia,F31,Nationwide Fellowship Mennonite Churches,1,65,0.00%,0.00%
13,Georgia,309,New Apostolic Church USA,2,,,
13,Georgia,308,New Testament Association of Independent Baptist Church,1,,,
13,Georgia,500,Non-denominational Christian Churches,"1,693","735,582",13.52%,6.87%
13,Georgia,314,North American Lutheran Church,5,,,
13,Georgia,315,North American Old Roman Catholic Church,1,,,
13,Georgia,FF2,Old German Baptist Brethren,1,71,0.00%,0.00%
13,Georgia,329,Open Bible Churches,1,80,0.00%,0.00%
13,Georgia,331,Orthodox Church in America,9,"1,010",0.02%,0.01%
13,Georgia,276,Orthodox Judaism,17,"7,350",0.14%,0.07%
13,Georgia,335,Orthodox Presbyterian Church,6,,,
13,Georgia,D71,Pentecostal Assemblies of the World,4,"2,980",0.05%,0.03%
13,Georgia,339,Pentecostal Church of God,7,,,
13,Georgia,F38,Pilgrim Mennonite Conference,1,105,0.00%,0.00%
13,Georgia,355,Presbyterian Church (U.S.A.),250,"59,898",1.10%,0.56%
13,Georgia,356,Presbyterian Church in America,135,"33,298",0.61%,0.31%
13,Georgia,361,Primitive Baptists Associations,73,"7,361",0.14%,0.07%
13,Georgia,364,"Progressive National Baptist Convention, Inc.",17,"20,199",0.37%,0.19%
13,Georgia,365,Progressive Primitive Baptists,24,,,
13,Georgia,275,Reconstructionist Judaism,1,910,0.02%,0.01%
13,Georgia,271,Reform Judaism,17,"16,750",0.31%,0.16%
13,Georgia,F41,Reformed Baptist Network,3,,,
13,Georgia,371,Reformed Church in America,3,76,0.00%,0.00%
13,Georgia,375,Reformed Episcopal Church,2,,,
13,Georgia,383,Reformed Presbyterian Church of North America,1,17,0.00%,0.00%
13,Georgia,382,"Reformed Presbyterian Church, Hanover Presbytery",3,,,
13,Georgia,FHG,Remnant: Charity Ministries and related,1,,,
13,Georgia,395,Romanian Orthodox Archdiocese in Americas,1,700,0.01%,0.01%
13,Georgia,401,Russian Orthodox Church Outside of Russia,3,300,0.01%,0.00%
13,Georgia,403,Salvation Army,24,"4,703",0.09%,0.04%
13,Georgia,410,Serbian Orthodox Church in North America,1,300,0.01%,0.00%
13,Georgia,415,"Seventh Day Baptist General Conference, USA and Canada",3,185,0.00%,0.00%
13,Georgia,413,Seventh-day Adventist Church,216,"57,183",1.05%,0.53%
13,Georgia,FD5,South Atlantic Mennonite Conference,4,283,0.01%,0.00%
13,Georgia,419,Southern Baptist Convention,"3,561","1,584,393",29.13%,14.79%
13,Georgia,421,Southern Methodist Church,3,,,
13,Georgia,F51,Sovereign Grace Churches,2,,,
13,Georgia,423,Syriac Orthodox Church of Antioch,1,55,0.00%,0.00%
13,Georgia,425,Tao,1,,,
13,Georgia,F54,The local churches,5,,,
13,Georgia,891,Theravada Buddhist,16,"10,105",0.19%,0.09%
13,Georgia,FGQ,Twelve Tribes,2,,,
13,Georgia,431,Ukrainian Orthodox Church of the USA,1,50,0.00%,0.00%
13,Georgia,432,Unaffiliated Amish-Mennonite (Conservative),1,15,0.00%,0.00%
13,Georgia,FHF,Unaffiliated Conservative Mennonite,2,183,0.00%,0.00%
13,Georgia,389,Unaffiliated Friends Meetings,1,8,0.00%,0.00%
13,Georgia,FER,Unification Church,1,,,
13,Georgia,437,Union of Messianic Jewish Congregations,3,,,
13,Georgia,435,Unitarian Universalist Association of Congregations,17,"3,479",0.06%,0.03%
13,Georgia,F57,"United American Free Will Baptist Denomination, Inc.",1,,,
13,Georgia,443,United Church of Christ,20,"4,313",0.08%,0.04%
13,Georgia,FGN,United Church of God,6,,,
13,Georgia,445,"United Holy Church of America, Inc.",3,172,0.00%,0.00%
13,Georgia,F58,United House of Prayer,17,"2,084",0.04%,0.02%
13,Georgia,449,United Methodist Church,"1,388","549,222",10.10%,5.13%
13,Georgia,454,United Pentecostal Church International,100,,,
13,Georgia,124,"Unity Churches, Association of",14,,,
13,Georgia,237,US Conference of Mennonite Brethren Churches,1,612,0.01%,0.01%
13,Georgia,892,Vajarayana Buddhist,3,430,0.01%,0.00%
13,Georgia,FFQ,Vanguard Presbytery,4,,,
13,Georgia,462,Vedanta Society,1,,,
13,Georgia,463,Vineyard USA,11,"1,916",0.04%,0.02%
13,Georgia,467,Wesleyan Church,23,"30,083",0.55%,0.28%
13,Georgia,469,Wisconsin Evangelical Lutheran Synod,9,"3,034",0.06%,0.03%
13,Georgia,490,Zoroastrian,1,,,
15,Hawaii,001,Advent Christian Church,1,2,0.00%,0.00%
15,Hawaii,005,African Methodist Episcopal Zion Church,1,76,0.01%,0.01%
15,Hawaii,017,American Baptist Association,2,356,0.06%,0.02%
15,Hawaii,019,American Baptist Churches in the USA,2,656,0.11%,0.05%
15,Hawaii,416,American Sikh Council,1,,,
15,Hawaii,033,Anglican Church in North America,5,,,
15,Hawaii,053,Assemblies of God,101,"26,926",4.46%,1.85%
15,Hawaii,220,Association of Free Lutheran Congregations,1,19,0.00%,0.00%
15,Hawaii,056,Baha'i Faith USA,26,869,0.14%,0.06%
15,Hawaii,059,Baptist Missionary Association of America,2,,,
15,Hawaii,084,Calvary Chapel Fellowship Churches,2,,,
15,Hawaii,081,Catholic Church,86,"269,726",44.68%,18.53%
15,Hawaii,FGS,Chabad Judaism,4,,,
15,Hawaii,244,Charis Fellowship,2,,,
15,Hawaii,089,Christian and Missionary Alliance,8,"1,377",0.23%,0.09%
15,Hawaii,353,Christian Brethren (Open Plymouth Brethren),4,,,
15,Hawaii,093,Christian Church (Disciples of Christ),3,300,0.05%,0.02%
15,Hawaii,097,Christian Churches and Churches of Christ,11,"1,477",0.24%,0.10%
15,Hawaii,123,"Church of God (Anderson, Indiana)",1,48,0.01%,0.00%
15,Hawaii,127,"Church of God (Cleveland, Tennessee)",21,"1,133",0.19%,0.08%
15,Hawaii,141,Church of God in Christ,2,240,0.04%,0.02%
15,Hawaii,145,Church of God of Prophecy,1,,,
15,Hawaii,151,Church of Jesus Christ of Latter-day Saints,142,"75,009",12.42%,5.15%
15,Hawaii,165,Church of the Nazarene,24,"3,712",0.61%,0.26%
15,Hawaii,167,Churches of Christ,16,966,0.16%,0.07%
15,Hawaii,173,Community of Christ,7,,,
15,Hawaii,176,"Congregational Christian Churches, Additional (not part of any national CCC body)",5,275,0.05%,0.02%
15,Hawaii,270,Conservative Judaism,1,149,0.02%,0.01%
15,Hawaii,057,Converge Worldwide / Baptist General Conference,1,,,
15,Hawaii,186,Coptic Orthodox Church,4,110,0.02%,0.01%
15,Hawaii,FFW,ECO: A Covenant Order of Presbyterians,1,,,
15,Hawaii,193,Episcopal Church,35,"6,048",1.00%,0.42%
15,Hawaii,201,Evangelical Covenant Church,2,"6,544",1.08%,0.45%
15,Hawaii,203,Evangelical Free Church of America,11,,,
15,Hawaii,207,Evangelical Lutheran Church in America,10,"1,743",0.29%,0.12%
15,Hawaii,FGP,Every Nation,11,,,
15,Hawaii,263,"Foursquare Gospel, International Church of the",61,"13,090",2.17%,0.90%
15,Hawaii,391,Friends General Conference,3,153,0.03%,0.01%
15,Hawaii,FFR,Full Gospel Christian Assemblies International,6,"2,250",0.37%,0.15%
15,Hawaii,FGM,Grace Communion International,1,,,
15,Hawaii,246,Greek Orthodox Archdiocese of America,2,190,0.03%,0.01%
15,Hawaii,896,Hindu Yoga and Meditation,24,"3,853",0.64%,0.26%
15,Hawaii,264,International Churches of Christ,3,455,0.08%,0.03%
15,Hawaii,FE9,International Communion of the Charismatic Episcopal Church,1,,,
15,Hawaii,272,Jehovah's Witnesses,107,"25,076",4.15%,1.72%
15,Hawaii,283,Lutheran Church--Missouri Synod,10,"1,100",0.18%,0.08%
15,Hawaii,890,Mahayana Buddhist,109,"46,778",7.75%,3.21%
15,Hawaii,290,Metropolitan Community Churches,1,26,0.00%,0.00%
15,Hawaii,291,Missionary Church,15,"2,115",0.35%,0.15%
15,Hawaii,267,Muslim Estimate,3,145,0.02%,0.01%
15,Hawaii,223,National Association of Free Will Baptists,1,20,0.00%,0.00%
15,Hawaii,302,"National Missionary Baptist Convention, Inc.",14,"3,688",0.61%,0.25%
15,Hawaii,309,New Apostolic Church USA,1,,,
15,Hawaii,308,New Testament Association of Independent Baptist Church,1,,,
15,Hawaii,500,Non-denominational Christian Churches,133,"48,502",8.03%,3.33%
15,Hawaii,314,North American Lutheran Church,1,,,
15,Hawaii,331,Orthodox Church in America,2,75,0.01%,0.01%
15,Hawaii,335,Orthodox Presbyterian Church,1,,,
15,Hawaii,339,Pentecostal Church of God,1,,,
15,Hawaii,355,Presbyterian Church (U.S.A.),6,479,0.08%,0.03%
15,Hawaii,356,Presbyterian Church in America,5,766,0.13%,0.05%
15,Hawaii,361,Primitive Baptists Associations,1,94,0.02%,0.01%
15,Hawaii,271,Reform Judaism,2,648,0.11%,0.04%
15,Hawaii,401,Russian Orthodox Church Outside of Russia,2,118,0.02%,0.01%
15,Hawaii,403,Salvation Army,12,"1,493",0.25%,0.10%
15,Hawaii,410,Serbian Orthodox Church in North America,1,100,0.02%,0.01%
15,Hawaii,413,Seventh-day Adventist Church,32,"7,422",1.23%,0.51%
15,Hawaii,408,Shinto,8,,,
15,Hawaii,419,Southern Baptist Convention,113,"15,194",2.52%,1.04%
15,Hawaii,F52,Syro-Russian Orthodox Catholic Church,1,,,
15,Hawaii,F54,The local churches,2,,,
15,Hawaii,891,Theravada Buddhist,5,"3,702",0.61%,0.25%
15,Hawaii,FER,Unification Church,1,,,
15,Hawaii,435,Unitarian Universalist Association of Congregations,1,146,0.02%,0.01%
15,Hawaii,443,United Church of Christ,114,"16,726",2.77%,1.15%
15,Hawaii,FGN,United Church of God,1,,,
15,Hawaii,449,United Methodist Church,33,"6,628",1.10%,0.46%
15,Hawaii,454,United Pentecostal Church International,12,,,
15,Hawaii,124,"Unity Churches, Association of",4,,,
15,Hawaii,892,Vajarayana Buddhist,5,"4,760",0.79%,0.33%
15,Hawaii,179,Venture Church Network,3,,,
15,Hawaii,463,Vineyard USA,1,84,0.01%,0.01%
15,Hawaii,469,Wisconsin Evangelical Lutheran Synod,1,93,0.02%,0.01%
16,Idaho,017,American Baptist Association,3,574,0.06%,0.03%
16,Idaho,019,American Baptist Churches in the USA,31,"5,504",0.57%,0.30%
16,Idaho,031,"Amish Groups, undifferentiated",1,67,0.01%,0.00%
16,Idaho,033,Anglican Church in North America,5,,,
16,Idaho,034,"Antiochian Orthodox Christian Archdiocese of North America, The",4,486,0.05%,0.03%
16,Idaho,053,Assemblies of God,89,"26,067",2.69%,1.42%
16,Idaho,056,Baha'i Faith USA,10,871,0.09%,0.05%
16,Idaho,059,Baptist Missionary Association of America,1,,,
16,Idaho,FE8,Bible Methodist Connection,2,,,
16,Idaho,069,Bible Presbyterian Church (General Synod),1,,,
16,Idaho,070,"Bruderhof Communities, Inc.",1,19,0.00%,0.00%
16,Idaho,084,Calvary Chapel Fellowship Churches,6,,,
16,Idaho,081,Catholic Church,98,"203,790",21.01%,11.08%
16,Idaho,FGS,Chabad Judaism,1,,,
16,Idaho,087,Christadelphian,1,,,
16,Idaho,089,Christian and Missionary Alliance,8,"1,951",0.20%,0.11%
16,Idaho,353,Christian Brethren (Open Plymouth Brethren),3,,,
16,Idaho,093,Christian Church (Disciples of Christ),15,"1,350",0.14%,0.07%
16,Idaho,097,Christian Churches and Churches of Christ,25,"27,442",2.83%,1.49%
16,Idaho,105,Christian Reformed Church in North America,1,0,0.00%,0.00%
16,Idaho,F13,Church of Christ,1,,,
16,Idaho,143,"Church of Christ, Mennonite",10,"1,655",0.17%,0.09%
16,Idaho,111,"Church of Christ, Scientist",1,,,
16,Idaho,F53,Church of God,4,,,
16,Idaho,123,"Church of God (Anderson, Indiana)",10,"2,086",0.22%,0.11%
16,Idaho,127,"Church of God (Cleveland, Tennessee)",12,215,0.02%,0.01%
16,Idaho,141,Church of God in Christ,4,486,0.05%,0.03%
16,Idaho,145,Church of God of Prophecy,14,,,
16,Idaho,151,Church of Jesus Christ of Latter-day Saints,"1,184","462,069",47.64%,25.12%
16,Idaho,157,Church of the Brethren,6,543,0.06%,0.03%
16,Idaho,164,Church of the Lutheran Confession,1,,,
16,Idaho,165,Church of the Nazarene,53,"23,106",2.38%,1.26%
16,Idaho,438,Church of the United Brethren in Christ USA,2,75,0.01%,0.00%
16,Idaho,167,Churches of Christ,40,"2,906",0.30%,0.16%
16,Idaho,172,Communion of Reformed Evangelical Churches,5,,,
16,Idaho,173,Community of Christ,4,,,
16,Idaho,181,Conservative Congregational Christian Conference,3,311,0.03%,0.02%
16,Idaho,057,Converge Worldwide / Baptist General Conference,1,,,
16,Idaho,186,Coptic Orthodox Church,1,35,0.00%,0.00%
16,Idaho,FFW,ECO: A Covenant Order of Presbyterians,5,,,
16,Idaho,FFP,Ecumenical Catholic Communion,1,60,0.01%,0.00%
16,Idaho,193,Episcopal Church,32,"4,813",0.50%,0.26%
16,Idaho,203,Evangelical Free Church of America,9,,,
16,Idaho,328,Evangelical Friends Church International,11,"1,493",0.15%,0.08%
16,Idaho,207,Evangelical Lutheran Church in America,32,"6,333",0.65%,0.34%
16,Idaho,215,Evangelical Methodist Church,2,,,
16,Idaho,216,Evangelical Presbyterian Church,5,,,
16,Idaho,213,Fellowship of Evangelical Churches,1,158,0.02%,0.01%
16,Idaho,263,"Foursquare Gospel, International Church of the",23,"2,130",0.22%,0.12%
16,Idaho,221,Free Methodist Church--USA,8,974,0.10%,0.05%
16,Idaho,FFR,Full Gospel Christian Assemblies International,3,370,0.04%,0.02%
16,Idaho,388,General Association of Regular Baptist Churches,13,,,
16,Idaho,243,Grace Gospel Fellowship,1,,,
16,Idaho,246,Greek Orthodox Archdiocese of America,2,190,0.02%,0.01%
16,Idaho,896,Hindu Yoga and Meditation,3,"1,247",0.13%,0.07%
16,Idaho,338,Independent Yearly Meetings of Friends,3,44,0.00%,0.00%
16,Idaho,264,International Churches of Christ,1,81,0.01%,0.00%
16,Idaho,FE9,International Communion of the Charismatic Episcopal Church,1,,,
16,Idaho,272,Jehovah's Witnesses,77,"16,840",1.74%,0.92%
16,Idaho,283,Lutheran Church--Missouri Synod,43,"8,097",0.83%,0.44%
16,Idaho,255,Lutheran Congregations in Mission for Christ,8,990,0.10%,0.05%
16,Idaho,890,Mahayana Buddhist,5,228,0.02%,0.01%
16,Idaho,278,Maranatha Amish-Mennonite,2,162,0.02%,0.01%
16,Idaho,288,Mennonite Church USA,5,471,0.05%,0.03%
16,Idaho,290,Metropolitan Community Churches,1,24,0.00%,0.00%
16,Idaho,267,Muslim Estimate,6,"2,531",0.26%,0.14%
16,Idaho,223,National Association of Free Will Baptists,4,159,0.02%,0.01%
16,Idaho,302,"National Missionary Baptist Convention, Inc.",4,700,0.07%,0.04%
16,Idaho,309,New Apostolic Church USA,2,,,
16,Idaho,500,Non-denominational Christian Churches,194,"98,996",10.21%,5.38%
16,Idaho,313,North American Baptist Conference,3,,,
16,Idaho,314,North American Lutheran Church,2,,,
16,Idaho,FF2,Old German Baptist Brethren,1,98,0.01%,0.01%
16,Idaho,F35,"Old German Baptist Brethren, New Conference",2,154,0.02%,0.01%
16,Idaho,329,Open Bible Churches,1,,,
16,Idaho,335,Orthodox Presbyterian Church,2,,,
16,Idaho,339,Pentecostal Church of God,6,,,
16,Idaho,F38,Pilgrim Mennonite Conference,1,34,0.00%,0.00%
16,Idaho,355,Presbyterian Church (U.S.A.),40,"3,961",0.41%,0.22%
16,Idaho,356,Presbyterian Church in America,2,225,0.02%,0.01%
16,Idaho,271,Reform Judaism,2,"1,080",0.11%,0.06%
16,Idaho,371,Reformed Church in America,3,"1,897",0.20%,0.10%
16,Idaho,FHG,Remnant: Charity Ministries and related,1,,,
16,Idaho,401,Russian Orthodox Church Outside of Russia,1,150,0.02%,0.01%
16,Idaho,403,Salvation Army,8,524,0.05%,0.03%
16,Idaho,410,Serbian Orthodox Church in North America,1,200,0.02%,0.01%
16,Idaho,413,Seventh-day Adventist Church,61,"11,828",1.22%,0.64%
16,Idaho,419,Southern Baptist Convention,105,"10,429",1.08%,0.57%
16,Idaho,F54,The local churches,2,,,
16,Idaho,891,Theravada Buddhist,2,592,0.06%,0.03%
16,Idaho,FHF,Unaffiliated Conservative Mennonite,2,282,0.03%,0.02%
16,Idaho,FER,Unification Church,1,,,
16,Idaho,435,Unitarian Universalist Association of Congregations,6,733,0.08%,0.04%
16,Idaho,443,United Church of Christ,11,895,0.09%,0.05%
16,Idaho,FGN,United Church of God,3,,,
16,Idaho,449,United Methodist Church,56,"24,561",2.53%,1.34%
16,Idaho,454,United Pentecostal Church International,17,,,
16,Idaho,455,United Reformed Churches in North America,4,677,0.07%,0.04%
16,Idaho,124,"Unity Churches, Association of",3,,,
16,Idaho,892,Vajarayana Buddhist,3,320,0.03%,0.02%
16,Idaho,463,Vineyard USA,5,"1,092",0.11%,0.06%
16,Idaho,467,Wesleyan Church,3,135,0.01%,0.01%
16,Idaho,FD8,Western Conservative Mennonite Fellowship,2,99,0.01%,0.01%
16,Idaho,469,Wisconsin Evangelical Lutheran Synod,3,"1,236",0.13%,0.07%
17,Illinois,001,Advent Christian Church,5,"1,269",0.02%,0.01%
17,Illinois,003,African Methodist Episcopal Church,97,"24,899",0.38%,0.19%
17,Illinois,005,African Methodist Episcopal Zion Church,16,"4,070",0.06%,0.03%
17,Illinois,009,Albanian Orthodox Diocese of America,1,500,0.01%,0.00%
17,Illinois,012,Alliance of Baptists,2,,,
17,Illinois,284,American Association of Lutheran Churches,1,,,
17,Illinois,017,American Baptist Association,9,"1,456",0.02%,0.01%
17,Illinois,019,American Baptist Churches in the USA,240,"49,864",0.77%,0.39%
17,Illinois,022,American Carpatho-Russian Orthodox Diocese,3,285,0.00%,0.00%
17,Illinois,904,American Ethical Union,1,,,
17,Illinois,416,American Sikh Council,6,,,
17,Illinois,031,"Amish Groups, undifferentiated",66,"7,162",0.11%,0.06%
17,Illinois,FG4,Anglican Church in America,2,,,
17,Illinois,033,Anglican Church in North America,33,,,
17,Illinois,FG2,Anglican Province of Christ the King,1,,,
17,Illinois,034,"Antiochian Orthodox Christian Archdiocese of North America, The",7,"2,440",0.04%,0.02%
17,Illinois,FF8,Apostolic Christian Church (Nazarene) - West Conference,1,405,0.01%,0.00%
17,Illinois,040,Apostolic Christian Church of America,19,"7,509",0.12%,0.06%
17,Illinois,FEX,Apostolic Christian Faith,5,970,0.01%,0.01%
17,Illinois,042,"Apostolic Faith Mission of Portland, OR",1,,,
17,Illinois,049,Armenian Apostolic Church of America (Catholicosate of Cilicia),3,535,0.01%,0.00%
17,Illinois,050,Armenian Church of North America (Catholicosate of Etchmiadzin),5,770,0.01%,0.01%
17,Illinois,053,Assemblies of God,315,"106,173",1.63%,0.83%
17,Illinois,220,Association of Free Lutheran Congregations,18,"3,816",0.06%,0.03%
17,Illinois,047,Association of Reformed Baptist Churches of America,1,,,
17,Illinois,056,Baha'i Faith USA,29,"5,574",0.09%,0.04%
17,Illinois,059,Baptist Missionary Association of America,6,,,
17,Illinois,061,Beachy Amish-Mennonite Churches,2,356,0.01%,0.00%
17,Illinois,062,Berea Amish-Mennonite,2,124,0.00%,0.00%
17,Illinois,065,"Bethel Ministerial Association, Inc.",5,,,
17,Illinois,217,Bible Holiness Church,1,,,
17,Illinois,FE8,Bible Methodist Connection,1,,,
17,Illinois,FHW,Biblical Mennonite Alliance,1,114,0.00%,0.00%
17,Illinois,071,"Brethren Church, The (Ashland, Ohio)",3,,,
17,Illinois,075,Brethren In Christ Church,2,,,
17,Illinois,078,"Bulgarian Eastern Orthodox Diocese of the USA, Canada and Australia",3,990,0.02%,0.01%
17,Illinois,084,Calvary Chapel Fellowship Churches,1,,,
17,Illinois,081,Catholic Church,991,"3,099,544",47.61%,24.19%
17,Illinois,FGS,Chabad Judaism,45,,,
17,Illinois,087,Christadelphian,7,,,
17,Illinois,089,Christian and Missionary Alliance,43,"6,022",0.09%,0.05%
17,Illinois,FDU,Christian Apostolic Church,2,188,0.00%,0.00%
17,Illinois,353,Christian Brethren (Open Plymouth Brethren),34,,,
17,Illinois,093,Christian Church (Disciples of Christ),135,"17,086",0.26%,0.13%
17,Illinois,097,Christian Churches and Churches of Christ,437,"137,365",2.11%,1.07%
17,Illinois,F10,Christian Congregation in North America,2,,,
17,Illinois,101,Christian Methodist Episcopal Church,35,"10,556",0.16%,0.08%
17,Illinois,105,Christian Reformed Church in North America,44,"9,712",0.15%,0.08%
17,Illinois,110,"Church of Christ (Holiness), U.S.A.",6,,,
17,Illinois,143,"Church of Christ, Mennonite",1,133,0.00%,0.00%
17,Illinois,111,"Church of Christ, Scientist",10,,,
17,Illinois,F53,Church of God,1,,,
17,Illinois,123,"Church of God (Anderson, Indiana)",85,"14,018",0.22%,0.11%
17,Illinois,127,"Church of God (Cleveland, Tennessee)",118,"10,382",0.16%,0.08%
17,Illinois,133,Church of God (Seventh Day),10,,,
17,Illinois,C22,Church of God and Saints of Christ,1,,,
17,Illinois,121,Church of God General Conference,7,262,0.00%,0.00%
17,Illinois,141,Church of God in Christ,214,"59,740",0.92%,0.47%
17,Illinois,145,Church of God of Prophecy,19,,,
17,Illinois,151,Church of Jesus Christ of Latter-day Saints,120,"56,888",0.87%,0.44%
17,Illinois,155,"Church of Our Lord Jesus Christ of the Apostolic Faith, Inc.",9,"1,716",0.03%,0.01%
17,Illinois,157,Church of the Brethren,37,"3,553",0.05%,0.03%
17,Illinois,FFK,Church of the Genuine Orthodox Christians,2,350,0.01%,0.00%
17,Illinois,A47,Church of the Living God (Christian Workers for Fellowship),7,,,
17,Illinois,163,Church of the Lutheran Brethren of America,1,,,
17,Illinois,164,Church of the Lutheran Confession,2,,,
17,Illinois,165,Church of the Nazarene,229,"37,752",0.58%,0.29%
17,Illinois,438,Church of the United Brethren in Christ USA,3,79,0.00%,0.00%
17,Illinois,167,Churches of Christ,250,"22,871",0.35%,0.18%
17,Illinois,168,Churches of Christ in Christian Union,2,,,
17,Illinois,171,"Churches of God, General Conference",21,"3,156",0.05%,0.02%
17,Illinois,172,Communion of Reformed Evangelical Churches,2,,,
17,Illinois,173,Community of Christ,35,,,
17,Illinois,FFG,Concordia Lutheran Conference,3,,,
17,Illinois,176,"Congregational Christian Churches, Additional (not part of any national CCC body)",1,147,0.00%,0.00%
17,Illinois,181,Conservative Congregational Christian Conference,13,"2,491",0.04%,0.02%
17,Illinois,270,Conservative Judaism,17,"17,348",0.27%,0.14%
17,Illinois,183,Conservative Mennonite Conference,2,133,0.00%,0.00%
17,Illinois,186,Coptic Orthodox Church,5,"3,931",0.06%,0.03%
17,Illinois,FF6,Covenant Presbyterian Church,1,,,
17,Illinois,185,Cumberland Presbyterian,30,"2,408",0.04%,0.02%
17,Illinois,187,Cumberland Presbyterian Church in America,2,286,0.00%,0.00%
17,Illinois,286,Eastern Pennsylvania Mennonite Church,6,"1,005",0.02%,0.01%
17,Illinois,FFW,ECO: A Covenant Order of Presbyterians,12,,,
17,Illinois,FFP,Ecumenical Catholic Communion,1,25,0.00%,0.00%
17,Illinois,190,Elim Fellowship,3,,,
17,Illinois,193,Episcopal Church,154,"34,281",0.53%,0.27%
17,Illinois,202,Eritrean Orthodox,2,880,0.01%,0.01%
17,Illinois,204,Ethiopian Orthodox,3,"2,500",0.04%,0.02%
17,Illinois,198,"Evangelical Association of Reformed, and Congregational Christian Churches",4,,,
17,Illinois,197,"Evangelical Church, The",1,0,0.00%,0.00%
17,Illinois,199,Evangelical Congregational Church,5,,,
17,Illinois,201,Evangelical Covenant Church,75,"15,873",0.24%,0.12%
17,Illinois,203,Evangelical Free Church of America,113,,,
17,Illinois,328,Evangelical Friends Church International,1,74,0.00%,0.00%
17,Illinois,207,Evangelical Lutheran Church in America,439,"162,063",2.49%,1.26%
17,Illinois,FFE,Evangelical Lutheran Diocese of North America,2,,,
17,Illinois,209,Evangelical Lutheran Synod,2,128,0.00%,0.00%
17,Illinois,215,Evangelical Methodist Church,2,,,
17,Illinois,216,Evangelical Presbyterian Church,18,,,
17,Illinois,FGP,Every Nation,1,,,
17,Illinois,210,Federation of Reformed Churches,1,,,
17,Illinois,FGL,Fellowship of Christian Assemblies,12,,,
17,Illinois,213,Fellowship of Evangelical Churches,21,"3,578",0.05%,0.03%
17,Illinois,346,Fire-Baptized Holiness Church of the Americas,4,,,
17,Illinois,263,"Foursquare Gospel, International Church of the",41,"8,102",0.12%,0.06%
17,Illinois,221,Free Methodist Church--USA,36,"2,831",0.04%,0.02%
17,Illinois,391,Friends General Conference,11,732,0.01%,0.01%
17,Illinois,393,"Friends General Conference and Friends United Meeting, dually aligned meetings",2,128,0.00%,0.00%
17,Illinois,225,Friends United Meeting,1,65,0.00%,0.00%
17,Illinois,F23,Full Gospel Assemblies International,2,,,
17,Illinois,232,Full Gospel Baptist Church Fellowship,18,"3,360",0.05%,0.03%
17,Illinois,FFR,Full Gospel Christian Assemblies International,22,"7,332",0.11%,0.06%
17,Illinois,231,General Association of General Baptists,12,"3,510",0.05%,0.03%
17,Illinois,388,General Association of Regular Baptist Churches,54,,,
17,Illinois,233,General Church of the New Jerusalem,2,,,
17,Illinois,242,Georgian Orthodox Parishes in the United States,1,100,0.00%,0.00%
17,Illinois,FHN,German Apostolic / Christian Apostolic Churches,5,353,0.01%,0.00%
17,Illinois,FGM,Grace Communion International,5,,,
17,Illinois,243,Grace Gospel Fellowship,4,,,
17,Illinois,246,Greek Orthodox Archdiocese of America,34,"29,020",0.45%,0.23%
17,Illinois,895,Hindu Temples,21,"25,705",0.39%,0.20%
17,Illinois,896,Hindu Yoga and Meditation,48,"21,223",0.33%,0.17%
17,Illinois,251,Holy Orthodox Church in North America,1,28,0.00%,0.00%
17,Illinois,FGR,Independent Judaism,7,40,0.00%,0.00%
17,Illinois,264,International Churches of Christ,5,"2,645",0.04%,0.02%
17,Illinois,262,International Council of Community Churches,4,,,
17,Illinois,256,International Fellowship of Bible Churches,2,,,
17,Illinois,268,Jain,1,,,
17,Illinois,272,Jehovah's Witnesses,394,"93,798",1.44%,0.73%
17,Illinois,FFL,Knanaya Churches in the USA,1,160,0.00%,0.00%
17,Illinois,FFJ,Laestadian Lutheran Church,1,,,
17,Illinois,D66,Liberal Catholic Church,1,,,
17,Illinois,283,Lutheran Church--Missouri Synod,480,"182,097",2.80%,1.42%
17,Illinois,255,Lutheran Congregations in Mission for Christ,27,"6,874",0.11%,0.05%
17,Illinois,330,Macedonian Orthodox Church: American Diocese,2,"3,475",0.05%,0.03%
17,Illinois,890,Mahayana Buddhist,45,"21,345",0.33%,0.17%
17,Illinois,334,Malankara Archdiocese of the Syrian Orthodox Church in North America,2,440,0.01%,0.00%
17,Illinois,333,Malankara Orthodox Syrian Church,4,"1,216",0.02%,0.01%
17,Illinois,288,Mennonite Church USA,40,"6,577",0.10%,0.05%
17,Illinois,290,Metropolitan Community Churches,3,94,0.00%,0.00%
17,Illinois,FDZ,Mid-Atlantic Mennonite Fellowship,1,79,0.00%,0.00%
17,Illinois,310,Midwest Beachy Amish-Mennonite,4,445,0.01%,0.00%
17,Illinois,291,Missionary Church,24,"2,191",0.03%,0.02%
17,Illinois,293,Moravian Church in America--Northern Province,1,243,0.00%,0.00%
17,Illinois,267,Muslim Estimate,127,"473,792",7.28%,3.70%
17,Illinois,175,National Association of Congregational Christian Churches,12,801,0.01%,0.01%
17,Illinois,223,National Association of Free Will Baptists,39,"3,680",0.06%,0.03%
17,Illinois,301,"National Baptist Convention of America, Inc.",17,"9,676",0.15%,0.08%
17,Illinois,300,"National Baptist Convention, USA, Inc.",119,"83,856",1.29%,0.65%
17,Illinois,302,"National Missionary Baptist Convention, Inc.",456,"161,734",2.48%,1.26%
17,Illinois,303,National Spiritualist Association of Churches,5,,,
17,Illinois,307,Netherlands Reformed Congregations,1,,,
17,Illinois,309,New Apostolic Church USA,9,,,
17,Illinois,308,New Testament Association of Independent Baptist Church,9,,,
17,Illinois,500,Non-denominational Christian Churches,"1,383","589,448",9.05%,4.60%
17,Illinois,313,North American Baptist Conference,11,,,
17,Illinois,314,North American Lutheran Church,21,,,
17,Illinois,FFY,Northern New Salem Association of Old Regular Baptists,1,13,0.00%,0.00%
17,Illinois,329,Open Bible Churches,14,"1,160",0.02%,0.01%
17,Illinois,331,Orthodox Church in America,21,"3,428",0.05%,0.03%
17,Illinois,276,Orthodox Judaism,42,"16,310",0.25%,0.13%
17,Illinois,FFN,Orthodox Old Roman Catholic Communion,2,,,
17,Illinois,335,Orthodox Presbyterian Church,12,,,
17,Illinois,D71,Pentecostal Assemblies of the World,6,"6,050",0.09%,0.05%
17,Illinois,339,Pentecostal Church of God,9,,,
17,Illinois,352,Polish National Catholic Church,6,,,
17,Illinois,355,Presbyterian Church (U.S.A.),349,"62,272",0.96%,0.49%
17,Illinois,356,Presbyterian Church in America,48,"8,916",0.14%,0.07%
17,Illinois,361,Primitive Baptists Associations,6,556,0.01%,0.00%
17,Illinois,363,Primitive Methodist Church in the USA,1,,,
17,Illinois,364,"Progressive National Baptist Convention, Inc.",33,"16,498",0.25%,0.13%
17,Illinois,369,Protestant Reformed Churches in America,3,673,0.01%,0.01%
17,Illinois,275,Reconstructionist Judaism,4,"2,379",0.04%,0.02%
17,Illinois,271,Reform Judaism,31,"34,639",0.53%,0.27%
17,Illinois,F41,Reformed Baptist Network,1,,,
17,Illinois,371,Reformed Church in America,34,"8,581",0.13%,0.07%
17,Illinois,375,Reformed Episcopal Church,1,,,
17,Illinois,379,Reformed Mennonite Church,1,28,0.00%,0.00%
17,Illinois,383,Reformed Presbyterian Church of North America,2,43,0.00%,0.00%
17,Illinois,395,Romanian Orthodox Archdiocese in Americas,1,750,0.01%,0.01%
17,Illinois,401,Russian Orthodox Church Outside of Russia,5,395,0.01%,0.00%
17,Illinois,403,Salvation Army,45,"4,479",0.07%,0.03%
17,Illinois,410,Serbian Orthodox Church in North America,11,"7,830",0.12%,0.06%
17,Illinois,415,"Seventh Day Baptist General Conference, USA and Canada",1,26,0.00%,0.00%
17,Illinois,413,Seventh-day Adventist Church,158,"30,888",0.47%,0.24%
17,Illinois,419,Southern Baptist Convention,"1,008","222,589",3.42%,1.74%
17,Illinois,F49,Southern Illinois Christian Conference,10,,,
17,Illinois,414,Stauffer Mennonite Church,1,94,0.00%,0.00%
17,Illinois,239,Swedenborgian Church,1,4,0.00%,0.00%
17,Illinois,423,Syriac Orthodox Church of Antioch,2,160,0.00%,0.00%
17,Illinois,424,Tampico Amish-Mennonite,1,388,0.01%,0.00%
17,Illinois,425,Tao,1,,,
17,Illinois,F54,The local churches,10,,,
17,Illinois,891,Theravada Buddhist,24,"11,577",0.18%,0.09%
17,Illinois,431,Ukrainian Orthodox Church of the USA,3,"1,405",0.02%,0.01%
17,Illinois,432,Unaffiliated Amish-Mennonite (Conservative),2,139,0.00%,0.00%
17,Illinois,FER,Unification Church,1,,,
17,Illinois,437,Union of Messianic Jewish Congregations,3,,,
17,Illinois,435,Unitarian Universalist Association of Congregations,36,"7,428",0.11%,0.06%
17,Illinois,443,United Church of Christ,320,"96,617",1.48%,0.75%
17,Illinois,FGN,United Church of God,4,,,
17,Illinois,F58,United House of Prayer,1,210,0.00%,0.00%
17,Illinois,449,United Methodist Church,"1,121","235,045",3.61%,1.83%
17,Illinois,454,United Pentecostal Church International,201,,,
17,Illinois,455,United Reformed Churches in North America,5,967,0.01%,0.01%
17,Illinois,124,"Unity Churches, Association of",21,,,
17,Illinois,892,Vajarayana Buddhist,10,"3,410",0.05%,0.03%
17,Illinois,462,Vedanta Society,1,,,
17,Illinois,179,Venture Church Network,25,,,
17,Illinois,463,Vineyard USA,24,"7,812",0.12%,0.06%
17,Illinois,467,Wesleyan Church,18,"2,409",0.04%,0.02%
17,Illinois,469,Wisconsin Evangelical Lutheran Synod,35,"9,195",0.14%,0.07%
17,Illinois,490,Zoroastrian,1,,,
18,Indiana,001,Advent Christian Church,1,57,0.00%,0.00%
18,Indiana,003,African Methodist Episcopal Church,53,"11,624",0.41%,0.17%
18,Indiana,005,African Methodist Episcopal Zion Church,19,"4,138",0.14%,0.06%
18,Indiana,FHJ,Agape Christian Fellowship,5,740,0.03%,0.01%
18,Indiana,012,Alliance of Baptists,1,,,
18,Indiana,016,Ambassadors Amish-Mennonite,1,139,0.00%,0.00%
18,Indiana,017,American Baptist Association,13,"2,326",0.08%,0.03%
18,Indiana,019,American Baptist Churches in the USA,328,"82,755",2.89%,1.22%
18,Indiana,022,American Carpatho-Russian Orthodox Diocese,3,240,0.01%,0.00%
18,Indiana,904,American Ethical Union,1,,,
18,Indiana,416,American Sikh Council,10,,,
18,Indiana,031,"Amish Groups, undifferentiated",467,"56,972",1.99%,0.84%
18,Indiana,FFS,Anabaptist Disciples of Christ,3,639,0.02%,0.01%
18,Indiana,F01,Anglican Catholic Church,3,,,
18,Indiana,FG4,Anglican Church in America,1,,,
18,Indiana,033,Anglican Church in North America,15,,,
18,Indiana,FG3,Anglican Province of America,3,,,
18,Indiana,034,"Antiochian Orthodox Christian Archdiocese of North America, The",7,"1,637",0.06%,0.02%
18,Indiana,040,Apostolic Christian Church of America,12,"3,384",0.12%,0.05%
18,Indiana,042,"Apostolic Faith Mission of Portland, OR",1,,,
18,Indiana,053,Assemblies of God,253,"49,621",1.74%,0.73%
18,Indiana,FGJ,Assemblies of the Lord Jesus Christ,2,,,
18,Indiana,220,Association of Free Lutheran Congregations,1,24,0.00%,0.00%
18,Indiana,058,Association of Messianic Congregations,1,,,
18,Indiana,056,Baha'i Faith USA,10,"1,377",0.05%,0.02%
18,Indiana,059,Baptist Missionary Association of America,3,,,
18,Indiana,061,Beachy Amish-Mennonite Churches,7,716,0.03%,0.01%
18,Indiana,062,Berea Amish-Mennonite,1,41,0.00%,0.00%
18,Indiana,FDT,Bethel Fellowship Mennonite Churches,1,77,0.00%,0.00%
18,Indiana,065,"Bethel Ministerial Association, Inc.",7,,,
18,Indiana,FE8,Bible Methodist Connection,7,,,
18,Indiana,FHW,Biblical Mennonite Alliance,7,602,0.02%,0.01%
18,Indiana,071,"Brethren Church, The (Ashland, Ohio)",26,,,
18,Indiana,075,Brethren In Christ Church,4,,,
18,Indiana,078,"Bulgarian Eastern Orthodox Diocese of the USA, Canada and Australia",3,405,0.01%,0.01%
18,Indiana,084,Calvary Chapel Fellowship Churches,3,,,
18,Indiana,081,Catholic Church,389,"779,477",27.26%,11.49%
18,Indiana,082,Central Baptist Association,1,100,0.00%,0.00%
18,Indiana,FGS,Chabad Judaism,4,,,
18,Indiana,244,Charis Fellowship,11,,,
18,Indiana,087,Christadelphian,5,,,
18,Indiana,089,Christian and Missionary Alliance,26,"3,982",0.14%,0.06%
18,Indiana,353,Christian Brethren (Open Plymouth Brethren),3,,,
18,Indiana,093,Christian Church (Disciples of Christ),141,"41,813",1.46%,0.62%
18,Indiana,097,Christian Churches and Churches of Christ,535,"184,302",6.45%,2.72%
18,Indiana,F10,Christian Congregation in North America,1,,,
18,Indiana,101,Christian Methodist Episcopal Church,26,"7,466",0.26%,0.11%
18,Indiana,105,Christian Reformed Church in North America,18,"4,537",0.16%,0.07%
18,Indiana,110,"Church of Christ (Holiness), U.S.A.",4,,,
18,Indiana,143,"Church of Christ, Mennonite",2,331,0.01%,0.00%
18,Indiana,111,"Church of Christ, Scientist",6,,,
18,Indiana,F53,Church of God,4,,,
18,Indiana,123,"Church of God (Anderson, Indiana)",131,"37,416",1.31%,0.55%
18,Indiana,127,"Church of God (Cleveland, Tennessee)",107,"10,464",0.37%,0.15%
18,Indiana,133,Church of God (Seventh Day),2,,,
18,Indiana,C22,Church of God and Saints of Christ,1,,,
18,Indiana,121,Church of God General Conference,7,263,0.01%,0.00%
18,Indiana,141,Church of God in Christ,82,"16,486",0.58%,0.24%
18,Indiana,145,Church of God of Prophecy,28,,,
18,Indiana,146,"Church of God, Mountain Assembly, Inc.",8,,,
18,Indiana,151,Church of Jesus Christ of Latter-day Saints,102,"45,952",1.61%,0.68%
18,Indiana,149,"Church of Jesus Christ, The (Bickertonites)",1,,,
18,Indiana,155,"Church of Our Lord Jesus Christ of the Apostolic Faith, Inc.",5,900,0.03%,0.01%
18,Indiana,157,Church of the Brethren,80,"9,583",0.34%,0.14%
18,Indiana,A47,Church of the Living God (Christian Workers for Fellowship),1,,,
18,Indiana,D59,Church of the Living God: Pillar and Ground of the Truth,2,,,
18,Indiana,165,Church of the Nazarene,290,"61,639",2.16%,0.91%
18,Indiana,438,Church of the United Brethren in Christ USA,22,"4,424",0.15%,0.07%
18,Indiana,167,Churches of Christ,309,"30,666",1.07%,0.45%
18,Indiana,168,Churches of Christ in Christian Union,4,,,
18,Indiana,171,"Churches of God, General Conference",21,"4,372",0.15%,0.06%
18,Indiana,172,Communion of Reformed Evangelical Churches,1,,,
18,Indiana,173,Community of Christ,9,,,
18,Indiana,176,"Congregational Christian Churches, Additional (not part of any national CCC body)",1,124,0.00%,0.00%
18,Indiana,181,Conservative Congregational Christian Conference,2,433,0.02%,0.01%
18,Indiana,270,Conservative Judaism,4,"2,903",0.10%,0.04%
18,Indiana,183,Conservative Mennonite Conference,9,"2,750",0.10%,0.04%
18,Indiana,186,Coptic Orthodox Church,1,"1,000",0.03%,0.01%
18,Indiana,185,Cumberland Presbyterian,5,589,0.02%,0.01%
18,Indiana,FFT,Dunkard Brethren Church,3,105,0.00%,0.00%
18,Indiana,286,Eastern Pennsylvania Mennonite Church,1,65,0.00%,0.00%
18,Indiana,FFW,ECO: A Covenant Order of Presbyterians,2,,,
18,Indiana,FGK,Ecumenical Catholic Church,1,,,
18,Indiana,190,Elim Fellowship,2,,,
18,Indiana,193,Episcopal Church,81,"11,981",0.42%,0.18%
18,Indiana,202,Eritrean Orthodox,3,520,0.02%,0.01%
18,Indiana,204,Ethiopian Orthodox,1,500,0.02%,0.01%
18,Indiana,FJ6,Evangel Presbytery,8,,,
18,Indiana,198,"Evangelical Association of Reformed, and Congregational Christian Churches",8,,,
18,Indiana,197,"Evangelical Church, The",5,329,0.01%,0.00%
18,Indiana,201,Evangelical Covenant Church,8,993,0.03%,0.01%
18,Indiana,203,Evangelical Free Church of America,26,,,
18,Indiana,207,Evangelical Lutheran Church in America,150,"39,094",1.37%,0.58%
18,Indiana,209,Evangelical Lutheran Synod,2,276,0.01%,0.00%
18,Indiana,215,Evangelical Methodist Church,5,,,
18,Indiana,216,Evangelical Presbyterian Church,14,,,
18,Indiana,FGP,Every Nation,1,,,
18,Indiana,213,Fellowship of Evangelical Churches,13,"2,374",0.08%,0.03%
18,Indiana,346,Fire-Baptized Holiness Church of the Americas,1,,,
18,Indiana,263,"Foursquare Gospel, International Church of the",25,"4,456",0.16%,0.07%
18,Indiana,221,Free Methodist Church--USA,26,"2,509",0.09%,0.04%
18,Indiana,222,Free Presbyterian Church of North America,1,,,
18,Indiana,391,Friends General Conference,9,346,0.01%,0.01%
18,Indiana,225,Friends United Meeting,83,"4,964",0.17%,0.07%
18,Indiana,232,Full Gospel Baptist Church Fellowship,13,"2,208",0.08%,0.03%
18,Indiana,FFR,Full Gospel Christian Assemblies International,19,"2,700",0.09%,0.04%
18,Indiana,231,General Association of General Baptists,20,"5,488",0.19%,0.08%
18,Indiana,388,General Association of Regular Baptist Churches,72,,,
18,Indiana,233,General Church of the New Jerusalem,1,,,
18,Indiana,FGM,Grace Communion International,7,,,
18,Indiana,243,Grace Gospel Fellowship,6,,,
18,Indiana,246,Greek Orthodox Archdiocese of America,8,"8,646",0.30%,0.13%
18,Indiana,FDX,Haven Mennonite Fellowship,1,85,0.00%,0.00%
18,Indiana,FGD,Higher Ground Always Abounding Assemblies,2,,,
18,Indiana,895,Hindu Temples,3,"4,662",0.16%,0.07%
18,Indiana,896,Hindu Yoga and Meditation,11,"1,698",0.06%,0.03%
18,Indiana,FGR,Independent Judaism,1,111,0.00%,0.00%
18,Indiana,338,Independent Yearly Meetings of Friends,6,532,0.02%,0.01%
18,Indiana,FFX,Indian Bottom Association of Old Regular Baptists,2,49,0.00%,0.00%
18,Indiana,264,International Churches of Christ,3,633,0.02%,0.01%
18,Indiana,262,International Council of Community Churches,2,,,
18,Indiana,256,International Fellowship of Bible Churches,4,,,
18,Indiana,265,International Pentecostal Church of Christ,1,,,
18,Indiana,272,Jehovah's Witnesses,181,"41,552",1.45%,0.61%
18,Indiana,F26,Kentucky Christian Conference,1,,,
18,Indiana,283,Lutheran Church--Missouri Synod,218,"89,348",3.12%,1.32%
18,Indiana,255,Lutheran Congregations in Mission for Christ,14,"1,618",0.06%,0.02%
18,Indiana,330,Macedonian Orthodox Church: American Diocese,1,"3,500",0.12%,0.05%
18,Indiana,890,Mahayana Buddhist,7,"1,804",0.06%,0.03%
18,Indiana,288,Mennonite Church USA,40,"6,671",0.23%,0.10%
18,Indiana,290,Metropolitan Community Churches,2,38,0.00%,0.00%
18,Indiana,FD1,Midwest Mennonite Fellowship,5,600,0.02%,0.01%
18,Indiana,291,Missionary Church,86,"22,010",0.77%,0.32%
18,Indiana,293,Moravian Church in America--Northern Province,1,506,0.02%,0.01%
18,Indiana,267,Muslim Estimate,45,"41,400",1.45%,0.61%
18,Indiana,175,National Association of Congregational Christian Churches,4,352,0.01%,0.01%
18,Indiana,223,National Association of Free Will Baptists,18,"1,456",0.05%,0.02%
18,Indiana,301,"National Baptist Convention of America, Inc.",12,"5,266",0.18%,0.08%
18,Indiana,300,"National Baptist Convention, USA, Inc.",36,"21,600",0.76%,0.32%
18,Indiana,302,"National Missionary Baptist Convention, Inc.",250,"126,744",4.43%,1.87%
18,Indiana,303,National Spiritualist Association of Churches,2,,,
18,Indiana,309,New Apostolic Church USA,4,,,
18,Indiana,500,Non-denominational Christian Churches,"1,164","474,576",16.60%,6.99%
18,Indiana,313,North American Baptist Conference,3,,,
18,Indiana,314,North American Lutheran Church,12,,,
18,Indiana,FFY,Northern New Salem Association of Old Regular Baptists,2,41,0.00%,0.00%
18,Indiana,FHS,Old Brethren (California),1,56,0.00%,0.00%
18,Indiana,FHT,Old Brethren (Goshen),2,323,0.01%,0.00%
18,Indiana,FD3,Old Brethren German Baptist,1,129,0.00%,0.00%
18,Indiana,FF2,Old German Baptist Brethren,9,"1,539",0.05%,0.02%
18,Indiana,F35,"Old German Baptist Brethren, New Conference",5,401,0.01%,0.01%
18,Indiana,329,Open Bible Churches,1,44,0.00%,0.00%
18,Indiana,331,Orthodox Church in America,8,"1,090",0.04%,0.02%
18,Indiana,276,Orthodox Judaism,4,"1,190",0.04%,0.02%
18,Indiana,335,Orthodox Presbyterian Church,3,,,
18,Indiana,D71,Pentecostal Assemblies of the World,5,"1,190",0.04%,0.02%
18,Indiana,339,Pentecostal Church of God,22,,,
18,Indiana,352,Polish National Catholic Church,3,,,
18,Indiana,355,Presbyterian Church (U.S.A.),204,"29,557",1.03%,0.44%
18,Indiana,356,Presbyterian Church in America,25,"3,171",0.11%,0.05%
18,Indiana,354,Presbyterian Reformed Church,2,,,
18,Indiana,361,Primitive Baptists Associations,1,94,0.00%,0.00%
18,Indiana,364,"Progressive National Baptist Convention, Inc.",10,"3,210",0.11%,0.05%
18,Indiana,365,Progressive Primitive Baptists,1,,,
18,Indiana,369,Protestant Reformed Churches in America,1,225,0.01%,0.00%
18,Indiana,275,Reconstructionist Judaism,1,"1,931",0.07%,0.03%
18,Indiana,271,Reform Judaism,11,"5,424",0.19%,0.08%
18,Indiana,F41,Reformed Baptist Network,2,,,
18,Indiana,371,Reformed Church in America,9,"11,965",0.42%,0.18%
18,Indiana,375,Reformed Episcopal Church,2,,,
18,Indiana,383,Reformed Presbyterian Church of North America,11,"1,423",0.05%,0.02%
18,Indiana,382,"Reformed Presbyterian Church, Hanover Presbytery",1,,,
18,Indiana,FHG,Remnant: Charity Ministries and related,1,,,
18,Indiana,395,Romanian Orthodox Archdiocese in Americas,2,62,0.00%,0.00%
18,Indiana,401,Russian Orthodox Church Outside of Russia,6,98,0.00%,0.00%
18,Indiana,403,Salvation Army,32,"2,367",0.08%,0.03%
18,Indiana,410,Serbian Orthodox Church in North America,6,"2,635",0.09%,0.04%
18,Indiana,415,"Seventh Day Baptist General Conference, USA and Canada",1,17,0.00%,0.00%
18,Indiana,413,Seventh-day Adventist Church,99,"17,314",0.61%,0.26%
18,Indiana,419,Southern Baptist Convention,453,"91,318",3.19%,1.35%
18,Indiana,F51,Sovereign Grace Churches,1,,,
18,Indiana,239,Swedenborgian Church,1,26,0.00%,0.00%
18,Indiana,423,Syriac Orthodox Church of Antioch,1,40,0.00%,0.00%
18,Indiana,F54,The local churches,3,,,
18,Indiana,891,Theravada Buddhist,11,"2,095",0.07%,0.03%
18,Indiana,431,Ukrainian Orthodox Church of the USA,3,240,0.01%,0.00%
18,Indiana,432,Unaffiliated Amish-Mennonite (Conservative),5,401,0.01%,0.01%
18,Indiana,FHH,Unaffiliated Amish-Mennonite (Spring Garden network),4,962,0.03%,0.01%
18,Indiana,FHF,Unaffiliated Conservative Mennonite,8,662,0.02%,0.01%
18,Indiana,389,Unaffiliated Friends Meetings,1,40,0.00%,0.00%
18,Indiana,FHR,Unaffiliated Mennonite (Wisler Christian Fellowship),1,192,0.01%,0.00%
18,Indiana,FER,Unification Church,1,,,
18,Indiana,435,Unitarian Universalist Association of Congregations,16,"2,934",0.10%,0.04%
18,Indiana,443,United Church of Christ,109,"23,673",0.83%,0.35%
18,Indiana,FGN,United Church of God,5,,,
18,Indiana,449,United Methodist Church,"1,053","216,269",7.56%,3.19%
18,Indiana,454,United Pentecostal Church International,159,,,
18,Indiana,455,United Reformed Churches in North America,4,863,0.03%,0.01%
18,Indiana,124,"Unity Churches, Association of",8,,,
18,Indiana,237,US Conference of Mennonite Brethren Churches,1,25,0.00%,0.00%
18,Indiana,892,Vajarayana Buddhist,3,480,0.02%,0.01%
18,Indiana,179,Venture Church Network,1,,,
18,Indiana,463,Vineyard USA,25,"8,770",0.31%,0.13%
18,Indiana,467,Wesleyan Church,182,"18,978",0.66%,0.28%
18,Indiana,FJ5,Westminster Evangelical Presbyterian Church,1,,,
18,Indiana,469,Wisconsin Evangelical Lutheran Synod,10,"1,316",0.05%,0.02%
18,Indiana,FE1,Wisler Mennonite Conference (Ohio-Indiana),3,808,0.03%,0.01%
19,Iowa,001,Advent Christian Church,1,129,0.01%,0.00%
19,Iowa,003,African Methodist Episcopal Church,10,"2,664",0.19%,0.08%
19,Iowa,005,African Methodist Episcopal Zion Church,1,180,0.01%,0.01%
19,Iowa,FHJ,Agape Christian Fellowship,2,130,0.01%,0.00%
19,Iowa,015,Amana Church Society,1,321,0.02%,0.01%
19,Iowa,284,American Association of Lutheran Churches,9,,,
19,Iowa,017,American Baptist Association,1,178,0.01%,0.01%
19,Iowa,019,American Baptist Churches in the USA,83,"12,110",0.85%,0.38%
19,Iowa,416,American Sikh Council,2,,,
19,Iowa,031,"Amish Groups, undifferentiated",72,"9,366",0.65%,0.29%
19,Iowa,FG4,Anglican Church in America,1,,,
19,Iowa,033,Anglican Church in North America,2,,,
19,Iowa,034,"Antiochian Orthodox Christian Archdiocese of North America, The",4,477,0.03%,0.01%
19,Iowa,040,Apostolic Christian Church of America,8,"1,783",0.12%,0.06%
19,Iowa,FEX,Apostolic Christian Faith,4,317,0.02%,0.01%
19,Iowa,053,Assemblies of God,132,"31,965",2.23%,1.00%
19,Iowa,220,Association of Free Lutheran Congregations,6,880,0.06%,0.03%
19,Iowa,056,Baha'i Faith USA,7,"1,015",0.07%,0.03%
19,Iowa,061,Beachy Amish-Mennonite Churches,3,335,0.02%,0.01%
19,Iowa,062,Berea Amish-Mennonite,1,173,0.01%,0.01%
19,Iowa,063,Berean Fellowship of Churches,2,,,
19,Iowa,FDT,Bethel Fellowship Mennonite Churches,1,45,0.00%,0.00%
19,Iowa,FHW,Biblical Mennonite Alliance,2,196,0.01%,0.01%
19,Iowa,071,"Brethren Church, The (Ashland, Ohio)",1,,,
19,Iowa,084,Calvary Chapel Fellowship Churches,1,,,
19,Iowa,081,Catholic Church,416,"470,487",32.87%,14.75%
19,Iowa,FGS,Chabad Judaism,4,,,
19,Iowa,244,Charis Fellowship,5,,,
19,Iowa,089,Christian and Missionary Alliance,23,"4,905",0.34%,0.15%
19,Iowa,353,Christian Brethren (Open Plymouth Brethren),35,,,
19,Iowa,093,Christian Church (Disciples of Christ),111,"15,618",1.09%,0.49%
19,Iowa,097,Christian Churches and Churches of Christ,106,"22,066",1.54%,0.69%
19,Iowa,101,Christian Methodist Episcopal Church,1,180,0.01%,0.01%
19,Iowa,105,Christian Reformed Church in North America,61,"14,914",1.04%,0.47%
19,Iowa,143,"Church of Christ, Mennonite",5,660,0.05%,0.02%
19,Iowa,111,"Church of Christ, Scientist",2,,,
19,Iowa,F53,Church of God,2,,,
19,Iowa,123,"Church of God (Anderson, Indiana)",7,614,0.04%,0.02%
19,Iowa,127,"Church of God (Cleveland, Tennessee)",17,"1,237",0.09%,0.04%
19,Iowa,133,Church of God (Seventh Day),2,,,
19,Iowa,121,Church of God General Conference,3,113,0.01%,0.00%
19,Iowa,141,Church of God in Christ,14,"2,304",0.16%,0.07%
19,Iowa,145,Church of God of Prophecy,9,,,
19,Iowa,151,Church of Jesus Christ of Latter-day Saints,69,"28,402",1.98%,0.89%
19,Iowa,157,Church of the Brethren,22,"1,925",0.13%,0.06%
19,Iowa,FFK,Church of the Genuine Orthodox Christians,1,40,0.00%,0.00%
19,Iowa,163,Church of the Lutheran Brethren of America,3,,,
19,Iowa,165,Church of the Nazarene,70,"9,683",0.68%,0.30%
19,Iowa,438,Church of the United Brethren in Christ USA,1,14,0.00%,0.00%
19,Iowa,167,Churches of Christ,58,"3,552",0.25%,0.11%
19,Iowa,171,"Churches of God, General Conference",6,177,0.01%,0.01%
19,Iowa,172,Communion of Reformed Evangelical Churches,1,,,
19,Iowa,173,Community of Christ,44,,,
19,Iowa,181,Conservative Congregational Christian Conference,8,"1,571",0.11%,0.05%
19,Iowa,270,Conservative Judaism,2,"1,050",0.07%,0.03%
19,Iowa,183,Conservative Mennonite Conference,3,447,0.03%,0.01%
19,Iowa,390,Conservative Yearly Meeting of Friends,8,493,0.03%,0.02%
19,Iowa,057,Converge Worldwide / Baptist General Conference,40,,,
19,Iowa,186,Coptic Orthodox Church,2,462,0.03%,0.01%
19,Iowa,184,Covenant Reformed Presbyterian Church,1,,,
19,Iowa,185,Cumberland Presbyterian,1,16,0.00%,0.00%
19,Iowa,FFT,Dunkard Brethren Church,1,160,0.01%,0.01%
19,Iowa,FFW,ECO: A Covenant Order of Presbyterians,4,,,
19,Iowa,193,Episcopal Church,59,"6,767",0.47%,0.21%
19,Iowa,202,Eritrean Orthodox,1,420,0.03%,0.01%
19,Iowa,204,Ethiopian Orthodox,2,200,0.01%,0.01%
19,Iowa,197,"Evangelical Church, The",4,219,0.02%,0.01%
19,Iowa,201,Evangelical Covenant Church,16,"1,604",0.11%,0.05%
19,Iowa,203,Evangelical Free Church of America,100,,,
19,Iowa,207,Evangelical Lutheran Church in America,403,"185,217",12.94%,5.81%
19,Iowa,209,Evangelical Lutheran Synod,20,998,0.07%,0.03%
19,Iowa,216,Evangelical Presbyterian Church,4,,,
19,Iowa,FGL,Fellowship of Christian Assemblies,2,,,
19,Iowa,263,"Foursquare Gospel, International Church of the",26,"3,304",0.23%,0.10%
19,Iowa,221,Free Methodist Church--USA,9,292,0.02%,0.01%
19,Iowa,391,Friends General Conference,1,13,0.00%,0.00%
19,Iowa,225,Friends United Meeting,27,"2,923",0.20%,0.09%
19,Iowa,232,Full Gospel Baptist Church Fellowship,4,612,0.04%,0.02%
19,Iowa,FFR,Full Gospel Christian Assemblies International,4,"1,372",0.10%,0.04%
19,Iowa,388,General Association of Regular Baptist Churches,89,,,
19,Iowa,FGM,Grace Communion International,1,,,
19,Iowa,243,Grace Gospel Fellowship,1,,,
19,Iowa,246,Greek Orthodox Archdiocese of America,6,"1,235",0.09%,0.04%
19,Iowa,248,Heritage Reformed Congregations,1,70,0.00%,0.00%
19,Iowa,895,Hindu Temples,4,"2,950",0.21%,0.09%
19,Iowa,896,Hindu Yoga and Meditation,6,"1,081",0.08%,0.03%
19,Iowa,264,International Churches of Christ,1,79,0.01%,0.00%
19,Iowa,272,Jehovah's Witnesses,85,"15,552",1.09%,0.49%
19,Iowa,D66,Liberal Catholic Church,1,,,
19,Iowa,283,Lutheran Church--Missouri Synod,285,"89,917",6.28%,2.82%
19,Iowa,255,Lutheran Congregations in Mission for Christ,66,"17,440",1.22%,0.55%
19,Iowa,890,Mahayana Buddhist,3,550,0.04%,0.02%
19,Iowa,333,Malankara Orthodox Syrian Church,1,26,0.00%,0.00%
19,Iowa,288,Mennonite Church USA,19,"2,647",0.18%,0.08%
19,Iowa,290,Metropolitan Community Churches,1,89,0.01%,0.00%
19,Iowa,FDZ,Mid-Atlantic Mennonite Fellowship,1,71,0.00%,0.00%
19,Iowa,291,Missionary Church,5,308,0.02%,0.01%
19,Iowa,267,Muslim Estimate,23,"23,211",1.62%,0.73%
19,Iowa,175,National Association of Congregational Christian Churches,13,"1,441",0.10%,0.05%
19,Iowa,223,National Association of Free Will Baptists,2,116,0.01%,0.00%
19,Iowa,300,"National Baptist Convention, USA, Inc.",14,"10,619",0.74%,0.33%
19,Iowa,302,"National Missionary Baptist Convention, Inc.",21,"6,454",0.45%,0.20%
19,Iowa,F31,Nationwide Fellowship Mennonite Churches,2,65,0.00%,0.00%
19,Iowa,307,Netherlands Reformed Congregations,2,,,
19,Iowa,309,New Apostolic Church USA,1,,,
19,Iowa,308,New Testament Association of Independent Baptist Church,2,,,
19,Iowa,500,Non-denominational Christian Churches,289,"85,426",5.97%,2.68%
19,Iowa,313,North American Baptist Conference,13,,,
19,Iowa,314,North American Lutheran Church,34,,,
19,Iowa,324,Old Order River Brethren,1,64,0.00%,0.00%
19,Iowa,329,Open Bible Churches,45,"5,438",0.38%,0.17%
19,Iowa,331,Orthodox Church in America,2,84,0.01%,0.00%
19,Iowa,276,Orthodox Judaism,1,200,0.01%,0.01%
19,Iowa,335,Orthodox Presbyterian Church,3,,,
19,Iowa,339,Pentecostal Church of God,3,,,
19,Iowa,355,Presbyterian Church (U.S.A.),242,"32,550",2.27%,1.02%
19,Iowa,356,Presbyterian Church in America,10,921,0.06%,0.03%
19,Iowa,354,Presbyterian Reformed Church,1,,,
19,Iowa,361,Primitive Baptists Associations,1,42,0.00%,0.00%
19,Iowa,364,"Progressive National Baptist Convention, Inc.",1,700,0.05%,0.02%
19,Iowa,369,Protestant Reformed Churches in America,3,946,0.07%,0.03%
19,Iowa,271,Reform Judaism,6,"2,076",0.15%,0.07%
19,Iowa,371,Reformed Church in America,79,"41,570",2.90%,1.30%
19,Iowa,373,Reformed Church in the United States,2,43,0.00%,0.00%
19,Iowa,383,Reformed Presbyterian Church of North America,3,137,0.01%,0.00%
19,Iowa,382,"Reformed Presbyterian Church, Hanover Presbytery",1,,,
19,Iowa,401,Russian Orthodox Church Outside of Russia,3,82,0.01%,0.00%
19,Iowa,403,Salvation Army,19,"1,257",0.09%,0.04%
19,Iowa,410,Serbian Orthodox Church in North America,1,190,0.01%,0.01%
19,Iowa,413,Seventh-day Adventist Church,47,"4,953",0.35%,0.16%
19,Iowa,419,Southern Baptist Convention,113,"16,129",1.13%,0.51%
19,Iowa,239,Swedenborgian Church,1,6,0.00%,0.00%
19,Iowa,424,Tampico Amish-Mennonite,2,247,0.02%,0.01%
19,Iowa,F54,The local churches,3,,,
19,Iowa,891,Theravada Buddhist,4,"1,338",0.09%,0.04%
19,Iowa,432,Unaffiliated Amish-Mennonite (Conservative),1,48,0.00%,0.00%
19,Iowa,FHF,Unaffiliated Conservative Mennonite,1,74,0.01%,0.00%
19,Iowa,435,Unitarian Universalist Association of Congregations,13,"2,271",0.16%,0.07%
19,Iowa,443,United Church of Christ,162,"29,595",2.07%,0.93%
19,Iowa,FGN,United Church of God,2,,,
19,Iowa,449,United Methodist Church,735,"173,750",12.14%,5.45%
19,Iowa,454,United Pentecostal Church International,46,,,
19,Iowa,455,United Reformed Churches in North America,8,"1,716",0.12%,0.05%
19,Iowa,124,"Unity Churches, Association of",4,,,
19,Iowa,237,US Conference of Mennonite Brethren Churches,1,13,0.00%,0.00%
19,Iowa,892,Vajarayana Buddhist,1,20,0.00%,0.00%
19,Iowa,462,Vedanta Society,1,,,
19,Iowa,179,Venture Church Network,11,,,
19,Iowa,463,Vineyard USA,12,"3,568",0.25%,0.11%
19,Iowa,FJ3,Weaverland Mennonite Conference,1,580,0.04%,0.02%
19,Iowa,467,Wesleyan Church,18,"2,739",0.19%,0.09%
19,Iowa,469,Wisconsin Evangelical Lutheran Synod,9,"1,360",0.10%,0.04%
20,Kansas,003,African Methodist Episcopal Church,38,"7,171",0.53%,0.24%
20,Kansas,005,African Methodist Episcopal Zion Church,3,576,0.04%,0.02%
20,Kansas,284,American Association of Lutheran Churches,1,,,
20,Kansas,017,American Baptist Association,5,"3,450",0.26%,0.12%
20,Kansas,019,American Baptist Churches in the USA,186,"34,575",2.56%,1.18%
20,Kansas,416,American Sikh Council,2,,,
20,Kansas,031,"Amish Groups, undifferentiated",21,"1,976",0.15%,0.07%
20,Kansas,FG4,Anglican Church in America,2,,,
20,Kansas,033,Anglican Church in North America,5,,,
20,Kansas,034,"Antiochian Orthodox Christian Archdiocese of North America, The",9,"1,519",0.11%,0.05%
20,Kansas,040,Apostolic Christian Church of America,6,684,0.05%,0.02%
20,Kansas,FEX,Apostolic Christian Faith,2,136,0.01%,0.00%
20,Kansas,053,Assemblies of God,154,"27,959",2.07%,0.95%
20,Kansas,220,Association of Free Lutheran Congregations,1,285,0.02%,0.01%
20,Kansas,047,Association of Reformed Baptist Churches of America,1,,,
20,Kansas,056,Baha'i Faith USA,6,"1,263",0.09%,0.04%
20,Kansas,059,Baptist Missionary Association of America,6,,,
20,Kansas,061,Beachy Amish-Mennonite Churches,4,675,0.05%,0.02%
20,Kansas,063,Berean Fellowship of Churches,3,,,
20,Kansas,217,Bible Holiness Church,10,,,
20,Kansas,FE8,Bible Methodist Connection,2,,,
20,Kansas,FHW,Biblical Mennonite Alliance,1,188,0.01%,0.01%
20,Kansas,071,"Brethren Church, The (Ashland, Ohio)",2,,,
20,Kansas,075,Brethren In Christ Church,9,,,
20,Kansas,081,Catholic Church,337,"414,939",30.69%,14.12%
20,Kansas,FGS,Chabad Judaism,3,,,
20,Kansas,244,Charis Fellowship,1,,,
20,Kansas,087,Christadelphian,1,,,
20,Kansas,089,Christian and Missionary Alliance,6,"1,585",0.12%,0.05%
20,Kansas,FDU,Christian Apostolic Church,1,25,0.00%,0.00%
20,Kansas,353,Christian Brethren (Open Plymouth Brethren),13,,,
20,Kansas,093,Christian Church (Disciples of Christ),106,"15,908",1.18%,0.54%
20,Kansas,097,Christian Churches and Churches of Christ,191,"56,271",4.16%,1.92%
20,Kansas,101,Christian Methodist Episcopal Church,7,"1,406",0.10%,0.05%
20,Kansas,105,Christian Reformed Church in North America,3,421,0.03%,0.01%
20,Kansas,143,"Church of Christ, Mennonite",26,"5,097",0.38%,0.17%
20,Kansas,111,"Church of Christ, Scientist",3,,,
20,Kansas,F53,Church of God,1,,,
20,Kansas,123,"Church of God (Anderson, Indiana)",45,"12,810",0.95%,0.44%
20,Kansas,127,"Church of God (Cleveland, Tennessee)",25,"1,649",0.12%,0.06%
20,Kansas,133,Church of God (Seventh Day),2,,,
20,Kansas,141,Church of God in Christ,66,"14,224",1.05%,0.48%
20,Kansas,145,Church of God of Prophecy,9,,,
20,Kansas,120,"Church of God of the Apostolic Faith, Inc.",4,,,
20,Kansas,F16,Church of God of the Firstborn,1,,,
20,Kansas,151,Church of Jesus Christ of Latter-day Saints,76,"38,311",2.83%,1.30%
20,Kansas,155,"Church of Our Lord Jesus Christ of the Apostolic Faith, Inc.",1,126,0.01%,0.00%
20,Kansas,157,Church of the Brethren,24,"2,260",0.17%,0.08%
20,Kansas,A47,Church of the Living God (Christian Workers for Fellowship),3,,,
20,Kansas,165,Church of the Nazarene,157,"28,507",2.11%,0.97%
20,Kansas,438,Church of the United Brethren in Christ USA,4,49,0.00%,0.00%
20,Kansas,167,Churches of Christ,148,"15,592",1.15%,0.53%
20,Kansas,171,"Churches of God, General Conference",2,86,0.01%,0.00%
20,Kansas,172,Communion of Reformed Evangelical Churches,2,,,
20,Kansas,173,Community of Christ,24,,,
20,Kansas,181,Conservative Congregational Christian Conference,4,577,0.04%,0.02%
20,Kansas,270,Conservative Judaism,3,"2,163",0.16%,0.07%
20,Kansas,183,Conservative Mennonite Conference,2,251,0.02%,0.01%
20,Kansas,057,Converge Worldwide / Baptist General Conference,3,,,
20,Kansas,FF6,Covenant Presbyterian Church,1,,,
20,Kansas,FFT,Dunkard Brethren Church,1,99,0.01%,0.00%
20,Kansas,193,Episcopal Church,69,"9,507",0.70%,0.32%
20,Kansas,FG8,Episcopal Missionary Church,1,,,
20,Kansas,204,Ethiopian Orthodox,2,525,0.04%,0.02%
20,Kansas,201,Evangelical Covenant Church,29,"4,280",0.32%,0.15%
20,Kansas,203,Evangelical Free Church of America,32,,,
20,Kansas,328,Evangelical Friends Church International,25,"2,500",0.18%,0.09%
20,Kansas,207,Evangelical Lutheran Church in America,104,"26,474",1.96%,0.90%
20,Kansas,216,Evangelical Presbyterian Church,15,,,
20,Kansas,211,Fellowship of Evangelical Bible Churches,1,,,
20,Kansas,213,Fellowship of Evangelical Churches,7,957,0.07%,0.03%
20,Kansas,263,"Foursquare Gospel, International Church of the",24,"2,956",0.22%,0.10%
20,Kansas,221,Free Methodist Church--USA,12,"1,189",0.09%,0.04%
20,Kansas,391,Friends General Conference,1,11,0.00%,0.00%
20,Kansas,225,Friends United Meeting,2,292,0.02%,0.01%
20,Kansas,FFR,Full Gospel Christian Assemblies International,13,"2,876",0.21%,0.10%
20,Kansas,388,General Association of Regular Baptist Churches,19,,,
20,Kansas,FHN,German Apostolic / Christian Apostolic Churches,1,25,0.00%,0.00%
20,Kansas,FGM,Grace Communion International,1,,,
20,Kansas,246,Greek Orthodox Archdiocese of America,2,455,0.03%,0.02%
20,Kansas,895,Hindu Temples,4,"5,731",0.42%,0.20%
20,Kansas,896,Hindu Yoga and Meditation,6,"1,231",0.09%,0.04%
20,Kansas,247,"Holiness Church Of God, Inc., The",2,,,
20,Kansas,264,International Churches of Christ,3,628,0.05%,0.02%
20,Kansas,FE9,International Communion of the Charismatic Episcopal Church,2,,,
20,Kansas,256,International Fellowship of Bible Churches,2,,,
20,Kansas,268,Jain,1,,,
20,Kansas,272,Jehovah's Witnesses,89,"18,970",1.40%,0.65%
20,Kansas,283,Lutheran Church--Missouri Synod,161,"47,593",3.52%,1.62%
20,Kansas,255,Lutheran Congregations in Mission for Christ,14,"1,222",0.09%,0.04%
20,Kansas,890,Mahayana Buddhist,9,696,0.05%,0.02%
20,Kansas,F28,Malankara Mar Thoma Church,1,15,0.00%,0.00%
20,Kansas,278,Maranatha Amish-Mennonite,2,244,0.02%,0.01%
20,Kansas,288,Mennonite Church USA,40,"8,484",0.63%,0.29%
20,Kansas,290,Metropolitan Community Churches,2,188,0.01%,0.01%
20,Kansas,FD1,Midwest Mennonite Fellowship,1,72,0.01%,0.00%
20,Kansas,291,Missionary Church,3,167,0.01%,0.01%
20,Kansas,267,Muslim Estimate,16,"3,615",0.27%,0.12%
20,Kansas,175,National Association of Congregational Christian Churches,7,"1,430",0.11%,0.05%
20,Kansas,223,National Association of Free Will Baptists,10,892,0.07%,0.03%
20,Kansas,301,"National Baptist Convention of America, Inc.",5,"2,280",0.17%,0.08%
20,Kansas,300,"National Baptist Convention, USA, Inc.",22,"13,208",0.98%,0.45%
20,Kansas,302,"National Missionary Baptist Convention, Inc.",57,"16,240",1.20%,0.55%
20,Kansas,309,New Apostolic Church USA,1,,,
20,Kansas,500,Non-denominational Christian Churches,578,"164,486",12.16%,5.60%
20,Kansas,313,North American Baptist Conference,9,,,
20,Kansas,314,North American Lutheran Church,6,,,
20,Kansas,FF2,Old German Baptist Brethren,5,562,0.04%,0.02%
20,Kansas,F35,"Old German Baptist Brethren, New Conference",3,247,0.02%,0.01%
20,Kansas,324,Old Order River Brethren,1,21,0.00%,0.00%
20,Kansas,331,Orthodox Church in America,2,340,0.03%,0.01%
20,Kansas,D71,Pentecostal Assemblies of the World,6,"4,914",0.36%,0.17%
20,Kansas,339,Pentecostal Church of God,8,,,
20,Kansas,355,Presbyterian Church (U.S.A.),145,"22,370",1.65%,0.76%
20,Kansas,356,Presbyterian Church in America,8,"1,611",0.12%,0.05%
20,Kansas,361,Primitive Baptists Associations,1,50,0.00%,0.00%
20,Kansas,271,Reform Judaism,3,"4,609",0.34%,0.16%
20,Kansas,371,Reformed Church in America,3,316,0.02%,0.01%
20,Kansas,383,Reformed Presbyterian Church of North America,11,742,0.05%,0.03%
20,Kansas,401,Russian Orthodox Church Outside of Russia,1,60,0.00%,0.00%
20,Kansas,403,Salvation Army,14,"1,074",0.08%,0.04%
20,Kansas,410,Serbian Orthodox Church in North America,1,440,0.03%,0.01%
20,Kansas,413,Seventh-day Adventist Church,61,"8,179",0.60%,0.28%
20,Kansas,419,Southern Baptist Convention,359,"84,805",6.27%,2.89%
20,Kansas,F51,Sovereign Grace Churches,1,,,
20,Kansas,239,Swedenborgian Church,2,72,0.01%,0.00%
20,Kansas,F54,The local churches,4,,,
20,Kansas,891,Theravada Buddhist,9,"3,345",0.25%,0.11%
20,Kansas,FGQ,Twelve Tribes,2,,,
20,Kansas,437,Union of Messianic Jewish Congregations,1,,,
20,Kansas,435,Unitarian Universalist Association of Congregations,6,"1,396",0.10%,0.05%
20,Kansas,443,United Church of Christ,41,"5,988",0.44%,0.20%
20,Kansas,FGN,United Church of God,4,,,
20,Kansas,449,United Methodist Church,630,"165,658",12.25%,5.64%
20,Kansas,454,United Pentecostal Church International,16,,,
20,Kansas,124,"Unity Churches, Association of",9,,,
20,Kansas,237,US Conference of Mennonite Brethren Churches,17,"4,810",0.36%,0.16%
20,Kansas,463,Vineyard USA,4,"1,040",0.08%,0.04%
20,Kansas,467,Wesleyan Church,38,"6,062",0.45%,0.21%
20,Kansas,469,Wisconsin Evangelical Lutheran Synod,9,"1,278",0.09%,0.04%
20,Kansas,490,Zoroastrian,1,,,
21,Kentucky,001,Advent Christian Church,2,46,0.00%,0.00%
21,Kentucky,003,African Methodist Episcopal Church,50,"8,743",0.39%,0.19%
21,Kentucky,005,African Methodist Episcopal Zion Church,24,"3,476",0.16%,0.08%
21,Kentucky,FHJ,Agape Christian Fellowship,2,307,0.01%,0.01%
21,Kentucky,012,Alliance of Baptists,5,,,
21,Kentucky,016,Ambassadors Amish-Mennonite,5,601,0.03%,0.01%
21,Kentucky,284,American Association of Lutheran Churches,1,,,
21,Kentucky,017,American Baptist Association,12,"3,548",0.16%,0.08%
21,Kentucky,019,American Baptist Churches in the USA,7,"1,681",0.08%,0.04%
21,Kentucky,416,American Sikh Council,2,,,
21,Kentucky,031,"Amish Groups, undifferentiated",120,"13,013",0.58%,0.29%
21,Kentucky,F01,Anglican Catholic Church,1,,,
21,Kentucky,FG4,Anglican Church in America,1,,,
21,Kentucky,033,Anglican Church in North America,17,,,
21,Kentucky,FG3,Anglican Province of America,1,,,
21,Kentucky,034,"Antiochian Orthodox Christian Archdiocese of North America, The",3,"1,410",0.06%,0.03%
21,Kentucky,053,Assemblies of God,165,"19,907",0.89%,0.44%
21,Kentucky,FGJ,Assemblies of the Lord Jesus Christ,1,,,
21,Kentucky,055,Associate Reformed Presbyterian Church,3,,,
21,Kentucky,056,Baha'i Faith USA,2,775,0.03%,0.02%
21,Kentucky,061,Beachy Amish-Mennonite Churches,3,361,0.02%,0.01%
21,Kentucky,FEZ,Believers in Christ,1,364,0.02%,0.01%
21,Kentucky,062,Berea Amish-Mennonite,1,129,0.01%,0.00%
21,Kentucky,063,Berean Fellowship of Churches,1,,,
21,Kentucky,FE8,Bible Methodist Connection,1,,,
21,Kentucky,FHW,Biblical Mennonite Alliance,2,65,0.00%,0.00%
21,Kentucky,071,"Brethren Church, The (Ashland, Ohio)",2,,,
21,Kentucky,075,Brethren In Christ Church,7,,,
21,Kentucky,081,Catholic Church,300,"354,064",15.90%,7.86%
21,Kentucky,082,Central Baptist Association,3,358,0.02%,0.01%
21,Kentucky,FGS,Chabad Judaism,4,,,
21,Kentucky,244,Charis Fellowship,3,,,
21,Kentucky,087,Christadelphian,2,,,
21,Kentucky,089,Christian and Missionary Alliance,19,"5,388",0.24%,0.12%
21,Kentucky,353,Christian Brethren (Open Plymouth Brethren),4,,,
21,Kentucky,093,Christian Church (Disciples of Christ),206,"29,511",1.33%,0.65%
21,Kentucky,097,Christian Churches and Churches of Christ,338,"128,612",5.78%,2.85%
21,Kentucky,FF1,Christian Communities,2,104,0.00%,0.00%
21,Kentucky,F10,Christian Congregation in North America,1,,,
21,Kentucky,101,Christian Methodist Episcopal Church,28,"3,794",0.17%,0.08%
21,Kentucky,143,"Church of Christ, Mennonite",5,678,0.03%,0.02%
21,Kentucky,F53,Church of God,11,,,
21,Kentucky,123,"Church of God (Anderson, Indiana)",123,"19,078",0.86%,0.42%
21,Kentucky,127,"Church of God (Cleveland, Tennessee)",230,"31,929",1.43%,0.71%
21,Kentucky,133,Church of God (Seventh Day),1,,,
21,Kentucky,141,Church of God in Christ,20,"2,986",0.13%,0.07%
21,Kentucky,145,Church of God of Prophecy,63,,,
21,Kentucky,146,"Church of God, Mountain Assembly, Inc.",32,,,
21,Kentucky,151,Church of Jesus Christ of Latter-day Saints,80,"35,886",1.61%,0.80%
21,Kentucky,149,"Church of Jesus Christ, The (Bickertonites)",1,,,
21,Kentucky,155,"Church of Our Lord Jesus Christ of the Apostolic Faith, Inc.",3,540,0.02%,0.01%
21,Kentucky,157,Church of the Brethren,3,131,0.01%,0.00%
21,Kentucky,A47,Church of the Living God (Christian Workers for Fellowship),2,,,
21,Kentucky,D59,Church of the Living God: Pillar and Ground of the Truth,2,,,
21,Kentucky,165,Church of the Nazarene,181,"18,288",0.82%,0.41%
21,Kentucky,438,Church of the United Brethren in Christ USA,2,40,0.00%,0.00%
21,Kentucky,167,Churches of Christ,568,"51,719",2.32%,1.15%
21,Kentucky,168,Churches of Christ in Christian Union,5,,,
21,Kentucky,173,Community of Christ,3,,,
21,Kentucky,177,Congregational Holiness Church,1,,,
21,Kentucky,270,Conservative Judaism,3,"1,202",0.05%,0.03%
21,Kentucky,183,Conservative Mennonite Conference,7,331,0.01%,0.01%
21,Kentucky,186,Coptic Orthodox Church,3,196,0.01%,0.00%
21,Kentucky,185,Cumberland Presbyterian,94,"9,327",0.42%,0.21%
21,Kentucky,187,Cumberland Presbyterian Church in America,7,682,0.03%,0.02%
21,Kentucky,FFW,ECO: A Covenant Order of Presbyterians,3,,,
21,Kentucky,193,Episcopal Church,68,"13,827",0.62%,0.31%
21,Kentucky,FG8,Episcopal Missionary Church,1,,,
21,Kentucky,202,Eritrean Orthodox,1,336,0.02%,0.01%
21,Kentucky,204,Ethiopian Orthodox,1,970,0.04%,0.02%
21,Kentucky,198,"Evangelical Association of Reformed, and Congregational Christian Churches",2,,,
21,Kentucky,199,Evangelical Congregational Church,1,,,
21,Kentucky,201,Evangelical Covenant Church,5,179,0.01%,0.00%
21,Kentucky,203,Evangelical Free Church of America,14,,,
21,Kentucky,207,Evangelical Lutheran Church in America,29,"4,775",0.21%,0.11%
21,Kentucky,215,Evangelical Methodist Church,2,,,
21,Kentucky,216,Evangelical Presbyterian Church,5,,,
21,Kentucky,FGP,Every Nation,1,,,
21,Kentucky,346,Fire-Baptized Holiness Church of the Americas,1,,,
21,Kentucky,263,"Foursquare Gospel, International Church of the",8,896,0.04%,0.02%
21,Kentucky,221,Free Methodist Church--USA,4,102,0.00%,0.00%
21,Kentucky,391,Friends General Conference,3,198,0.01%,0.00%
21,Kentucky,232,Full Gospel Baptist Church Fellowship,4,532,0.02%,0.01%
21,Kentucky,FFR,Full Gospel Christian Assemblies International,12,"3,530",0.16%,0.08%
21,Kentucky,231,General Association of General Baptists,16,"3,390",0.15%,0.08%
21,Kentucky,388,General Association of Regular Baptist Churches,1,,,
21,Kentucky,FGM,Grace Communion International,5,,,
21,Kentucky,243,Grace Gospel Fellowship,1,,,
21,Kentucky,246,Greek Orthodox Archdiocese of America,3,625,0.03%,0.01%
21,Kentucky,895,Hindu Temples,4,"5,831",0.26%,0.13%
21,Kentucky,896,Hindu Yoga and Meditation,5,414,0.02%,0.01%
21,Kentucky,FHQ,Hoover Old Order Mennonite Church,3,676,0.03%,0.02%
21,Kentucky,FFX,Indian Bottom Association of Old Regular Baptists,33,"1,400",0.06%,0.03%
21,Kentucky,264,International Churches of Christ,3,273,0.01%,0.01%
21,Kentucky,256,International Fellowship of Bible Churches,1,,,
21,Kentucky,265,International Pentecostal Church of Christ,7,,,
21,Kentucky,268,Jain,1,,,
21,Kentucky,272,Jehovah's Witnesses,117,"25,982",1.17%,0.58%
21,Kentucky,F26,Kentucky Christian Conference,27,,,
21,Kentucky,FDY,Little Flock Mennonite Churches,2,160,0.01%,0.00%
21,Kentucky,283,Lutheran Church--Missouri Synod,30,"5,107",0.23%,0.11%
21,Kentucky,255,Lutheran Congregations in Mission for Christ,3,"1,144",0.05%,0.03%
21,Kentucky,890,Mahayana Buddhist,5,"1,876",0.08%,0.04%
21,Kentucky,282,Mennonite Christian Fellowship,2,262,0.01%,0.01%
21,Kentucky,288,Mennonite Church USA,1,12,0.00%,0.00%
21,Kentucky,290,Metropolitan Community Churches,1,31,0.00%,0.00%
21,Kentucky,310,Midwest Beachy Amish-Mennonite,3,346,0.02%,0.01%
21,Kentucky,291,Missionary Church,9,459,0.02%,0.01%
21,Kentucky,267,Muslim Estimate,41,"17,957",0.81%,0.40%
21,Kentucky,223,National Association of Free Will Baptists,123,"13,631",0.61%,0.30%
21,Kentucky,301,"National Baptist Convention of America, Inc.",8,"3,022",0.14%,0.07%
21,Kentucky,300,"National Baptist Convention, USA, Inc.",34,"18,572",0.83%,0.41%
21,Kentucky,302,"National Missionary Baptist Convention, Inc.",168,"38,306",1.72%,0.85%
21,Kentucky,F31,Nationwide Fellowship Mennonite Churches,6,629,0.03%,0.01%
21,Kentucky,309,New Apostolic Church USA,2,,,
21,Kentucky,500,Non-denominational Christian Churches,575,"149,762",6.73%,3.32%
21,Kentucky,313,North American Baptist Conference,2,,,
21,Kentucky,314,North American Lutheran Church,1,,,
21,Kentucky,FFY,Northern New Salem Association of Old Regular Baptists,1,16,0.00%,0.00%
21,Kentucky,F35,"Old German Baptist Brethren, New Conference",0,1,0.00%,0.00%
21,Kentucky,FD4,Old Wenger Mennonite Church,1,102,0.00%,0.00%
21,Kentucky,329,Open Bible Churches,2,100,0.00%,0.00%
21,Kentucky,FF3,Original Virginia Conference Old Order Mennonite,1,45,0.00%,0.00%
21,Kentucky,FGA,Orthodox Anglican Church,2,,,
21,Kentucky,331,Orthodox Church in America,1,260,0.01%,0.01%
21,Kentucky,276,Orthodox Judaism,1,450,0.02%,0.01%
21,Kentucky,FHU,Orthodox Mennonite Church,2,282,0.01%,0.01%
21,Kentucky,335,Orthodox Presbyterian Church,1,,,
21,Kentucky,D71,Pentecostal Assemblies of the World,1,700,0.03%,0.02%
21,Kentucky,339,Pentecostal Church of God,19,,,
21,Kentucky,355,Presbyterian Church (U.S.A.),157,"18,917",0.85%,0.42%
21,Kentucky,356,Presbyterian Church in America,16,"2,497",0.11%,0.06%
21,Kentucky,361,Primitive Baptists Associations,9,756,0.03%,0.02%
21,Kentucky,362,"Primitive Baptists, Eastern District Association of",3,296,0.01%,0.01%
21,Kentucky,364,"Progressive National Baptist Convention, Inc.",17,"27,900",1.25%,0.62%
21,Kentucky,271,Reform Judaism,3,"2,668",0.12%,0.06%
21,Kentucky,F41,Reformed Baptist Network,1,,,
21,Kentucky,371,Reformed Church in America,1,234,0.01%,0.01%
21,Kentucky,375,Reformed Episcopal Church,1,,,
21,Kentucky,FHM,Reidenbach Mennonite,3,384,0.02%,0.01%
21,Kentucky,403,Salvation Army,18,"1,857",0.08%,0.04%
21,Kentucky,FFZ,Sardis Association of Old Regular Baptists,16,451,0.02%,0.01%
21,Kentucky,413,Seventh-day Adventist Church,70,"8,974",0.40%,0.20%
21,Kentucky,FG1,Solid Rock Association of Old Time Baptists,3,265,0.01%,0.01%
21,Kentucky,419,Southern Baptist Convention,"2,530","904,352",40.62%,20.07%
21,Kentucky,F51,Sovereign Grace Churches,1,,,
21,Kentucky,414,Stauffer Mennonite Church,1,113,0.01%,0.00%
21,Kentucky,F54,The local churches,2,,,
21,Kentucky,891,Theravada Buddhist,3,795,0.04%,0.02%
21,Kentucky,432,Unaffiliated Amish-Mennonite (Conservative),1,116,0.01%,0.00%
21,Kentucky,FHF,Unaffiliated Conservative Mennonite,1,160,0.01%,0.00%
21,Kentucky,435,Unitarian Universalist Association of Congregations,8,962,0.04%,0.02%
21,Kentucky,439,United Catholic Church,1,160,0.01%,0.00%
21,Kentucky,443,United Church of Christ,23,"3,717",0.17%,0.08%
21,Kentucky,FGN,United Church of God,6,,,
21,Kentucky,FG5,United Episcopal Church of North America,1,,,
21,Kentucky,F58,United House of Prayer,1,180,0.01%,0.00%
21,Kentucky,449,United Methodist Church,838,"176,747",7.94%,3.92%
21,Kentucky,454,United Pentecostal Church International,101,,,
21,Kentucky,455,United Reformed Churches in North America,1,23,0.00%,0.00%
21,Kentucky,124,"Unity Churches, Association of",2,,,
21,Kentucky,892,Vajarayana Buddhist,1,80,0.00%,0.00%
21,Kentucky,463,Vineyard USA,11,"3,350",0.15%,0.07%
21,Kentucky,FD7,Washington-Franklin Mennonite Conference,3,333,0.01%,0.01%
21,Kentucky,FJ3,Weaverland Mennonite Conference,1,47,0.00%,0.00%
21,Kentucky,467,Wesleyan Church,42,"2,878",0.13%,0.06%
21,Kentucky,469,Wisconsin Evangelical Lutheran Synod,4,638,0.03%,0.01%
22,Louisiana,001,Advent Christian Church,1,70,0.00%,0.00%
22,Louisiana,003,African Methodist Episcopal Church,93,"21,342",0.72%,0.46%
22,Louisiana,005,African Methodist Episcopal Zion Church,14,"2,100",0.07%,0.05%
22,Louisiana,012,Alliance of Baptists,3,,,
22,Louisiana,017,American Baptist Association,30,"5,124",0.17%,0.11%
22,Louisiana,019,American Baptist Churches in the USA,4,"2,694",0.09%,0.06%
22,Louisiana,416,American Sikh Council,3,,,
22,Louisiana,F01,Anglican Catholic Church,3,,,
22,Louisiana,033,Anglican Church in North America,8,,,
22,Louisiana,034,"Antiochian Orthodox Christian Archdiocese of North America, The",4,435,0.01%,0.01%
22,Louisiana,050,Armenian Church of North America (Catholicosate of Etchmiadzin),1,100,0.00%,0.00%
22,Louisiana,053,Assemblies of God,206,"45,773",1.55%,0.98%
22,Louisiana,FGJ,Assemblies of the Lord Jesus Christ,1,,,
22,Louisiana,055,Associate Reformed Presbyterian Church,3,,,
22,Louisiana,220,Association of Free Lutheran Congregations,1,0,0.00%,0.00%
22,Louisiana,047,Association of Reformed Baptist Churches of America,1,,,
22,Louisiana,056,Baha'i Faith USA,6,"1,314",0.04%,0.03%
22,Louisiana,059,Baptist Missionary Association of America,27,,,
22,Louisiana,FE8,Bible Methodist Connection,1,,,
22,Louisiana,084,Calvary Chapel Fellowship Churches,2,,,
22,Louisiana,081,Catholic Church,538,"1,248,106",42.32%,26.80%
22,Louisiana,FGS,Chabad Judaism,6,,,
22,Louisiana,087,Christadelphian,4,,,
22,Louisiana,089,Christian and Missionary Alliance,3,69,0.00%,0.00%
22,Louisiana,353,Christian Brethren (Open Plymouth Brethren),8,,,
22,Louisiana,093,Christian Church (Disciples of Christ),19,"2,390",0.08%,0.05%
22,Louisiana,097,Christian Churches and Churches of Christ,17,"2,167",0.07%,0.05%
22,Louisiana,F10,Christian Congregation in North America,1,,,
22,Louisiana,101,Christian Methodist Episcopal Church,93,"12,686",0.43%,0.27%
22,Louisiana,D83,Christ's Sanctified Holy Church,1,,,
22,Louisiana,110,"Church of Christ (Holiness), U.S.A.",17,,,
22,Louisiana,143,"Church of Christ, Mennonite",3,619,0.02%,0.01%
22,Louisiana,111,"Church of Christ, Scientist",3,,,
22,Louisiana,F53,Church of God,4,,,
22,Louisiana,123,"Church of God (Anderson, Indiana)",50,"7,414",0.25%,0.16%
22,Louisiana,127,"Church of God (Cleveland, Tennessee)",57,"6,949",0.24%,0.15%
22,Louisiana,121,Church of God General Conference,3,114,0.00%,0.00%
22,Louisiana,141,Church of God in Christ,140,"32,116",1.09%,0.69%
22,Louisiana,145,Church of God of Prophecy,19,,,
22,Louisiana,151,Church of Jesus Christ of Latter-day Saints,56,"29,589",1.00%,0.64%
22,Louisiana,155,"Church of Our Lord Jesus Christ of the Apostolic Faith, Inc.",10,"1,268",0.04%,0.03%
22,Louisiana,157,Church of the Brethren,1,114,0.00%,0.00%
22,Louisiana,165,Church of the Nazarene,54,"4,471",0.15%,0.10%
22,Louisiana,167,Churches of Christ,217,"22,833",0.77%,0.49%
22,Louisiana,168,Churches of Christ in Christian Union,1,,,
22,Louisiana,172,Communion of Reformed Evangelical Churches,3,,,
22,Louisiana,173,Community of Christ,4,,,
22,Louisiana,180,Congregational Methodist Church,10,,,
22,Louisiana,270,Conservative Judaism,3,754,0.03%,0.02%
22,Louisiana,186,Coptic Orthodox Church,3,318,0.01%,0.01%
22,Louisiana,185,Cumberland Presbyterian,2,21,0.00%,0.00%
22,Louisiana,193,Episcopal Church,89,"23,922",0.81%,0.51%
22,Louisiana,201,Evangelical Covenant Church,2,259,0.01%,0.01%
22,Louisiana,203,Evangelical Free Church of America,2,,,
22,Louisiana,207,Evangelical Lutheran Church in America,17,"3,376",0.11%,0.07%
22,Louisiana,215,Evangelical Methodist Church,2,,,
22,Louisiana,216,Evangelical Presbyterian Church,12,,,
22,Louisiana,263,"Foursquare Gospel, International Church of the",9,"1,150",0.04%,0.02%
22,Louisiana,221,Free Methodist Church--USA,5,161,0.01%,0.00%
22,Louisiana,391,Friends General Conference,3,57,0.00%,0.00%
22,Louisiana,232,Full Gospel Baptist Church Fellowship,64,"9,772",0.33%,0.21%
22,Louisiana,FFR,Full Gospel Christian Assemblies International,64,"36,710",1.24%,0.79%
22,Louisiana,388,General Association of Regular Baptist Churches,1,,,
22,Louisiana,FGM,Grace Communion International,4,,,
22,Louisiana,246,Greek Orthodox Archdiocese of America,4,"1,385",0.05%,0.03%
22,Louisiana,FGD,Higher Ground Always Abounding Assemblies,1,,,
22,Louisiana,895,Hindu Temples,5,"2,991",0.10%,0.06%
22,Louisiana,896,Hindu Yoga and Meditation,13,"3,384",0.11%,0.07%
22,Louisiana,264,International Churches of Christ,2,173,0.01%,0.00%
22,Louisiana,256,International Fellowship of Bible Churches,1,,,
22,Louisiana,268,Jain,1,,,
22,Louisiana,272,Jehovah's Witnesses,137,"32,914",1.12%,0.71%
22,Louisiana,283,Lutheran Church--Missouri Synod,53,"7,740",0.26%,0.17%
22,Louisiana,890,Mahayana Buddhist,3,"2,110",0.07%,0.05%
22,Louisiana,333,Malankara Orthodox Syrian Church,1,22,0.00%,0.00%
22,Louisiana,288,Mennonite Church USA,1,164,0.01%,0.00%
22,Louisiana,290,Metropolitan Community Churches,2,77,0.00%,0.00%
22,Louisiana,291,Missionary Church,1,0,0.00%,0.00%
22,Louisiana,267,Muslim Estimate,29,"24,732",0.84%,0.53%
22,Louisiana,223,National Association of Free Will Baptists,3,213,0.01%,0.00%
22,Louisiana,301,"National Baptist Convention of America, Inc.",36,"22,034",0.75%,0.47%
22,Louisiana,300,"National Baptist Convention, USA, Inc.",118,"61,997",2.10%,1.33%
22,Louisiana,302,"National Missionary Baptist Convention, Inc.",278,"67,518",2.29%,1.45%
22,Louisiana,309,New Apostolic Church USA,1,,,
22,Louisiana,500,Non-denominational Christian Churches,"1,205","357,456",12.12%,7.67%
22,Louisiana,313,North American Baptist Conference,1,,,
22,Louisiana,331,Orthodox Church in America,3,240,0.01%,0.01%
22,Louisiana,276,Orthodox Judaism,2,840,0.03%,0.02%
22,Louisiana,335,Orthodox Presbyterian Church,2,,,
22,Louisiana,339,Pentecostal Church of God,6,,,
22,Louisiana,355,Presbyterian Church (U.S.A.),82,"7,343",0.25%,0.16%
22,Louisiana,356,Presbyterian Church in America,16,"2,122",0.07%,0.05%
22,Louisiana,361,Primitive Baptists Associations,4,202,0.01%,0.00%
22,Louisiana,364,"Progressive National Baptist Convention, Inc.",8,"22,756",0.77%,0.49%
22,Louisiana,271,Reform Judaism,9,"5,981",0.20%,0.13%
22,Louisiana,375,Reformed Episcopal Church,3,,,
22,Louisiana,401,Russian Orthodox Church Outside of Russia,1,30,0.00%,0.00%
22,Louisiana,403,Salvation Army,7,636,0.02%,0.01%
22,Louisiana,413,Seventh-day Adventist Church,55,"8,827",0.30%,0.19%
22,Louisiana,419,Southern Baptist Convention,"1,633","648,734",22.00%,13.93%
22,Louisiana,421,Southern Methodist Church,6,,,
22,Louisiana,F51,Sovereign Grace Churches,2,,,
22,Louisiana,F54,The local churches,4,,,
22,Louisiana,891,Theravada Buddhist,8,"4,010",0.14%,0.09%
22,Louisiana,432,Unaffiliated Amish-Mennonite (Conservative),1,20,0.00%,0.00%
22,Louisiana,437,Union of Messianic Jewish Congregations,1,,,
22,Louisiana,435,Unitarian Universalist Association of Congregations,7,"2,944",0.10%,0.06%
22,Louisiana,F57,"United American Free Will Baptist Denomination, Inc.",5,,,
22,Louisiana,443,United Church of Christ,11,"1,004",0.03%,0.02%
22,Louisiana,FGN,United Church of God,2,,,
22,Louisiana,F58,United House of Prayer,1,180,0.01%,0.00%
22,Louisiana,449,United Methodist Church,457,"128,108",4.34%,2.75%
22,Louisiana,454,United Pentecostal Church International,304,,,
22,Louisiana,124,"Unity Churches, Association of",4,,,
22,Louisiana,892,Vajarayana Buddhist,1,100,0.00%,0.00%
22,Louisiana,FFQ,Vanguard Presbytery,2,,,
22,Louisiana,463,Vineyard USA,10,"3,204",0.11%,0.07%
22,Louisiana,467,Wesleyan Church,6,470,0.02%,0.01%
22,Louisiana,469,Wisconsin Evangelical Lutheran Synod,4,402,0.01%,0.01%
22,Louisiana,490,Zoroastrian,1,,,
23,Maine,001,Advent Christian Church,21,"1,361",0.32%,0.10%
23,Maine,005,African Methodist Episcopal Zion Church,2,380,0.09%,0.03%
23,Maine,012,Alliance of Baptists,1,,,
23,Maine,017,American Baptist Association,1,162,0.04%,0.01%
23,Maine,019,American Baptist Churches in the USA,136,"14,503",3.46%,1.06%
23,Maine,031,"Amish Groups, undifferentiated",9,982,0.23%,0.07%
23,Maine,FG4,Anglican Church in America,4,,,
23,Maine,033,Anglican Church in North America,5,,,
23,Maine,053,Assemblies of God,49,"5,185",1.24%,0.38%
23,Maine,056,Baha'i Faith USA,6,883,0.21%,0.06%
23,Maine,059,Baptist Missionary Association of America,1,,,
23,Maine,084,Calvary Chapel Fellowship Churches,2,,,
23,Maine,081,Catholic Church,129,"219,233",52.26%,16.09%
23,Maine,FGS,Chabad Judaism,3,,,
23,Maine,089,Christian and Missionary Alliance,7,512,0.12%,0.04%
23,Maine,353,Christian Brethren (Open Plymouth Brethren),6,,,
23,Maine,093,Christian Church (Disciples of Christ),1,0,0.00%,0.00%
23,Maine,097,Christian Churches and Churches of Christ,3,"2,717",0.65%,0.20%
23,Maine,105,Christian Reformed Church in North America,3,165,0.04%,0.01%
23,Maine,143,"Church of Christ, Mennonite",1,109,0.03%,0.01%
23,Maine,111,"Church of Christ, Scientist",5,,,
23,Maine,127,"Church of God (Cleveland, Tennessee)",25,"1,556",0.37%,0.11%
23,Maine,141,Church of God in Christ,2,246,0.06%,0.02%
23,Maine,151,Church of Jesus Christ of Latter-day Saints,26,"10,958",2.61%,0.80%
23,Maine,149,"Church of Jesus Christ, The (Bickertonites)",1,,,
23,Maine,157,Church of the Brethren,2,101,0.02%,0.01%
23,Maine,FFK,Church of the Genuine Orthodox Christians,1,50,0.01%,0.00%
23,Maine,165,Church of the Nazarene,59,"4,216",1.00%,0.31%
23,Maine,167,Churches of Christ,22,807,0.19%,0.06%
23,Maine,172,Communion of Reformed Evangelical Churches,2,,,
23,Maine,173,Community of Christ,8,,,
23,Maine,176,"Congregational Christian Churches, Additional (not part of any national CCC body)",8,398,0.09%,0.03%
23,Maine,181,Conservative Congregational Christian Conference,9,453,0.11%,0.03%
23,Maine,270,Conservative Judaism,2,"1,037",0.25%,0.08%
23,Maine,057,Converge Worldwide / Baptist General Conference,3,,,
23,Maine,286,Eastern Pennsylvania Mennonite Church,1,129,0.03%,0.01%
23,Maine,190,Elim Fellowship,1,,,
23,Maine,193,Episcopal Church,58,"10,338",2.46%,0.76%
23,Maine,201,Evangelical Covenant Church,4,201,0.05%,0.01%
23,Maine,203,Evangelical Free Church of America,5,,,
23,Maine,207,Evangelical Lutheran Church in America,16,"2,424",0.58%,0.18%
23,Maine,213,Fellowship of Evangelical Churches,3,,,
23,Maine,263,"Foursquare Gospel, International Church of the",5,334,0.08%,0.02%
23,Maine,393,"Friends General Conference and Friends United Meeting, dually aligned meetings",16,588,0.14%,0.04%
23,Maine,FFR,Full Gospel Christian Assemblies International,4,410,0.10%,0.03%
23,Maine,388,General Association of Regular Baptist Churches,6,,,
23,Maine,FGM,Grace Communion International,1,,,
23,Maine,246,Greek Orthodox Archdiocese of America,4,"1,001",0.24%,0.07%
23,Maine,896,Hindu Yoga and Meditation,5,553,0.13%,0.04%
23,Maine,FGR,Independent Judaism,1,270,0.06%,0.02%
23,Maine,264,International Churches of Christ,1,70,0.02%,0.01%
23,Maine,FE9,International Communion of the Charismatic Episcopal Church,2,,,
23,Maine,262,International Council of Community Churches,1,,,
23,Maine,260,International Fellowship of Christian Assemblies,1,,,
23,Maine,272,Jehovah's Witnesses,53,"9,372",2.23%,0.69%
23,Maine,FDY,Little Flock Mennonite Churches,1,51,0.01%,0.00%
23,Maine,283,Lutheran Church--Missouri Synod,3,290,0.07%,0.02%
23,Maine,890,Mahayana Buddhist,6,185,0.04%,0.01%
23,Maine,267,Muslim Estimate,8,"16,894",4.03%,1.24%
23,Maine,175,National Association of Congregational Christian Churches,29,"2,244",0.53%,0.16%
23,Maine,223,National Association of Free Will Baptists,1,67,0.02%,0.00%
23,Maine,301,"National Baptist Convention of America, Inc.",1,32,0.01%,0.00%
23,Maine,300,"National Baptist Convention, USA, Inc.",1,50,0.01%,0.00%
23,Maine,302,"National Missionary Baptist Convention, Inc.",3,600,0.14%,0.04%
23,Maine,303,National Spiritualist Association of Churches,5,,,
23,Maine,309,New Apostolic Church USA,1,,,
23,Maine,500,Non-denominational Christian Churches,210,"45,364",10.81%,3.33%
23,Maine,313,North American Baptist Conference,1,,,
23,Maine,315,North American Old Roman Catholic Church,1,,,
23,Maine,331,Orthodox Church in America,1,45,0.01%,0.00%
23,Maine,276,Orthodox Judaism,2,220,0.05%,0.02%
23,Maine,335,Orthodox Presbyterian Church,7,,,
23,Maine,355,Presbyterian Church (U.S.A.),8,316,0.08%,0.02%
23,Maine,356,Presbyterian Church in America,2,224,0.05%,0.02%
23,Maine,271,Reform Judaism,4,"1,717",0.41%,0.13%
23,Maine,FHG,Remnant: Charity Ministries and related,1,,,
23,Maine,401,Russian Orthodox Church Outside of Russia,4,125,0.03%,0.01%
23,Maine,403,Salvation Army,8,"1,207",0.29%,0.09%
23,Maine,410,Serbian Orthodox Church in North America,1,320,0.08%,0.02%
23,Maine,413,Seventh-day Adventist Church,31,"3,596",0.86%,0.26%
23,Maine,419,Southern Baptist Convention,47,"8,111",1.93%,0.60%
23,Maine,239,Swedenborgian Church,3,128,0.03%,0.01%
23,Maine,891,Theravada Buddhist,1,518,0.12%,0.04%
23,Maine,435,Unitarian Universalist Association of Congregations,26,"3,481",0.83%,0.26%
23,Maine,443,United Church of Christ,145,"15,926",3.80%,1.17%
23,Maine,FGN,United Church of God,1,,,
23,Maine,449,United Methodist Church,151,"19,686",4.69%,1.44%
23,Maine,454,United Pentecostal Church International,46,,,
23,Maine,124,"Unity Churches, Association of",2,,,
23,Maine,892,Vajarayana Buddhist,8,"1,630",0.39%,0.12%
23,Maine,179,Venture Church Network,37,,,
23,Maine,463,Vineyard USA,5,"2,934",0.70%,0.22%
23,Maine,467,Wesleyan Church,9,"1,858",0.44%,0.14%
24,Maryland,001,Advent Christian Church,1,34,0.00%,0.00%
24,Maryland,003,African Methodist Episcopal Church,122,"97,878",3.64%,1.58%
24,Maryland,005,African Methodist Episcopal Zion Church,28,"5,160",0.19%,0.08%
24,Maryland,012,Alliance of Baptists,6,,,
24,Maryland,284,American Association of Lutheran Churches,1,,,
24,Maryland,017,American Baptist Association,4,"2,282",0.08%,0.04%
24,Maryland,019,American Baptist Churches in the USA,93,"33,825",1.26%,0.55%
24,Maryland,022,American Carpatho-Russian Orthodox Diocese,2,205,0.01%,0.00%
24,Maryland,904,American Ethical Union,1,,,
24,Maryland,030,American Presbyterian Church,1,,,
24,Maryland,416,American Sikh Council,5,,,
24,Maryland,031,"Amish Groups, undifferentiated",16,"1,848",0.07%,0.03%
24,Maryland,FFS,Anabaptist Disciples of Christ,1,82,0.00%,0.00%
24,Maryland,F01,Anglican Catholic Church,2,,,
24,Maryland,FG4,Anglican Church in America,1,,,
24,Maryland,033,Anglican Church in North America,16,,,
24,Maryland,FG3,Anglican Province of America,3,,,
24,Maryland,034,"Antiochian Orthodox Christian Archdiocese of North America, The",7,"2,180",0.08%,0.04%
24,Maryland,040,Apostolic Christian Church of America,1,10,0.00%,0.00%
24,Maryland,FEY,Appalachian Mennonite Church,1,61,0.00%,0.00%
24,Maryland,049,Armenian Apostolic Church of America (Catholicosate of Cilicia),1,300,0.01%,0.00%
24,Maryland,053,Assemblies of God,140,"33,547",1.25%,0.54%
24,Maryland,055,Associate Reformed Presbyterian Church,7,,,
24,Maryland,220,Association of Free Lutheran Congregations,2,200,0.01%,0.00%
24,Maryland,056,Baha'i Faith USA,23,"3,238",0.12%,0.05%
24,Maryland,FDT,Bethel Fellowship Mennonite Churches,1,122,0.00%,0.00%
24,Maryland,073,Bible Fellowship Church,1,35,0.00%,0.00%
24,Maryland,E54,"Bible Way Church of Our Lord Jesus Christ World Wide, Inc.",1,80,0.00%,0.00%
24,Maryland,FHW,Biblical Mennonite Alliance,2,93,0.00%,0.00%
24,Maryland,071,"Brethren Church, The (Ashland, Ohio)",3,,,
24,Maryland,075,Brethren In Christ Church,4,,,
24,Maryland,084,Calvary Chapel Fellowship Churches,6,,,
24,Maryland,FFM,Catholic Apostolic Church in North America,2,,,
24,Maryland,081,Catholic Church,305,"907,317",33.79%,14.69%
24,Maryland,FGS,Chabad Judaism,40,,,
24,Maryland,244,Charis Fellowship,16,,,
24,Maryland,087,Christadelphian,3,,,
24,Maryland,089,Christian and Missionary Alliance,18,"1,736",0.06%,0.03%
24,Maryland,353,Christian Brethren (Open Plymouth Brethren),17,,,
24,Maryland,093,Christian Church (Disciples of Christ),28,"2,179",0.08%,0.04%
24,Maryland,097,Christian Churches and Churches of Christ,29,"11,057",0.41%,0.18%
24,Maryland,F10,Christian Congregation in North America,1,,,
24,Maryland,101,Christian Methodist Episcopal Church,3,766,0.03%,0.01%
24,Maryland,105,Christian Reformed Church in North America,2,234,0.01%,0.00%
24,Maryland,111,"Church of Christ, Scientist",6,,,
24,Maryland,F53,Church of God,1,,,
24,Maryland,123,"Church of God (Anderson, Indiana)",24,"4,700",0.18%,0.08%
24,Maryland,127,"Church of God (Cleveland, Tennessee)",124,"28,720",1.07%,0.46%
24,Maryland,133,Church of God (Seventh Day),1,,,
24,Maryland,C22,Church of God and Saints of Christ,3,,,
24,Maryland,122,"Church of God by Faith, Inc.",1,,,
24,Maryland,141,Church of God in Christ,44,"11,236",0.42%,0.18%
24,Maryland,145,Church of God of Prophecy,20,,,
24,Maryland,151,Church of Jesus Christ of Latter-day Saints,79,"43,411",1.62%,0.70%
24,Maryland,155,"Church of Our Lord Jesus Christ of the Apostolic Faith, Inc.",13,"2,530",0.09%,0.04%
24,Maryland,157,Church of the Brethren,55,"8,064",0.30%,0.13%
24,Maryland,FFK,Church of the Genuine Orthodox Christians,1,110,0.00%,0.00%
24,Maryland,D59,Church of the Living God: Pillar and Ground of the Truth,1,,,
24,Maryland,165,Church of the Nazarene,70,"12,395",0.46%,0.20%
24,Maryland,438,Church of the United Brethren in Christ USA,5,151,0.01%,0.00%
24,Maryland,167,Churches of Christ,47,"6,965",0.26%,0.11%
24,Maryland,168,Churches of Christ in Christian Union,3,,,
24,Maryland,171,"Churches of God, General Conference",17,"1,104",0.04%,0.02%
24,Maryland,172,Communion of Reformed Evangelical Churches,1,,,
24,Maryland,173,Community of Christ,3,,,
24,Maryland,270,Conservative Judaism,23,"26,733",1.00%,0.43%
24,Maryland,183,Conservative Mennonite Conference,3,744,0.03%,0.01%
24,Maryland,057,Converge Worldwide / Baptist General Conference,24,,,
24,Maryland,186,Coptic Orthodox Church,4,"1,150",0.04%,0.02%
24,Maryland,FDW,Cumberland Valley Mennonite Church,3,270,0.01%,0.00%
24,Maryland,FFT,Dunkard Brethren Church,1,6,0.00%,0.00%
24,Maryland,286,Eastern Pennsylvania Mennonite Church,5,643,0.02%,0.01%
24,Maryland,FFW,ECO: A Covenant Order of Presbyterians,2,,,
24,Maryland,190,Elim Fellowship,7,,,
24,Maryland,193,Episcopal Church,194,"59,618",2.22%,0.97%
24,Maryland,FG8,Episcopal Missionary Church,2,,,
24,Maryland,202,Eritrean Orthodox,5,"7,042",0.26%,0.11%
24,Maryland,204,Ethiopian Orthodox,9,"7,470",0.28%,0.12%
24,Maryland,198,"Evangelical Association of Reformed, and Congregational Christian Churches",3,,,
24,Maryland,199,Evangelical Congregational Church,1,,,
24,Maryland,201,Evangelical Covenant Church,3,35,0.00%,0.00%
24,Maryland,203,Evangelical Free Church of America,9,,,
24,Maryland,328,Evangelical Friends Church International,1,48,0.00%,0.00%
24,Maryland,207,Evangelical Lutheran Church in America,186,"54,423",2.03%,0.88%
24,Maryland,215,Evangelical Methodist Church,1,,,
24,Maryland,216,Evangelical Presbyterian Church,4,,,
24,Maryland,346,Fire-Baptized Holiness Church of the Americas,2,,,
24,Maryland,263,"Foursquare Gospel, International Church of the",14,"3,140",0.12%,0.05%
24,Maryland,224,Free Church of Scotland (Continuing),1,,,
24,Maryland,221,Free Methodist Church--USA,11,710,0.03%,0.01%
24,Maryland,391,Friends General Conference,18,"3,478",0.13%,0.06%
24,Maryland,F23,Full Gospel Assemblies International,1,,,
24,Maryland,232,Full Gospel Baptist Church Fellowship,16,"3,090",0.12%,0.05%
24,Maryland,FFR,Full Gospel Christian Assemblies International,12,"6,070",0.23%,0.10%
24,Maryland,231,General Association of General Baptists,1,230,0.01%,0.00%
24,Maryland,388,General Association of Regular Baptist Churches,12,,,
24,Maryland,233,General Church of the New Jerusalem,2,,,
24,Maryland,242,Georgian Orthodox Parishes in the United States,1,125,0.00%,0.00%
24,Maryland,FGM,Grace Communion International,2,,,
24,Maryland,246,Greek Orthodox Archdiocese of America,10,"11,940",0.44%,0.19%
24,Maryland,FGD,Higher Ground Always Abounding Assemblies,1,,,
24,Maryland,895,Hindu Temples,9,"31,230",1.16%,0.51%
24,Maryland,896,Hindu Yoga and Meditation,26,"7,037",0.26%,0.11%
24,Maryland,251,Holy Orthodox Church in North America,1,30,0.00%,0.00%
24,Maryland,FGR,Independent Judaism,5,0,0.00%,0.00%
24,Maryland,264,International Churches of Christ,3,850,0.03%,0.01%
24,Maryland,FE9,International Communion of the Charismatic Episcopal Church,3,,,
24,Maryland,262,International Council of Community Churches,3,,,
24,Maryland,265,International Pentecostal Church of Christ,1,,,
24,Maryland,268,Jain,1,,,
24,Maryland,272,Jehovah's Witnesses,201,"54,236",2.02%,0.88%
24,Maryland,F27,Keystone Mennonite Fellowship,2,93,0.00%,0.00%
24,Maryland,274,Latvian Evangelical Lutheran Church in America,1,,,
24,Maryland,D66,Liberal Catholic Church,1,,,
24,Maryland,283,Lutheran Church--Missouri Synod,67,"15,850",0.59%,0.26%
24,Maryland,255,Lutheran Congregations in Mission for Christ,9,"3,078",0.11%,0.05%
24,Maryland,890,Mahayana Buddhist,13,"6,130",0.23%,0.10%
24,Maryland,334,Malankara Archdiocese of the Syrian Orthodox Church in North America,2,184,0.01%,0.00%
24,Maryland,F28,Malankara Mar Thoma Church,2,202,0.01%,0.00%
24,Maryland,333,Malankara Orthodox Syrian Church,5,735,0.03%,0.01%
24,Maryland,282,Mennonite Christian Fellowship,1,158,0.01%,0.00%
24,Maryland,288,Mennonite Church USA,6,529,0.02%,0.01%
24,Maryland,290,Metropolitan Community Churches,3,149,0.01%,0.00%
24,Maryland,FDZ,Mid-Atlantic Mennonite Fellowship,2,104,0.00%,0.00%
24,Maryland,293,Moravian Church in America--Northern Province,3,612,0.02%,0.01%
24,Maryland,267,Muslim Estimate,76,"188,914",7.04%,3.06%
24,Maryland,175,National Association of Congregational Christian Churches,1,115,0.00%,0.00%
24,Maryland,223,National Association of Free Will Baptists,1,83,0.00%,0.00%
24,Maryland,301,"National Baptist Convention of America, Inc.",8,"11,446",0.43%,0.19%
24,Maryland,300,"National Baptist Convention, USA, Inc.",43,"44,166",1.64%,0.71%
24,Maryland,302,"National Missionary Baptist Convention, Inc.",54,"21,620",0.81%,0.35%
24,Maryland,309,New Apostolic Church USA,1,,,
24,Maryland,500,Non-denominational Christian Churches,917,"365,632",13.62%,5.92%
24,Maryland,314,North American Lutheran Church,8,,,
24,Maryland,329,Open Bible Churches,1,14,0.00%,0.00%
24,Maryland,331,Orthodox Church in America,8,"1,178",0.04%,0.02%
24,Maryland,276,Orthodox Judaism,52,"32,780",1.22%,0.53%
24,Maryland,335,Orthodox Presbyterian Church,6,,,
24,Maryland,400,Patriarchal Parishes of the Russian Orthodox Church in the USA,1,175,0.01%,0.00%
24,Maryland,D71,Pentecostal Assemblies of the World,2,704,0.03%,0.01%
24,Maryland,339,Pentecostal Church of God,5,,,
24,Maryland,F38,Pilgrim Mennonite Conference,1,51,0.00%,0.00%
24,Maryland,352,Polish National Catholic Church,1,,,
24,Maryland,355,Presbyterian Church (U.S.A.),127,"25,722",0.96%,0.42%
24,Maryland,356,Presbyterian Church in America,64,"12,470",0.46%,0.20%
24,Maryland,361,Primitive Baptists Associations,2,444,0.02%,0.01%
24,Maryland,364,"Progressive National Baptist Convention, Inc.",19,"13,986",0.52%,0.23%
24,Maryland,275,Reconstructionist Judaism,5,"2,300",0.09%,0.04%
24,Maryland,271,Reform Judaism,17,"15,555",0.58%,0.25%
24,Maryland,371,Reformed Church in America,1,42,0.00%,0.00%
24,Maryland,375,Reformed Episcopal Church,5,,,
24,Maryland,383,Reformed Presbyterian Church of North America,1,143,0.01%,0.00%
24,Maryland,401,Russian Orthodox Church Outside of Russia,3,220,0.01%,0.00%
24,Maryland,403,Salvation Army,12,"1,653",0.06%,0.03%
24,Maryland,410,Serbian Orthodox Church in North America,1,400,0.01%,0.01%
24,Maryland,415,"Seventh Day Baptist General Conference, USA and Canada",4,108,0.00%,0.00%
24,Maryland,413,Seventh-day Adventist Church,166,"49,532",1.84%,0.80%
24,Maryland,419,Southern Baptist Convention,565,"113,261",4.22%,1.83%
24,Maryland,421,Southern Methodist Church,1,,,
24,Maryland,F51,Sovereign Grace Churches,5,,,
24,Maryland,414,Stauffer Mennonite Church,2,623,0.02%,0.01%
24,Maryland,F54,The local churches,6,,,
24,Maryland,891,Theravada Buddhist,11,"6,638",0.25%,0.11%
24,Maryland,431,Ukrainian Orthodox Church of the USA,4,950,0.04%,0.02%
24,Maryland,FHF,Unaffiliated Conservative Mennonite,2,166,0.01%,0.00%
24,Maryland,FGV,Union American Methodist Episcopal Church,6,,,
24,Maryland,437,Union of Messianic Jewish Congregations,4,,,
24,Maryland,435,Unitarian Universalist Association of Congregations,23,"6,799",0.25%,0.11%
24,Maryland,443,United Church of Christ,68,"9,233",0.34%,0.15%
24,Maryland,FGN,United Church of God,1,,,
24,Maryland,FG5,United Episcopal Church of North America,1,,,
24,Maryland,445,"United Holy Church of America, Inc.",5,216,0.01%,0.00%
24,Maryland,F58,United House of Prayer,4,472,0.02%,0.01%
24,Maryland,449,United Methodist Church,810,"207,179",7.72%,3.35%
24,Maryland,454,United Pentecostal Church International,67,,,
24,Maryland,124,"Unity Churches, Association of",7,,,
24,Maryland,892,Vajarayana Buddhist,8,"4,680",0.17%,0.08%
24,Maryland,462,Vedanta Society,1,,,
24,Maryland,179,Venture Church Network,2,,,
24,Maryland,463,Vineyard USA,5,"2,080",0.08%,0.03%
24,Maryland,FD7,Washington-Franklin Mennonite Conference,9,"1,912",0.07%,0.03%
24,Maryland,FJ3,Weaverland Mennonite Conference,0,8,0.00%,0.00%
24,Maryland,467,Wesleyan Church,30,"9,038",0.34%,0.15%
24,Maryland,469,Wisconsin Evangelical Lutheran Synod,4,603,0.02%,0.01%
24,Maryland,490,Zoroastrian,1,,,
25,Massachusetts,326,(Original) Church of God,2,,,
25,Massachusetts,001,Advent Christian Church,11,759,0.02%,0.01%
25,Massachusetts,003,African Methodist Episcopal Church,15,"5,942",0.17%,0.08%
25,Massachusetts,005,African Methodist Episcopal Zion Church,10,"2,222",0.06%,0.03%
25,Massachusetts,009,Albanian Orthodox Diocese of America,1,300,0.01%,0.00%
25,Massachusetts,012,Alliance of Baptists,7,,,
25,Massachusetts,FG6,American Anglican Church,3,,,
25,Massachusetts,019,American Baptist Churches in the USA,262,"38,288",1.12%,0.54%
25,Massachusetts,416,American Sikh Council,5,,,
25,Massachusetts,FG4,Anglican Church in America,1,,,
25,Massachusetts,033,Anglican Church in North America,20,,,
25,Massachusetts,034,"Antiochian Orthodox Christian Archdiocese of North America, The",10,"4,635",0.14%,0.07%
25,Massachusetts,042,"Apostolic Faith Mission of Portland, OR",1,,,
25,Massachusetts,045,Apostolic Lutheran Church of America,2,,,
25,Massachusetts,049,Armenian Apostolic Church of America (Catholicosate of Cilicia),5,"2,950",0.09%,0.04%
25,Massachusetts,050,Armenian Church of North America (Catholicosate of Etchmiadzin),8,"9,630",0.28%,0.14%
25,Massachusetts,053,Assemblies of God,163,"40,068",1.17%,0.57%
25,Massachusetts,055,Associate Reformed Presbyterian Church,1,,,
25,Massachusetts,058,Association of Messianic Congregations,1,,,
25,Massachusetts,056,Baha'i Faith USA,16,"2,827",0.08%,0.04%
25,Massachusetts,078,"Bulgarian Eastern Orthodox Diocese of the USA, Canada and Australia",2,400,0.01%,0.01%
25,Massachusetts,084,Calvary Chapel Fellowship Churches,1,,,
25,Massachusetts,081,Catholic Church,593,"2,497,737",73.05%,35.53%
25,Massachusetts,FGS,Chabad Judaism,34,,,
25,Massachusetts,244,Charis Fellowship,1,,,
25,Massachusetts,087,Christadelphian,11,,,
25,Massachusetts,089,Christian and Missionary Alliance,20,"2,637",0.08%,0.04%
25,Massachusetts,353,Christian Brethren (Open Plymouth Brethren),15,,,
25,Massachusetts,093,Christian Church (Disciples of Christ),6,32,0.00%,0.00%
25,Massachusetts,097,Christian Churches and Churches of Christ,7,124,0.00%,0.00%
25,Massachusetts,F10,Christian Congregation in North America,9,,,
25,Massachusetts,101,Christian Methodist Episcopal Church,1,100,0.00%,0.00%
25,Massachusetts,105,Christian Reformed Church in North America,7,"1,174",0.03%,0.02%
25,Massachusetts,111,"Church of Christ, Scientist",19,,,
25,Massachusetts,F53,Church of God,1,,,
25,Massachusetts,123,"Church of God (Anderson, Indiana)",4,524,0.02%,0.01%
25,Massachusetts,127,"Church of God (Cleveland, Tennessee)",65,"5,354",0.16%,0.08%
25,Massachusetts,133,Church of God (Seventh Day),2,,,
25,Massachusetts,C22,Church of God and Saints of Christ,1,,,
25,Massachusetts,122,"Church of God by Faith, Inc.",1,,,
25,Massachusetts,141,Church of God in Christ,21,"4,044",0.12%,0.06%
25,Massachusetts,145,Church of God of Prophecy,16,,,
25,Massachusetts,151,Church of Jesus Christ of Latter-day Saints,58,"28,040",0.82%,0.40%
25,Massachusetts,155,"Church of Our Lord Jesus Christ of the Apostolic Faith, Inc.",10,"1,800",0.05%,0.03%
25,Massachusetts,157,Church of the Brethren,1,0,0.00%,0.00%
25,Massachusetts,FFK,Church of the Genuine Orthodox Christians,3,620,0.02%,0.01%
25,Massachusetts,D59,Church of the Living God: Pillar and Ground of the Truth,1,,,
25,Massachusetts,165,Church of the Nazarene,63,"8,296",0.24%,0.12%
25,Massachusetts,438,Church of the United Brethren in Christ USA,1,75,0.00%,0.00%
25,Massachusetts,167,Churches of Christ,26,"1,998",0.06%,0.03%
25,Massachusetts,168,Churches of Christ in Christian Union,2,,,
25,Massachusetts,173,Community of Christ,4,,,
25,Massachusetts,176,"Congregational Christian Churches, Additional (not part of any national CCC body)",6,927,0.03%,0.01%
25,Massachusetts,181,Conservative Congregational Christian Conference,55,"7,765",0.23%,0.11%
25,Massachusetts,270,Conservative Judaism,27,"21,299",0.62%,0.30%
25,Massachusetts,057,Converge Worldwide / Baptist General Conference,36,,,
25,Massachusetts,186,Coptic Orthodox Church,9,"4,589",0.13%,0.07%
25,Massachusetts,185,Cumberland Presbyterian,1,14,0.00%,0.00%
25,Massachusetts,FFW,ECO: A Covenant Order of Presbyterians,1,,,
25,Massachusetts,FFP,Ecumenical Catholic Communion,2,30,0.00%,0.00%
25,Massachusetts,190,Elim Fellowship,3,,,
25,Massachusetts,193,Episcopal Church,213,"65,290",1.91%,0.93%
25,Massachusetts,202,Eritrean Orthodox,1,235,0.01%,0.00%
25,Massachusetts,204,Ethiopian Orthodox,8,"2,160",0.06%,0.03%
25,Massachusetts,201,Evangelical Covenant Church,27,"3,596",0.11%,0.05%
25,Massachusetts,203,Evangelical Free Church of America,16,,,
25,Massachusetts,207,Evangelical Lutheran Church in America,63,"15,361",0.45%,0.22%
25,Massachusetts,209,Evangelical Lutheran Synod,2,209,0.01%,0.00%
25,Massachusetts,216,Evangelical Presbyterian Church,2,,,
25,Massachusetts,FGP,Every Nation,1,,,
25,Massachusetts,346,Fire-Baptized Holiness Church of the Americas,2,,,
25,Massachusetts,263,"Foursquare Gospel, International Church of the",23,"3,064",0.09%,0.04%
25,Massachusetts,221,Free Methodist Church--USA,11,"1,361",0.04%,0.02%
25,Massachusetts,393,"Friends General Conference and Friends United Meeting, dually aligned meetings",20,"1,985",0.06%,0.03%
25,Massachusetts,F23,Full Gospel Assemblies International,3,,,
25,Massachusetts,FFR,Full Gospel Christian Assemblies International,3,850,0.02%,0.01%
25,Massachusetts,388,General Association of Regular Baptist Churches,6,,,
25,Massachusetts,233,General Church of the New Jerusalem,1,,,
25,Massachusetts,FGM,Grace Communion International,1,,,
25,Massachusetts,246,Greek Orthodox Archdiocese of America,38,"25,844",0.76%,0.37%
25,Massachusetts,895,Hindu Temples,11,"10,598",0.31%,0.15%
25,Massachusetts,896,Hindu Yoga and Meditation,43,"9,254",0.27%,0.13%
25,Massachusetts,251,Holy Orthodox Church in North America,4,305,0.01%,0.00%
25,Massachusetts,FGR,Independent Judaism,9,380,0.01%,0.01%
25,Massachusetts,264,International Churches of Christ,3,"3,045",0.09%,0.04%
25,Massachusetts,FE9,International Communion of the Charismatic Episcopal Church,1,,,
25,Massachusetts,262,International Council of Community Churches,2,,,
25,Massachusetts,260,International Fellowship of Christian Assemblies,10,,,
25,Massachusetts,268,Jain,2,,,
25,Massachusetts,272,Jehovah's Witnesses,198,"45,302",1.32%,0.64%
25,Massachusetts,FFL,Knanaya Churches in the USA,1,190,0.01%,0.00%
25,Massachusetts,FFJ,Laestadian Lutheran Church,1,,,
25,Massachusetts,274,Latvian Evangelical Lutheran Church in America,2,,,
25,Massachusetts,283,Lutheran Church--Missouri Synod,19,"3,975",0.12%,0.06%
25,Massachusetts,255,Lutheran Congregations in Mission for Christ,2,114,0.00%,0.00%
25,Massachusetts,890,Mahayana Buddhist,39,"11,934",0.35%,0.17%
25,Massachusetts,334,Malankara Archdiocese of the Syrian Orthodox Church in North America,1,92,0.00%,0.00%
25,Massachusetts,F28,Malankara Mar Thoma Church,1,98,0.00%,0.00%
25,Massachusetts,333,Malankara Orthodox Syrian Church,1,281,0.01%,0.00%
25,Massachusetts,288,Mennonite Church USA,1,58,0.00%,0.00%
25,Massachusetts,290,Metropolitan Community Churches,1,25,0.00%,0.00%
25,Massachusetts,291,Missionary Church,11,402,0.01%,0.01%
25,Massachusetts,267,Muslim Estimate,52,"131,749",3.85%,1.87%
25,Massachusetts,175,National Association of Congregational Christian Churches,35,"4,168",0.12%,0.06%
25,Massachusetts,300,"National Baptist Convention, USA, Inc.",6,"1,836",0.05%,0.03%
25,Massachusetts,302,"National Missionary Baptist Convention, Inc.",8,"2,240",0.07%,0.03%
25,Massachusetts,303,National Spiritualist Association of Churches,4,,,
25,Massachusetts,F31,Nationwide Fellowship Mennonite Churches,1,92,0.00%,0.00%
25,Massachusetts,309,New Apostolic Church USA,3,,,
25,Massachusetts,500,Non-denominational Christian Churches,383,"114,736",3.36%,1.63%
25,Massachusetts,315,North American Old Roman Catholic Church,1,,,
25,Massachusetts,331,Orthodox Church in America,11,"3,161",0.09%,0.04%
25,Massachusetts,276,Orthodox Judaism,25,"12,540",0.37%,0.18%
25,Massachusetts,335,Orthodox Presbyterian Church,5,,,
25,Massachusetts,D71,Pentecostal Assemblies of the World,3,686,0.02%,0.01%
25,Massachusetts,352,Polish National Catholic Church,7,,,
25,Massachusetts,355,Presbyterian Church (U.S.A.),28,"2,787",0.08%,0.04%
25,Massachusetts,356,Presbyterian Church in America,20,"1,870",0.05%,0.03%
25,Massachusetts,363,Primitive Methodist Church in the USA,4,,,
25,Massachusetts,275,Reconstructionist Judaism,9,"3,124",0.09%,0.04%
25,Massachusetts,271,Reform Judaism,38,"33,489",0.98%,0.48%
25,Massachusetts,F41,Reformed Baptist Network,1,,,
25,Massachusetts,371,Reformed Church in America,1,90,0.00%,0.00%
25,Massachusetts,375,Reformed Episcopal Church,1,,,
25,Massachusetts,383,Reformed Presbyterian Church of North America,1,101,0.00%,0.00%
25,Massachusetts,FHG,Remnant: Charity Ministries and related,1,,,
25,Massachusetts,395,Romanian Orthodox Archdiocese in Americas,3,620,0.02%,0.01%
25,Massachusetts,401,Russian Orthodox Church Outside of Russia,4,550,0.02%,0.01%
25,Massachusetts,403,Salvation Army,31,"3,534",0.10%,0.05%
25,Massachusetts,410,Serbian Orthodox Church in North America,1,"1,200",0.04%,0.02%
25,Massachusetts,413,Seventh-day Adventist Church,145,"28,609",0.84%,0.41%
25,Massachusetts,419,Southern Baptist Convention,195,"21,296",0.62%,0.30%
25,Massachusetts,F51,Sovereign Grace Churches,2,,,
25,Massachusetts,239,Swedenborgian Church,3,86,0.00%,0.00%
25,Massachusetts,423,Syriac Orthodox Church of Antioch,2,350,0.01%,0.00%
25,Massachusetts,425,Tao,1,,,
25,Massachusetts,F54,The local churches,8,,,
25,Massachusetts,891,Theravada Buddhist,20,"10,872",0.32%,0.15%
25,Massachusetts,FGQ,Twelve Tribes,4,,,
25,Massachusetts,431,Ukrainian Orthodox Church of the USA,1,320,0.01%,0.00%
25,Massachusetts,437,Union of Messianic Jewish Congregations,2,,,
25,Massachusetts,435,Unitarian Universalist Association of Congregations,138,"26,379",0.77%,0.38%
25,Massachusetts,443,United Church of Christ,338,"65,402",1.91%,0.93%
25,Massachusetts,FGN,United Church of God,1,,,
25,Massachusetts,445,"United Holy Church of America, Inc.",5,225,0.01%,0.00%
25,Massachusetts,F58,United House of Prayer,3,430,0.01%,0.01%
25,Massachusetts,449,United Methodist Church,186,"37,547",1.10%,0.53%
25,Massachusetts,454,United Pentecostal Church International,33,,,
25,Massachusetts,124,"Unity Churches, Association of",9,,,
25,Massachusetts,892,Vajarayana Buddhist,20,"7,180",0.21%,0.10%
25,Massachusetts,FFQ,Vanguard Presbytery,1,,,
25,Massachusetts,462,Vedanta Society,1,,,
25,Massachusetts,179,Venture Church Network,46,,,
25,Massachusetts,463,Vineyard USA,6,640,0.02%,0.01%
25,Massachusetts,467,Wesleyan Church,4,156,0.00%,0.00%
25,Massachusetts,469,Wisconsin Evangelical Lutheran Synod,1,97,0.00%,0.00%
25,Massachusetts,490,Zoroastrian,1,,,
26,Michigan,001,Advent Christian Church,1,0,0.00%,0.00%
26,Michigan,003,African Methodist Episcopal Church,61,"27,047",0.68%,0.27%
26,Michigan,005,African Methodist Episcopal Zion Church,15,"4,208",0.11%,0.04%
26,Michigan,012,Alliance of Baptists,1,,,
26,Michigan,284,American Association of Lutheran Churches,1,,,
26,Michigan,017,American Baptist Association,11,"1,660",0.04%,0.02%
26,Michigan,019,American Baptist Churches in the USA,137,"51,027",1.28%,0.51%
26,Michigan,416,American Sikh Council,17,,,
26,Michigan,031,"Amish Groups, undifferentiated",157,"15,805",0.40%,0.16%
26,Michigan,F01,Anglican Catholic Church,2,,,
26,Michigan,FG4,Anglican Church in America,1,,,
26,Michigan,033,Anglican Church in North America,15,,,
26,Michigan,034,"Antiochian Orthodox Christian Archdiocese of North America, The",11,"5,630",0.14%,0.06%
26,Michigan,FF7,Apostolic Christian Church (Nazarene) - East Conference,2,101,0.00%,0.00%
26,Michigan,040,Apostolic Christian Church of America,3,432,0.01%,0.00%
26,Michigan,FEX,Apostolic Christian Faith,1,7,0.00%,0.00%
26,Michigan,045,Apostolic Lutheran Church of America,14,,,
26,Michigan,049,Armenian Apostolic Church of America (Catholicosate of Cilicia),1,"2,000",0.05%,0.02%
26,Michigan,050,Armenian Church of North America (Catholicosate of Etchmiadzin),1,"2,000",0.05%,0.02%
26,Michigan,051,Armenian Evangelical Churches (Additional),1,,,
26,Michigan,053,Assemblies of God,287,"93,206",2.33%,0.92%
26,Michigan,FGJ,Assemblies of the Lord Jesus Christ,1,,,
26,Michigan,220,Association of Free Lutheran Congregations,10,783,0.02%,0.01%
26,Michigan,058,Association of Messianic Congregations,1,,,
26,Michigan,056,Baha'i Faith USA,18,"3,041",0.08%,0.03%
26,Michigan,059,Baptist Missionary Association of America,10,,,
26,Michigan,061,Beachy Amish-Mennonite Churches,1,100,0.00%,0.00%
26,Michigan,FDT,Bethel Fellowship Mennonite Churches,1,90,0.00%,0.00%
26,Michigan,FE8,Bible Methodist Connection,11,,,
26,Michigan,FHW,Biblical Mennonite Alliance,1,37,0.00%,0.00%
26,Michigan,071,"Brethren Church, The (Ashland, Ohio)",2,,,
26,Michigan,075,Brethren In Christ Church,7,,,
26,Michigan,078,"Bulgarian Eastern Orthodox Diocese of the USA, Canada and Australia",3,915,0.02%,0.01%
26,Michigan,084,Calvary Chapel Fellowship Churches,2,,,
26,Michigan,086,Canadian and American Reformed Churches,1,,,
26,Michigan,081,Catholic Church,730,"1,492,732",37.33%,14.81%
26,Michigan,FGS,Chabad Judaism,24,,,
26,Michigan,244,Charis Fellowship,4,,,
26,Michigan,087,Christadelphian,6,,,
26,Michigan,089,Christian and Missionary Alliance,33,"5,082",0.13%,0.05%
26,Michigan,353,Christian Brethren (Open Plymouth Brethren),52,,,
26,Michigan,093,Christian Church (Disciples of Christ),42,"2,744",0.07%,0.03%
26,Michigan,097,Christian Churches and Churches of Christ,106,"18,559",0.46%,0.18%
26,Michigan,F10,Christian Congregation in North America,1,,,
26,Michigan,101,Christian Methodist Episcopal Church,27,"5,568",0.14%,0.06%
26,Michigan,105,Christian Reformed Church in North America,222,"64,026",1.60%,0.64%
26,Michigan,F13,Church of Christ,3,,,
26,Michigan,110,"Church of Christ (Holiness), U.S.A.",4,,,
26,Michigan,143,"Church of Christ, Mennonite",3,565,0.01%,0.01%
26,Michigan,111,"Church of Christ, Scientist",8,,,
26,Michigan,F53,Church of God,1,,,
26,Michigan,123,"Church of God (Anderson, Indiana)",93,"20,224",0.51%,0.20%
26,Michigan,127,"Church of God (Cleveland, Tennessee)",98,"13,347",0.33%,0.13%
26,Michigan,133,Church of God (Seventh Day),7,,,
26,Michigan,122,"Church of God by Faith, Inc.",1,,,
26,Michigan,121,Church of God General Conference,6,228,0.01%,0.00%
26,Michigan,141,Church of God in Christ,182,"49,529",1.24%,0.49%
26,Michigan,145,Church of God of Prophecy,20,,,
26,Michigan,146,"Church of God, Mountain Assembly, Inc.",5,,,
26,Michigan,151,Church of Jesus Christ of Latter-day Saints,98,"45,074",1.13%,0.45%
26,Michigan,149,"Church of Jesus Christ, The (Bickertonites)",5,,,
26,Michigan,155,"Church of Our Lord Jesus Christ of the Apostolic Faith, Inc.",20,"3,330",0.08%,0.03%
26,Michigan,157,Church of the Brethren,23,"1,396",0.03%,0.01%
26,Michigan,FFK,Church of the Genuine Orthodox Christians,3,270,0.01%,0.00%
26,Michigan,A47,Church of the Living God (Christian Workers for Fellowship),5,,,
26,Michigan,D59,Church of the Living God: Pillar and Ground of the Truth,4,,,
26,Michigan,164,Church of the Lutheran Confession,8,,,
26,Michigan,165,Church of the Nazarene,185,"38,841",0.97%,0.39%
26,Michigan,438,Church of the United Brethren in Christ USA,30,"5,077",0.13%,0.05%
26,Michigan,167,Churches of Christ,180,"22,066",0.55%,0.22%
26,Michigan,168,Churches of Christ in Christian Union,4,,,
26,Michigan,171,"Churches of God, General Conference",6,300,0.01%,0.00%
26,Michigan,172,Communion of Reformed Evangelical Churches,3,,,
26,Michigan,173,Community of Christ,68,,,
26,Michigan,176,"Congregational Christian Churches, Additional (not part of any national CCC body)",3,517,0.01%,0.01%
26,Michigan,181,Conservative Congregational Christian Conference,15,"1,593",0.04%,0.02%
26,Michigan,270,Conservative Judaism,8,"6,405",0.16%,0.06%
26,Michigan,183,Conservative Mennonite Conference,10,969,0.02%,0.01%
26,Michigan,390,Conservative Yearly Meeting of Friends,1,10,0.00%,0.00%
26,Michigan,057,Converge Worldwide / Baptist General Conference,12,,,
26,Michigan,186,Coptic Orthodox Church,7,"3,018",0.08%,0.03%
26,Michigan,185,Cumberland Presbyterian,2,48,0.00%,0.00%
26,Michigan,187,Cumberland Presbyterian Church in America,1,300,0.01%,0.00%
26,Michigan,FG7,Diocese of the Holy Cross,1,,,
26,Michigan,FFT,Dunkard Brethren Church,1,77,0.00%,0.00%
26,Michigan,286,Eastern Pennsylvania Mennonite Church,1,89,0.00%,0.00%
26,Michigan,FFW,ECO: A Covenant Order of Presbyterians,2,,,
26,Michigan,190,Elim Fellowship,14,,,
26,Michigan,193,Episcopal Church,195,"27,320",0.68%,0.27%
26,Michigan,FG8,Episcopal Missionary Church,1,,,
26,Michigan,202,Eritrean Orthodox,2,456,0.01%,0.00%
26,Michigan,204,Ethiopian Orthodox,4,850,0.02%,0.01%
26,Michigan,198,"Evangelical Association of Reformed, and Congregational Christian Churches",3,,,
26,Michigan,197,"Evangelical Church, The",1,136,0.00%,0.00%
26,Michigan,201,Evangelical Covenant Church,51,"9,711",0.24%,0.10%
26,Michigan,203,Evangelical Free Church of America,37,,,
26,Michigan,328,Evangelical Friends Church International,8,"1,302",0.03%,0.01%
26,Michigan,207,Evangelical Lutheran Church in America,281,"82,376",2.06%,0.82%
26,Michigan,FFE,Evangelical Lutheran Diocese of North America,2,,,
26,Michigan,209,Evangelical Lutheran Synod,8,"1,095",0.03%,0.01%
26,Michigan,216,Evangelical Presbyterian Church,26,,,
26,Michigan,FGP,Every Nation,1,,,
26,Michigan,FGL,Fellowship of Christian Assemblies,1,,,
26,Michigan,211,Fellowship of Evangelical Bible Churches,1,,,
26,Michigan,213,Fellowship of Evangelical Churches,3,171,0.00%,0.00%
26,Michigan,067,Fellowship of Fundamentalist Bible Churches,3,,,
26,Michigan,346,Fire-Baptized Holiness Church of the Americas,2,,,
26,Michigan,263,"Foursquare Gospel, International Church of the",16,926,0.02%,0.01%
26,Michigan,221,Free Methodist Church--USA,66,"7,833",0.20%,0.08%
26,Michigan,227,Free Reformed Churches of North America,1,,,
26,Michigan,391,Friends General Conference,8,376,0.01%,0.00%
26,Michigan,225,Friends United Meeting,2,38,0.00%,0.00%
26,Michigan,232,Full Gospel Baptist Church Fellowship,16,"2,610",0.07%,0.03%
26,Michigan,FFR,Full Gospel Christian Assemblies International,26,"11,874",0.30%,0.12%
26,Michigan,231,General Association of General Baptists,2,710,0.02%,0.01%
26,Michigan,388,General Association of Regular Baptist Churches,100,,,
26,Michigan,233,General Church of the New Jerusalem,1,,,
26,Michigan,FGM,Grace Communion International,7,,,
26,Michigan,243,Grace Gospel Fellowship,17,,,
26,Michigan,246,Greek Orthodox Archdiocese of America,20,"12,773",0.32%,0.13%
26,Michigan,248,Heritage Reformed Congregations,1,558,0.01%,0.01%
26,Michigan,FGD,Higher Ground Always Abounding Assemblies,3,,,
26,Michigan,895,Hindu Temples,16,"16,904",0.42%,0.17%
26,Michigan,896,Hindu Yoga and Meditation,29,"7,126",0.18%,0.07%
26,Michigan,FGR,Independent Judaism,4,405,0.01%,0.00%
26,Michigan,264,International Churches of Christ,4,598,0.01%,0.01%
26,Michigan,FE9,International Communion of the Charismatic Episcopal Church,1,,,
26,Michigan,262,International Council of Community Churches,3,,,
26,Michigan,260,International Fellowship of Christian Assemblies,5,,,
26,Michigan,265,International Pentecostal Church of Christ,3,,,
26,Michigan,268,Jain,2,,,
26,Michigan,272,Jehovah's Witnesses,306,"69,130",1.73%,0.69%
26,Michigan,FFL,Knanaya Churches in the USA,1,65,0.00%,0.00%
26,Michigan,FFJ,Laestadian Lutheran Church,3,,,
26,Michigan,283,Lutheran Church--Missouri Synod,399,"172,123",4.30%,1.71%
26,Michigan,255,Lutheran Congregations in Mission for Christ,21,"4,468",0.11%,0.04%
26,Michigan,330,Macedonian Orthodox Church: American Diocese,2,"3,950",0.10%,0.04%
26,Michigan,890,Mahayana Buddhist,12,"4,835",0.12%,0.05%
26,Michigan,334,Malankara Archdiocese of the Syrian Orthodox Church in North America,1,60,0.00%,0.00%
26,Michigan,333,Malankara Orthodox Syrian Church,3,763,0.02%,0.01%
26,Michigan,288,Mennonite Church USA,18,"1,335",0.03%,0.01%
26,Michigan,290,Metropolitan Community Churches,4,228,0.01%,0.00%
26,Michigan,FD1,Midwest Mennonite Fellowship,4,182,0.00%,0.00%
26,Michigan,291,Missionary Church,69,"7,069",0.18%,0.07%
26,Michigan,293,Moravian Church in America--Northern Province,3,318,0.01%,0.00%
26,Michigan,267,Muslim Estimate,127,"241,828",6.05%,2.40%
26,Michigan,175,National Association of Congregational Christian Churches,49,"6,517",0.16%,0.06%
26,Michigan,223,National Association of Free Will Baptists,26,843,0.02%,0.01%
26,Michigan,301,"National Baptist Convention of America, Inc.",12,"8,758",0.22%,0.09%
26,Michigan,300,"National Baptist Convention, USA, Inc.",127,"77,470",1.94%,0.77%
26,Michigan,302,"National Missionary Baptist Convention, Inc.",408,"132,118",3.30%,1.31%
26,Michigan,303,National Spiritualist Association of Churches,5,,,
26,Michigan,F31,Nationwide Fellowship Mennonite Churches,2,158,0.00%,0.00%
26,Michigan,FHP,Nazarene Christian Congregation (Side A or B),1,24,0.00%,0.00%
26,Michigan,307,Netherlands Reformed Congregations,3,,,
26,Michigan,309,New Apostolic Church USA,10,,,
26,Michigan,308,New Testament Association of Independent Baptist Church,1,,,
26,Michigan,500,Non-denominational Christian Churches,"1,267","508,904",12.73%,5.05%
26,Michigan,313,North American Baptist Conference,19,,,
26,Michigan,314,North American Lutheran Church,13,,,
26,Michigan,FD2,Northeastern Mennonite Conference,1,43,0.00%,0.00%
26,Michigan,FFY,Northern New Salem Association of Old Regular Baptists,5,118,0.00%,0.00%
26,Michigan,FFH,Old Apostolic Lutheran Church of America,3,,,
26,Michigan,F35,"Old German Baptist Brethren, New Conference",1,15,0.00%,0.00%
26,Michigan,329,Open Bible Churches,4,602,0.02%,0.01%
26,Michigan,331,Orthodox Church in America,16,"3,707",0.09%,0.04%
26,Michigan,276,Orthodox Judaism,7,"12,470",0.31%,0.12%
26,Michigan,335,Orthodox Presbyterian Church,25,,,
26,Michigan,400,Patriarchal Parishes of the Russian Orthodox Church in the USA,5,332,0.01%,0.00%
26,Michigan,D71,Pentecostal Assemblies of the World,5,"10,984",0.27%,0.11%
26,Michigan,339,Pentecostal Church of God,57,,,
26,Michigan,F38,Pilgrim Mennonite Conference,2,158,0.00%,0.00%
26,Michigan,352,Polish National Catholic Church,3,,,
26,Michigan,355,Presbyterian Church (U.S.A.),230,"46,464",1.16%,0.46%
26,Michigan,356,Presbyterian Church in America,19,"3,643",0.09%,0.04%
26,Michigan,361,Primitive Baptists Associations,10,664,0.02%,0.01%
26,Michigan,364,"Progressive National Baptist Convention, Inc.",15,"4,648",0.12%,0.05%
26,Michigan,369,Protestant Reformed Churches in America,15,"5,329",0.13%,0.05%
26,Michigan,275,Reconstructionist Judaism,4,792,0.02%,0.01%
26,Michigan,271,Reform Judaism,12,"19,823",0.50%,0.20%
26,Michigan,F41,Reformed Baptist Network,3,,,
26,Michigan,371,Reformed Church in America,159,"62,850",1.57%,0.62%
26,Michigan,375,Reformed Episcopal Church,2,,,
26,Michigan,379,Reformed Mennonite Church,1,28,0.00%,0.00%
26,Michigan,383,Reformed Presbyterian Church of North America,3,122,0.00%,0.00%
26,Michigan,FHG,Remnant: Charity Ministries and related,3,,,
26,Michigan,395,Romanian Orthodox Archdiocese in Americas,2,385,0.01%,0.00%
26,Michigan,401,Russian Orthodox Church Outside of Russia,8,794,0.02%,0.01%
26,Michigan,403,Salvation Army,48,"4,343",0.11%,0.04%
26,Michigan,410,Serbian Orthodox Church in North America,6,"5,633",0.14%,0.06%
26,Michigan,415,"Seventh Day Baptist General Conference, USA and Canada",3,121,0.00%,0.00%
26,Michigan,413,Seventh-day Adventist Church,220,"43,064",1.08%,0.43%
26,Michigan,419,Southern Baptist Convention,303,"44,950",1.12%,0.45%
26,Michigan,239,Swedenborgian Church,1,40,0.00%,0.00%
26,Michigan,423,Syriac Orthodox Church of Antioch,2,900,0.02%,0.01%
26,Michigan,F54,The local churches,4,,,
26,Michigan,891,Theravada Buddhist,14,"5,466",0.14%,0.05%
26,Michigan,431,Ukrainian Orthodox Church of the USA,1,350,0.01%,0.00%
26,Michigan,432,Unaffiliated Amish-Mennonite (Conservative),1,64,0.00%,0.00%
26,Michigan,FHF,Unaffiliated Conservative Mennonite,3,88,0.00%,0.00%
26,Michigan,FHR,Unaffiliated Mennonite (Wisler Christian Fellowship),1,95,0.00%,0.00%
26,Michigan,FER,Unification Church,2,,,
26,Michigan,437,Union of Messianic Jewish Congregations,1,,,
26,Michigan,435,Unitarian Universalist Association of Congregations,25,"4,292",0.11%,0.04%
26,Michigan,443,United Church of Christ,139,"26,659",0.67%,0.26%
26,Michigan,FGN,United Church of God,8,,,
26,Michigan,FG5,United Episcopal Church of North America,3,,,
26,Michigan,445,"United Holy Church of America, Inc.",1,12,0.00%,0.00%
26,Michigan,F58,United House of Prayer,1,400,0.01%,0.00%
26,Michigan,449,United Methodist Church,737,"167,730",4.19%,1.66%
26,Michigan,454,United Pentecostal Church International,108,,,
26,Michigan,455,United Reformed Churches in North America,13,"3,218",0.08%,0.03%
26,Michigan,124,"Unity Churches, Association of",31,,,
26,Michigan,892,Vajarayana Buddhist,8,"1,450",0.04%,0.01%
26,Michigan,462,Vedanta Society,1,,,
26,Michigan,179,Venture Church Network,9,,,
26,Michigan,463,Vineyard USA,12,"2,632",0.07%,0.03%
26,Michigan,467,Wesleyan Church,130,"39,474",0.99%,0.39%
26,Michigan,469,Wisconsin Evangelical Lutheran Synod,128,"35,852",0.90%,0.36%
26,Michigan,FE1,Wisler Mennonite Conference (Ohio-Indiana),3,414,0.01%,0.00%
26,Michigan,490,Zoroastrian,1,,,
27,Minnesota,003,African Methodist Episcopal Church,6,"1,752",0.06%,0.03%
27,Minnesota,012,Alliance of Baptists,2,,,
27,Minnesota,FG6,American Anglican Church,1,,,
27,Minnesota,284,American Association of Lutheran Churches,7,,,
27,Minnesota,017,American Baptist Association,1,30,0.00%,0.00%
27,Minnesota,019,American Baptist Churches in the USA,38,"10,172",0.36%,0.18%
27,Minnesota,416,American Sikh Council,1,,,
27,Minnesota,031,"Amish Groups, undifferentiated",36,"4,511",0.16%,0.08%
27,Minnesota,FG4,Anglican Church in America,1,,,
27,Minnesota,033,Anglican Church in North America,5,,,
27,Minnesota,034,"Antiochian Orthodox Christian Archdiocese of North America, The",1,500,0.02%,0.01%
27,Minnesota,040,Apostolic Christian Church of America,4,529,0.02%,0.01%
27,Minnesota,FEX,Apostolic Christian Faith,2,394,0.01%,0.01%
27,Minnesota,042,"Apostolic Faith Mission of Portland, OR",1,,,
27,Minnesota,045,Apostolic Lutheran Church of America,12,,,
27,Minnesota,050,Armenian Church of North America (Catholicosate of Etchmiadzin),1,50,0.00%,0.00%
27,Minnesota,053,Assemblies of God,254,"119,851",4.24%,2.10%
27,Minnesota,220,Association of Free Lutheran Congregations,80,"12,379",0.44%,0.22%
27,Minnesota,056,Baha'i Faith USA,15,"1,933",0.07%,0.03%
27,Minnesota,059,Baptist Missionary Association of America,1,,,
27,Minnesota,061,Beachy Amish-Mennonite Churches,1,146,0.01%,0.00%
27,Minnesota,063,Berean Fellowship of Churches,1,,,
27,Minnesota,069,Bible Presbyterian Church (General Synod),1,,,
27,Minnesota,E54,"Bible Way Church of Our Lord Jesus Christ World Wide, Inc.",1,80,0.00%,0.00%
27,Minnesota,070,"Bruderhof Communities, Inc.",1,5,0.00%,0.00%
27,Minnesota,084,Calvary Chapel Fellowship Churches,1,,,
27,Minnesota,FFM,Catholic Apostolic Church in North America,1,,,
27,Minnesota,081,Catholic Church,662,"1,111,644",39.36%,19.48%
27,Minnesota,FGS,Chabad Judaism,11,,,
27,Minnesota,244,Charis Fellowship,1,,,
27,Minnesota,087,Christadelphian,1,,,
27,Minnesota,089,Christian and Missionary Alliance,88,"27,362",0.97%,0.48%
27,Minnesota,353,Christian Brethren (Open Plymouth Brethren),17,,,
27,Minnesota,093,Christian Church (Disciples of Christ),7,203,0.01%,0.00%
27,Minnesota,097,Christian Churches and Churches of Christ,49,"6,275",0.22%,0.11%
27,Minnesota,101,Christian Methodist Episcopal Church,1,160,0.01%,0.00%
27,Minnesota,105,Christian Reformed Church in North America,28,"5,638",0.20%,0.10%
27,Minnesota,F13,Church of Christ,2,,,
27,Minnesota,143,"Church of Christ, Mennonite",1,117,0.00%,0.00%
27,Minnesota,111,"Church of Christ, Scientist",2,,,
27,Minnesota,F53,Church of God,1,,,
27,Minnesota,123,"Church of God (Anderson, Indiana)",5,898,0.03%,0.02%
27,Minnesota,127,"Church of God (Cleveland, Tennessee)",16,"1,408",0.05%,0.02%
27,Minnesota,133,Church of God (Seventh Day),2,,,
27,Minnesota,121,Church of God General Conference,6,225,0.01%,0.00%
27,Minnesota,141,Church of God in Christ,16,"4,210",0.15%,0.07%
27,Minnesota,145,Church of God of Prophecy,6,,,
27,Minnesota,151,Church of Jesus Christ of Latter-day Saints,76,"33,276",1.18%,0.58%
27,Minnesota,157,Church of the Brethren,5,274,0.01%,0.00%
27,Minnesota,163,Church of the Lutheran Brethren of America,24,,,
27,Minnesota,164,Church of the Lutheran Confession,12,,,
27,Minnesota,165,Church of the Nazarene,46,"4,851",0.17%,0.09%
27,Minnesota,167,Churches of Christ,35,"2,317",0.08%,0.04%
27,Minnesota,172,Communion of Reformed Evangelical Churches,1,,,
27,Minnesota,173,Community of Christ,6,,,
27,Minnesota,181,Conservative Congregational Christian Conference,20,"7,398",0.26%,0.13%
27,Minnesota,270,Conservative Judaism,5,"9,332",0.33%,0.16%
27,Minnesota,183,Conservative Mennonite Conference,1,47,0.00%,0.00%
27,Minnesota,057,Converge Worldwide / Baptist General Conference,167,,,
27,Minnesota,186,Coptic Orthodox Church,2,727,0.03%,0.01%
27,Minnesota,FFW,ECO: A Covenant Order of Presbyterians,9,,,
27,Minnesota,FFP,Ecumenical Catholic Communion,1,72,0.00%,0.00%
27,Minnesota,190,Elim Fellowship,1,,,
27,Minnesota,193,Episcopal Church,96,"17,520",0.62%,0.31%
27,Minnesota,202,Eritrean Orthodox,1,"1,500",0.05%,0.03%
27,Minnesota,204,Ethiopian Orthodox,7,"4,400",0.16%,0.08%
27,Minnesota,197,"Evangelical Church, The",6,593,0.02%,0.01%
27,Minnesota,201,Evangelical Covenant Church,123,"19,450",0.69%,0.34%
27,Minnesota,203,Evangelical Free Church of America,168,,,
27,Minnesota,207,Evangelical Lutheran Church in America,999,"607,275",21.50%,10.64%
27,Minnesota,FFE,Evangelical Lutheran Diocese of North America,1,,,
27,Minnesota,209,Evangelical Lutheran Synod,31,"5,810",0.21%,0.10%
27,Minnesota,216,Evangelical Presbyterian Church,3,,,
27,Minnesota,FGL,Fellowship of Christian Assemblies,24,,,
27,Minnesota,211,Fellowship of Evangelical Bible Churches,2,,,
27,Minnesota,213,Fellowship of Evangelical Churches,2,57,0.00%,0.00%
27,Minnesota,263,"Foursquare Gospel, International Church of the",5,372,0.01%,0.01%
27,Minnesota,221,Free Methodist Church--USA,3,165,0.01%,0.00%
27,Minnesota,391,Friends General Conference,11,539,0.02%,0.01%
27,Minnesota,FFR,Full Gospel Christian Assemblies International,6,"2,070",0.07%,0.04%
27,Minnesota,388,General Association of Regular Baptist Churches,28,,,
27,Minnesota,233,General Church of the New Jerusalem,1,,,
27,Minnesota,FGM,Grace Communion International,6,,,
27,Minnesota,243,Grace Gospel Fellowship,2,,,
27,Minnesota,246,Greek Orthodox Archdiocese of America,4,"2,843",0.10%,0.05%
27,Minnesota,895,Hindu Temples,5,"5,831",0.21%,0.10%
27,Minnesota,896,Hindu Yoga and Meditation,15,"3,393",0.12%,0.06%
27,Minnesota,251,Holy Orthodox Church in North America,1,20,0.00%,0.00%
27,Minnesota,FHY,Hutterite Christian Communities,2,266,0.01%,0.00%
27,Minnesota,FGR,Independent Judaism,2,0,0.00%,0.00%
27,Minnesota,264,International Churches of Christ,2,418,0.01%,0.01%
27,Minnesota,262,International Council of Community Churches,1,,,
27,Minnesota,268,Jain,1,,,
27,Minnesota,272,Jehovah's Witnesses,138,"28,334",1.00%,0.50%
27,Minnesota,FFJ,Laestadian Lutheran Church,8,,,
27,Minnesota,283,Lutheran Church--Missouri Synod,435,"151,221",5.35%,2.65%
27,Minnesota,255,Lutheran Congregations in Mission for Christ,109,"45,154",1.60%,0.79%
27,Minnesota,890,Mahayana Buddhist,7,"4,851",0.17%,0.09%
27,Minnesota,288,Mennonite Church USA,10,819,0.03%,0.01%
27,Minnesota,290,Metropolitan Community Churches,1,232,0.01%,0.00%
27,Minnesota,FD1,Midwest Mennonite Fellowship,3,163,0.01%,0.00%
27,Minnesota,291,Missionary Church,2,110,0.00%,0.00%
27,Minnesota,293,Moravian Church in America--Northern Province,7,"1,097",0.04%,0.02%
27,Minnesota,267,Muslim Estimate,72,"114,590",4.06%,2.01%
27,Minnesota,175,National Association of Congregational Christian Churches,8,"4,837",0.17%,0.08%
27,Minnesota,301,"National Baptist Convention of America, Inc.",3,"6,100",0.22%,0.11%
27,Minnesota,300,"National Baptist Convention, USA, Inc.",2,"1,150",0.04%,0.02%
27,Minnesota,302,"National Missionary Baptist Convention, Inc.",8,"4,528",0.16%,0.08%
27,Minnesota,F31,Nationwide Fellowship Mennonite Churches,2,268,0.01%,0.00%
27,Minnesota,309,New Apostolic Church USA,2,,,
27,Minnesota,308,New Testament Association of Independent Baptist Church,38,,,
27,Minnesota,500,Non-denominational Christian Churches,454,"167,891",5.94%,2.94%
27,Minnesota,313,North American Baptist Conference,10,,,
27,Minnesota,314,North American Lutheran Church,20,,,
27,Minnesota,FFH,Old Apostolic Lutheran Church of America,6,,,
27,Minnesota,329,Open Bible Churches,1,26,0.00%,0.00%
27,Minnesota,331,Orthodox Church in America,8,"1,434",0.05%,0.03%
27,Minnesota,276,Orthodox Judaism,6,"1,760",0.06%,0.03%
27,Minnesota,FFC,Orthodox Lutheran Confessional Conference,1,,,
27,Minnesota,335,Orthodox Presbyterian Church,2,,,
27,Minnesota,339,Pentecostal Church of God,3,,,
27,Minnesota,352,Polish National Catholic Church,2,,,
27,Minnesota,355,Presbyterian Church (U.S.A.),149,"25,909",0.92%,0.45%
27,Minnesota,356,Presbyterian Church in America,8,908,0.03%,0.02%
27,Minnesota,361,Primitive Baptists Associations,1,75,0.00%,0.00%
27,Minnesota,364,"Progressive National Baptist Convention, Inc.",1,"2,100",0.07%,0.04%
27,Minnesota,369,Protestant Reformed Churches in America,1,78,0.00%,0.00%
27,Minnesota,275,Reconstructionist Judaism,2,537,0.02%,0.01%
27,Minnesota,271,Reform Judaism,6,"11,546",0.41%,0.20%
27,Minnesota,371,Reformed Church in America,20,"5,833",0.21%,0.10%
27,Minnesota,373,Reformed Church in the United States,3,551,0.02%,0.01%
27,Minnesota,395,Romanian Orthodox Archdiocese in Americas,1,107,0.00%,0.00%
27,Minnesota,401,Russian Orthodox Church Outside of Russia,2,125,0.00%,0.00%
27,Minnesota,403,Salvation Army,19,"1,672",0.06%,0.03%
27,Minnesota,FJ1,Schmiedeleut Hutterite Group 1,3,201,0.01%,0.00%
27,Minnesota,FJ2,Schmiedeleut Hutterite Group 2,4,509,0.02%,0.01%
27,Minnesota,410,Serbian Orthodox Church in North America,4,505,0.02%,0.01%
27,Minnesota,415,"Seventh Day Baptist General Conference, USA and Canada",1,93,0.00%,0.00%
27,Minnesota,413,Seventh-day Adventist Church,98,"13,681",0.48%,0.24%
27,Minnesota,419,Southern Baptist Convention,122,"6,979",0.25%,0.12%
27,Minnesota,F51,Sovereign Grace Churches,2,,,
27,Minnesota,414,Stauffer Mennonite Church,1,54,0.00%,0.00%
27,Minnesota,239,Swedenborgian Church,1,20,0.00%,0.00%
27,Minnesota,F54,The local churches,3,,,
27,Minnesota,891,Theravada Buddhist,18,"4,170",0.15%,0.07%
27,Minnesota,431,Ukrainian Orthodox Church of the USA,2,510,0.02%,0.01%
27,Minnesota,FHF,Unaffiliated Conservative Mennonite,2,125,0.00%,0.00%
27,Minnesota,FER,Unification Church,1,,,
27,Minnesota,435,Unitarian Universalist Association of Congregations,23,"7,796",0.28%,0.14%
27,Minnesota,443,United Church of Christ,123,"26,824",0.95%,0.47%
27,Minnesota,FGN,United Church of God,4,,,
27,Minnesota,449,United Methodist Church,329,"73,529",2.60%,1.29%
27,Minnesota,454,United Pentecostal Church International,61,,,
27,Minnesota,455,United Reformed Churches in North America,1,69,0.00%,0.00%
27,Minnesota,124,"Unity Churches, Association of",6,,,
27,Minnesota,237,US Conference of Mennonite Brethren Churches,7,"1,201",0.04%,0.02%
27,Minnesota,892,Vajarayana Buddhist,4,"2,780",0.10%,0.05%
27,Minnesota,179,Venture Church Network,33,,,
27,Minnesota,463,Vineyard USA,14,"5,310",0.19%,0.09%
27,Minnesota,467,Wesleyan Church,15,"1,323",0.05%,0.02%
27,Minnesota,469,Wisconsin Evangelical Lutheran Synod,138,"53,294",1.89%,0.93%
27,Minnesota,FE1,Wisler Mennonite Conference (Ohio-Indiana),1,107,0.00%,0.00%
27,Minnesota,490,Zoroastrian,1,,,
28,Mississippi,003,African Methodist Episcopal Church,122,"20,167",1.15%,0.68%
28,Mississippi,005,African Methodist Episcopal Zion Church,41,"8,842",0.50%,0.30%
28,Mississippi,012,Alliance of Baptists,3,,,
28,Mississippi,017,American Baptist Association,18,"2,610",0.15%,0.09%
28,Mississippi,019,American Baptist Churches in the USA,1,69,0.00%,0.00%
28,Mississippi,416,American Sikh Council,2,,,
28,Mississippi,031,"Amish Groups, undifferentiated",1,184,0.01%,0.01%
28,Mississippi,F01,Anglican Catholic Church,1,,,
28,Mississippi,FG4,Anglican Church in America,1,,,
28,Mississippi,033,Anglican Church in North America,4,,,
28,Mississippi,034,"Antiochian Orthodox Christian Archdiocese of North America, The",3,460,0.03%,0.02%
28,Mississippi,053,Assemblies of God,147,"22,670",1.29%,0.77%
28,Mississippi,FGJ,Assemblies of the Lord Jesus Christ,3,,,
28,Mississippi,055,Associate Reformed Presbyterian Church,11,,,
28,Mississippi,056,Baha'i Faith USA,2,808,0.05%,0.03%
28,Mississippi,059,Baptist Missionary Association of America,186,,,
28,Mississippi,E54,"Bible Way Church of Our Lord Jesus Christ World Wide, Inc.",1,80,0.00%,0.00%
28,Mississippi,FHW,Biblical Mennonite Alliance,2,83,0.00%,0.00%
28,Mississippi,084,Calvary Chapel Fellowship Churches,1,,,
28,Mississippi,081,Catholic Church,145,"99,663",5.66%,3.37%
28,Mississippi,FGS,Chabad Judaism,1,,,
28,Mississippi,087,Christadelphian,1,,,
28,Mississippi,089,Christian and Missionary Alliance,1,80,0.00%,0.00%
28,Mississippi,353,Christian Brethren (Open Plymouth Brethren),5,,,
28,Mississippi,093,Christian Church (Disciples of Christ),43,"4,825",0.27%,0.16%
28,Mississippi,097,Christian Churches and Churches of Christ,23,"2,507",0.14%,0.08%
28,Mississippi,101,Christian Methodist Episcopal Church,191,"24,026",1.37%,0.81%
28,Mississippi,D83,Christ's Sanctified Holy Church,1,,,
28,Mississippi,110,"Church of Christ (Holiness), U.S.A.",42,,,
28,Mississippi,143,"Church of Christ, Mennonite",8,"1,616",0.09%,0.05%
28,Mississippi,111,"Church of Christ, Scientist",1,,,
28,Mississippi,F53,Church of God,3,,,
28,Mississippi,123,"Church of God (Anderson, Indiana)",48,"6,708",0.38%,0.23%
28,Mississippi,127,"Church of God (Cleveland, Tennessee)",175,"16,073",0.91%,0.54%
28,Mississippi,122,"Church of God by Faith, Inc.",1,,,
28,Mississippi,141,Church of God in Christ,112,"22,268",1.27%,0.75%
28,Mississippi,145,Church of God of Prophecy,57,,,
28,Mississippi,151,Church of Jesus Christ of Latter-day Saints,50,"21,649",1.23%,0.73%
28,Mississippi,155,"Church of Our Lord Jesus Christ of the Apostolic Faith, Inc.",9,"1,324",0.08%,0.04%
28,Mississippi,A47,Church of the Living God (Christian Workers for Fellowship),3,,,
28,Mississippi,D59,Church of the Living God: Pillar and Ground of the Truth,8,,,
28,Mississippi,165,Church of the Nazarene,40,"3,245",0.18%,0.11%
28,Mississippi,167,Churches of Christ,359,"38,913",2.21%,1.31%
28,Mississippi,172,Communion of Reformed Evangelical Churches,1,,,
28,Mississippi,173,Community of Christ,7,,,
28,Mississippi,177,Congregational Holiness Church,2,,,
28,Mississippi,180,Congregational Methodist Church,34,,,
28,Mississippi,270,Conservative Judaism,1,149,0.01%,0.01%
28,Mississippi,185,Cumberland Presbyterian,15,"1,924",0.11%,0.06%
28,Mississippi,FFW,ECO: A Covenant Order of Presbyterians,2,,,
28,Mississippi,190,Elim Fellowship,1,,,
28,Mississippi,193,Episcopal Church,83,"17,618",1.00%,0.59%
28,Mississippi,201,Evangelical Covenant Church,3,167,0.01%,0.01%
28,Mississippi,207,Evangelical Lutheran Church in America,9,"1,194",0.07%,0.04%
28,Mississippi,216,Evangelical Presbyterian Church,22,,,
28,Mississippi,263,"Foursquare Gospel, International Church of the",2,50,0.00%,0.00%
28,Mississippi,391,Friends General Conference,2,13,0.00%,0.00%
28,Mississippi,232,Full Gospel Baptist Church Fellowship,40,"4,922",0.28%,0.17%
28,Mississippi,FFR,Full Gospel Christian Assemblies International,14,"4,706",0.27%,0.16%
28,Mississippi,231,General Association of General Baptists,2,560,0.03%,0.02%
28,Mississippi,FGM,Grace Communion International,3,,,
28,Mississippi,246,Greek Orthodox Archdiocese of America,2,170,0.01%,0.01%
28,Mississippi,FGD,Higher Ground Always Abounding Assemblies,1,,,
28,Mississippi,895,Hindu Temples,3,"2,630",0.15%,0.09%
28,Mississippi,896,Hindu Yoga and Meditation,6,295,0.02%,0.01%
28,Mississippi,264,International Churches of Christ,1,16,0.00%,0.00%
28,Mississippi,272,Jehovah's Witnesses,102,"20,760",1.18%,0.70%
28,Mississippi,283,Lutheran Church--Missouri Synod,23,"2,255",0.13%,0.08%
28,Mississippi,288,Mennonite Church USA,3,174,0.01%,0.01%
28,Mississippi,267,Muslim Estimate,14,"3,106",0.18%,0.10%
28,Mississippi,223,National Association of Free Will Baptists,50,"3,469",0.20%,0.12%
28,Mississippi,301,"National Baptist Convention of America, Inc.",15,"4,114",0.23%,0.14%
28,Mississippi,300,"National Baptist Convention, USA, Inc.",108,"54,308",3.09%,1.83%
28,Mississippi,302,"National Missionary Baptist Convention, Inc.",481,"116,520",6.62%,3.93%
28,Mississippi,309,New Apostolic Church USA,1,,,
28,Mississippi,500,Non-denominational Christian Churches,566,"187,963",10.68%,6.35%
28,Mississippi,C51,Old Order German Baptist Church,1,4,0.00%,0.00%
28,Mississippi,331,Orthodox Church in America,4,263,0.01%,0.01%
28,Mississippi,D71,Pentecostal Assemblies of the World,2,424,0.02%,0.01%
28,Mississippi,339,Pentecostal Church of God,15,,,
28,Mississippi,F38,Pilgrim Mennonite Conference,2,113,0.01%,0.00%
28,Mississippi,355,Presbyterian Church (U.S.A.),84,"6,870",0.39%,0.23%
28,Mississippi,356,Presbyterian Church in America,116,"17,821",1.01%,0.60%
28,Mississippi,361,Primitive Baptists Associations,11,976,0.06%,0.03%
28,Mississippi,364,"Progressive National Baptist Convention, Inc.",5,"1,052",0.06%,0.04%
28,Mississippi,271,Reform Judaism,4,721,0.04%,0.02%
28,Mississippi,F41,Reformed Baptist Network,1,,,
28,Mississippi,375,Reformed Episcopal Church,1,,,
28,Mississippi,403,Salvation Army,11,"1,527",0.09%,0.05%
28,Mississippi,413,Seventh-day Adventist Church,68,"8,537",0.49%,0.29%
28,Mississippi,419,Southern Baptist Convention,"2,147","830,229",47.17%,28.04%
28,Mississippi,421,Southern Methodist Church,8,,,
28,Mississippi,F54,The local churches,2,,,
28,Mississippi,891,Theravada Buddhist,2,34,0.00%,0.00%
28,Mississippi,FHF,Unaffiliated Conservative Mennonite,2,216,0.01%,0.01%
28,Mississippi,FER,Unification Church,1,,,
28,Mississippi,435,Unitarian Universalist Association of Congregations,5,243,0.01%,0.01%
28,Mississippi,443,United Church of Christ,2,107,0.01%,0.00%
28,Mississippi,FGN,United Church of God,2,,,
28,Mississippi,F58,United House of Prayer,1,100,0.01%,0.00%
28,Mississippi,449,United Methodist Church,989,"164,073",9.32%,5.54%
28,Mississippi,454,United Pentecostal Church International,196,,,
28,Mississippi,124,"Unity Churches, Association of",1,,,
28,Mississippi,463,Vineyard USA,1,432,0.02%,0.01%
28,Mississippi,467,Wesleyan Church,1,228,0.01%,0.01%
28,Mississippi,469,Wisconsin Evangelical Lutheran Synod,1,12,0.00%,0.00%
29,Missouri,001,Advent Christian Church,2,90,0.00%,0.00%
29,Missouri,003,African Methodist Episcopal Church,77,"18,498",0.62%,0.30%
29,Missouri,005,African Methodist Episcopal Zion Church,9,"1,975",0.07%,0.03%
29,Missouri,012,Alliance of Baptists,5,,,
29,Missouri,016,Ambassadors Amish-Mennonite,1,120,0.00%,0.00%
29,Missouri,284,American Association of Lutheran Churches,1,,,
29,Missouri,017,American Baptist Association,13,"2,020",0.07%,0.03%
29,Missouri,019,American Baptist Churches in the USA,25,"23,713",0.80%,0.39%
29,Missouri,904,American Ethical Union,3,,,
29,Missouri,416,American Sikh Council,3,,,
29,Missouri,031,"Amish Groups, undifferentiated",130,"13,571",0.46%,0.22%
29,Missouri,FG4,Anglican Church in America,1,,,
29,Missouri,033,Anglican Church in North America,6,,,
29,Missouri,034,"Antiochian Orthodox Christian Archdiocese of North America, The",3,180,0.01%,0.00%
29,Missouri,040,Apostolic Christian Church of America,4,336,0.01%,0.01%
29,Missouri,FEX,Apostolic Christian Faith,1,165,0.01%,0.00%
29,Missouri,042,"Apostolic Faith Mission of Portland, OR",1,,,
29,Missouri,050,Armenian Church of North America (Catholicosate of Etchmiadzin),1,100,0.00%,0.00%
29,Missouri,053,Assemblies of God,464,"127,475",4.28%,2.07%
29,Missouri,FGJ,Assemblies of the Lord Jesus Christ,1,,,
29,Missouri,055,Associate Reformed Presbyterian Church,3,,,
29,Missouri,220,Association of Free Lutheran Congregations,3,264,0.01%,0.00%
29,Missouri,056,Baha'i Faith USA,12,"1,874",0.06%,0.03%
29,Missouri,059,Baptist Missionary Association of America,75,,,
29,Missouri,061,Beachy Amish-Mennonite Churches,1,13,0.00%,0.00%
29,Missouri,062,Berea Amish-Mennonite,3,190,0.01%,0.00%
29,Missouri,FDT,Bethel Fellowship Mennonite Churches,5,617,0.02%,0.01%
29,Missouri,217,Bible Holiness Church,10,,,
29,Missouri,FE8,Bible Methodist Connection,1,,,
29,Missouri,FHW,Biblical Mennonite Alliance,2,108,0.00%,0.00%
29,Missouri,081,Catholic Church,494,"769,057",25.81%,12.50%
29,Missouri,FGS,Chabad Judaism,6,,,
29,Missouri,087,Christadelphian,4,,,
29,Missouri,089,Christian and Missionary Alliance,3,187,0.01%,0.00%
29,Missouri,353,Christian Brethren (Open Plymouth Brethren),27,,,
29,Missouri,093,Christian Church (Disciples of Christ),285,"36,591",1.23%,0.59%
29,Missouri,097,Christian Churches and Churches of Christ,300,"64,934",2.18%,1.05%
29,Missouri,101,Christian Methodist Episcopal Church,19,"4,518",0.15%,0.07%
29,Missouri,105,Christian Reformed Church in North America,2,209,0.01%,0.00%
29,Missouri,F13,Church of Christ,7,,,
29,Missouri,143,"Church of Christ, Mennonite",7,"1,205",0.04%,0.02%
29,Missouri,111,"Church of Christ, Scientist",11,,,
29,Missouri,F53,Church of God,4,,,
29,Missouri,123,"Church of God (Anderson, Indiana)",68,"9,316",0.31%,0.15%
29,Missouri,127,"Church of God (Cleveland, Tennessee)",58,"13,202",0.44%,0.21%
29,Missouri,133,Church of God (Seventh Day),4,,,
29,Missouri,121,Church of God General Conference,7,263,0.01%,0.00%
29,Missouri,141,Church of God in Christ,58,"16,202",0.54%,0.26%
29,Missouri,145,Church of God of Prophecy,23,,,
29,Missouri,120,"Church of God of the Apostolic Faith, Inc.",6,,,
29,Missouri,151,Church of Jesus Christ of Latter-day Saints,156,"72,525",2.43%,1.18%
29,Missouri,155,"Church of Our Lord Jesus Christ of the Apostolic Faith, Inc.",3,486,0.02%,0.01%
29,Missouri,157,Church of the Brethren,11,392,0.01%,0.01%
29,Missouri,A47,Church of the Living God (Christian Workers for Fellowship),2,,,
29,Missouri,164,Church of the Lutheran Confession,1,,,
29,Missouri,165,Church of the Nazarene,188,"26,055",0.87%,0.42%
29,Missouri,167,Churches of Christ,406,"37,996",1.28%,0.62%
29,Missouri,171,"Churches of God, General Conference",9,510,0.02%,0.01%
29,Missouri,172,Communion of Reformed Evangelical Churches,1,,,
29,Missouri,173,Community of Christ,88,,,
29,Missouri,180,Congregational Methodist Church,7,,,
29,Missouri,270,Conservative Judaism,2,"3,002",0.10%,0.05%
29,Missouri,183,Conservative Mennonite Conference,1,165,0.01%,0.00%
29,Missouri,390,Conservative Yearly Meeting of Friends,1,83,0.00%,0.00%
29,Missouri,057,Converge Worldwide / Baptist General Conference,4,,,
29,Missouri,186,Coptic Orthodox Church,2,336,0.01%,0.01%
29,Missouri,185,Cumberland Presbyterian,21,"1,154",0.04%,0.02%
29,Missouri,FFT,Dunkard Brethren Church,1,77,0.00%,0.00%
29,Missouri,286,Eastern Pennsylvania Mennonite Church,3,341,0.01%,0.01%
29,Missouri,FFW,ECO: A Covenant Order of Presbyterians,10,,,
29,Missouri,FGK,Ecumenical Catholic Church,2,,,
29,Missouri,FFP,Ecumenical Catholic Communion,1,82,0.00%,0.00%
29,Missouri,190,Elim Fellowship,3,,,
29,Missouri,193,Episcopal Church,89,"18,306",0.61%,0.30%
29,Missouri,202,Eritrean Orthodox,1,336,0.01%,0.01%
29,Missouri,204,Ethiopian Orthodox,1,"1,100",0.04%,0.02%
29,Missouri,198,"Evangelical Association of Reformed, and Congregational Christian Churches",4,,,
29,Missouri,197,"Evangelical Church, The",2,92,0.00%,0.00%
29,Missouri,201,Evangelical Covenant Church,9,"1,159",0.04%,0.02%
29,Missouri,203,Evangelical Free Church of America,44,,,
29,Missouri,328,Evangelical Friends Church International,1,112,0.00%,0.00%
29,Missouri,207,Evangelical Lutheran Church in America,62,"15,133",0.51%,0.25%
29,Missouri,FFE,Evangelical Lutheran Diocese of North America,1,,,
29,Missouri,209,Evangelical Lutheran Synod,5,186,0.01%,0.00%
29,Missouri,215,Evangelical Methodist Church,1,,,
29,Missouri,216,Evangelical Presbyterian Church,24,,,
29,Missouri,213,Fellowship of Evangelical Churches,4,382,0.01%,0.01%
29,Missouri,263,"Foursquare Gospel, International Church of the",24,"2,276",0.08%,0.04%
29,Missouri,224,Free Church of Scotland (Continuing),1,,,
29,Missouri,221,Free Methodist Church--USA,10,655,0.02%,0.01%
29,Missouri,222,Free Presbyterian Church of North America,1,,,
29,Missouri,391,Friends General Conference,2,196,0.01%,0.00%
29,Missouri,232,Full Gospel Baptist Church Fellowship,12,"2,106",0.07%,0.03%
29,Missouri,FFR,Full Gospel Christian Assemblies International,19,"3,400",0.11%,0.06%
29,Missouri,231,General Association of General Baptists,24,"5,390",0.18%,0.09%
29,Missouri,388,General Association of Regular Baptist Churches,12,,,
29,Missouri,233,General Church of the New Jerusalem,1,,,
29,Missouri,FJ4,German Baptist Brethren,1,101,0.00%,0.00%
29,Missouri,FGM,Grace Communion International,6,,,
29,Missouri,243,Grace Gospel Fellowship,2,,,
29,Missouri,246,Greek Orthodox Archdiocese of America,4,"3,750",0.13%,0.06%
29,Missouri,895,Hindu Temples,2,"3,531",0.12%,0.06%
29,Missouri,896,Hindu Yoga and Meditation,21,"5,740",0.19%,0.09%
29,Missouri,247,"Holiness Church Of God, Inc., The",7,,,
29,Missouri,FG9,Holy Catholic Church Anglican Rite,1,,,
29,Missouri,FHQ,Hoover Old Order Mennonite Church,3,438,0.01%,0.01%
29,Missouri,FHY,Hutterite Christian Communities,1,61,0.00%,0.00%
29,Missouri,FGR,Independent Judaism,1,0,0.00%,0.00%
29,Missouri,FFD,Independent Lutheran Diocese,1,25,0.00%,0.00%
29,Missouri,264,International Churches of Christ,3,520,0.02%,0.01%
29,Missouri,FE9,International Communion of the Charismatic Episcopal Church,2,,,
29,Missouri,262,International Council of Community Churches,1,,,
29,Missouri,268,Jain,1,,,
29,Missouri,272,Jehovah's Witnesses,188,"39,628",1.33%,0.64%
29,Missouri,283,Lutheran Church--Missouri Synod,297,"118,989",3.99%,1.93%
29,Missouri,255,Lutheran Congregations in Mission for Christ,4,796,0.03%,0.01%
29,Missouri,890,Mahayana Buddhist,11,"5,348",0.18%,0.09%
29,Missouri,333,Malankara Orthodox Syrian Church,2,186,0.01%,0.00%
29,Missouri,278,Maranatha Amish-Mennonite,1,33,0.00%,0.00%
29,Missouri,FFU,Meadow Springs Old Order Mennonite,1,192,0.01%,0.00%
29,Missouri,282,Mennonite Christian Fellowship,6,702,0.02%,0.01%
29,Missouri,288,Mennonite Church USA,4,260,0.01%,0.00%
29,Missouri,290,Metropolitan Community Churches,2,311,0.01%,0.01%
29,Missouri,FDZ,Mid-Atlantic Mennonite Fellowship,2,323,0.01%,0.01%
29,Missouri,267,Muslim Estimate,51,"53,443",1.79%,0.87%
29,Missouri,175,National Association of Congregational Christian Churches,1,18,0.00%,0.00%
29,Missouri,223,National Association of Free Will Baptists,146,"10,859",0.36%,0.18%
29,Missouri,301,"National Baptist Convention of America, Inc.",9,"4,970",0.17%,0.08%
29,Missouri,300,"National Baptist Convention, USA, Inc.",50,"27,650",0.93%,0.45%
29,Missouri,302,"National Missionary Baptist Convention, Inc.",231,"79,178",2.66%,1.29%
29,Missouri,303,National Spiritualist Association of Churches,1,,,
29,Missouri,F31,Nationwide Fellowship Mennonite Churches,4,569,0.02%,0.01%
29,Missouri,309,New Apostolic Church USA,5,,,
29,Missouri,308,New Testament Association of Independent Baptist Church,2,,,
29,Missouri,500,Non-denominational Christian Churches,829,"359,974",12.08%,5.85%
29,Missouri,313,North American Baptist Conference,2,,,
29,Missouri,314,North American Lutheran Church,7,,,
29,Missouri,FD3,Old Brethren German Baptist,1,167,0.01%,0.00%
29,Missouri,FF2,Old German Baptist Brethren,1,100,0.00%,0.00%
29,Missouri,FD4,Old Wenger Mennonite Church,1,47,0.00%,0.00%
29,Missouri,329,Open Bible Churches,3,390,0.01%,0.01%
29,Missouri,331,Orthodox Church in America,7,535,0.02%,0.01%
29,Missouri,276,Orthodox Judaism,8,"2,410",0.08%,0.04%
29,Missouri,335,Orthodox Presbyterian Church,4,,,
29,Missouri,D71,Pentecostal Assemblies of the World,3,294,0.01%,0.00%
29,Missouri,339,Pentecostal Church of God,54,,,
29,Missouri,F38,Pilgrim Mennonite Conference,1,137,0.00%,0.00%
29,Missouri,352,Polish National Catholic Church,1,,,
29,Missouri,355,Presbyterian Church (U.S.A.),213,"24,024",0.81%,0.39%
29,Missouri,356,Presbyterian Church in America,37,"7,278",0.24%,0.12%
29,Missouri,361,Primitive Baptists Associations,5,160,0.01%,0.00%
29,Missouri,364,"Progressive National Baptist Convention, Inc.",13,"4,702",0.16%,0.08%
29,Missouri,365,Progressive Primitive Baptists,1,,,
29,Missouri,275,Reconstructionist Judaism,1,124,0.00%,0.00%
29,Missouri,271,Reform Judaism,8,"13,260",0.45%,0.22%
29,Missouri,371,Reformed Church in America,2,378,0.01%,0.01%
29,Missouri,373,Reformed Church in the United States,1,91,0.00%,0.00%
29,Missouri,375,Reformed Episcopal Church,2,,,
29,Missouri,383,Reformed Presbyterian Church of North America,2,69,0.00%,0.00%
29,Missouri,FHM,Reidenbach Mennonite,1,30,0.00%,0.00%
29,Missouri,FHG,Remnant: Charity Ministries and related,1,,,
29,Missouri,401,Russian Orthodox Church Outside of Russia,4,210,0.01%,0.00%
29,Missouri,403,Salvation Army,23,"1,968",0.07%,0.03%
29,Missouri,410,Serbian Orthodox Church in North America,2,668,0.02%,0.01%
29,Missouri,415,"Seventh Day Baptist General Conference, USA and Canada",1,7,0.00%,0.00%
29,Missouri,413,Seventh-day Adventist Church,89,"14,059",0.47%,0.23%
29,Missouri,419,Southern Baptist Convention,"1,957","636,327",21.36%,10.34%
29,Missouri,414,Stauffer Mennonite Church,2,442,0.01%,0.01%
29,Missouri,239,Swedenborgian Church,1,23,0.00%,0.00%
29,Missouri,424,Tampico Amish-Mennonite,6,"2,056",0.07%,0.03%
29,Missouri,F54,The local churches,5,,,
29,Missouri,891,Theravada Buddhist,17,"3,108",0.10%,0.05%
29,Missouri,FGQ,Twelve Tribes,1,,,
29,Missouri,432,Unaffiliated Amish-Mennonite (Conservative),3,217,0.01%,0.00%
29,Missouri,FHF,Unaffiliated Conservative Mennonite,3,132,0.00%,0.00%
29,Missouri,435,Unitarian Universalist Association of Congregations,9,"1,828",0.06%,0.03%
29,Missouri,443,United Church of Christ,136,"29,013",0.97%,0.47%
29,Missouri,FGN,United Church of God,5,,,
29,Missouri,FG5,United Episcopal Church of North America,2,,,
29,Missouri,445,"United Holy Church of America, Inc.",3,89,0.00%,0.00%
29,Missouri,F58,United House of Prayer,1,180,0.01%,0.00%
29,Missouri,449,United Methodist Church,710,"202,124",6.78%,3.28%
29,Missouri,454,United Pentecostal Church International,178,,,
29,Missouri,455,United Reformed Churches in North America,1,126,0.00%,0.00%
29,Missouri,124,"Unity Churches, Association of",35,,,
29,Missouri,237,US Conference of Mennonite Brethren Churches,2,98,0.00%,0.00%
29,Missouri,892,Vajarayana Buddhist,2,"4,080",0.14%,0.07%
29,Missouri,462,Vedanta Society,2,,,
29,Missouri,463,Vineyard USA,9,"4,488",0.15%,0.07%
29,Missouri,FJ3,Weaverland Mennonite Conference,7,"2,060",0.07%,0.03%
29,Missouri,467,Wesleyan Church,12,"2,078",0.07%,0.03%
29,Missouri,469,Wisconsin Evangelical Lutheran Synod,9,"1,296",0.04%,0.02%
29,Missouri,490,Zoroastrian,1,,,
30,Montana,003,African Methodist Episcopal Church,3,358,0.09%,0.03%
30,Montana,284,American Association of Lutheran Churches,2,,,
30,Montana,017,American Baptist Association,6,722,0.19%,0.07%
30,Montana,019,American Baptist Churches in the USA,25,"1,994",0.53%,0.18%
30,Montana,031,"Amish Groups, undifferentiated",10,939,0.25%,0.09%
30,Montana,033,Anglican Church in North America,1,,,
30,Montana,053,Assemblies of God,81,"22,607",5.99%,2.09%
30,Montana,220,Association of Free Lutheran Congregations,5,443,0.12%,0.04%
30,Montana,056,Baha'i Faith USA,7,694,0.18%,0.06%
30,Montana,063,Berean Fellowship of Churches,1,,,
30,Montana,069,Bible Presbyterian Church (General Synod),1,,,
30,Montana,FHW,Biblical Mennonite Alliance,1,73,0.02%,0.01%
30,Montana,084,Calvary Chapel Fellowship Churches,2,,,
30,Montana,081,Catholic Church,195,"112,389",29.76%,10.37%
30,Montana,FGS,Chabad Judaism,3,,,
30,Montana,087,Christadelphian,1,,,
30,Montana,089,Christian and Missionary Alliance,35,"5,166",1.37%,0.48%
30,Montana,353,Christian Brethren (Open Plymouth Brethren),4,,,
30,Montana,093,Christian Church (Disciples of Christ),12,753,0.20%,0.07%
30,Montana,097,Christian Churches and Churches of Christ,19,"2,744",0.73%,0.25%
30,Montana,105,Christian Reformed Church in North America,5,982,0.26%,0.09%
30,Montana,143,"Church of Christ, Mennonite",2,235,0.06%,0.02%
30,Montana,111,"Church of Christ, Scientist",3,,,
30,Montana,F53,Church of God,1,,,
30,Montana,123,"Church of God (Anderson, Indiana)",8,964,0.26%,0.09%
30,Montana,127,"Church of God (Cleveland, Tennessee)",8,683,0.18%,0.06%
30,Montana,133,Church of God (Seventh Day),1,,,
30,Montana,141,Church of God in Christ,2,226,0.06%,0.02%
30,Montana,145,Church of God of Prophecy,3,,,
30,Montana,146,"Church of God, Mountain Assembly, Inc.",1,,,
30,Montana,151,Church of Jesus Christ of Latter-day Saints,127,"50,552",13.38%,4.66%
30,Montana,157,Church of the Brethren,1,22,0.01%,0.00%
30,Montana,163,Church of the Lutheran Brethren of America,4,,,
30,Montana,165,Church of the Nazarene,21,"1,894",0.50%,0.17%
30,Montana,167,Churches of Christ,39,"2,503",0.66%,0.23%
30,Montana,172,Communion of Reformed Evangelical Churches,3,,,
30,Montana,173,Community of Christ,3,,,
30,Montana,181,Conservative Congregational Christian Conference,3,483,0.13%,0.04%
30,Montana,057,Converge Worldwide / Baptist General Conference,3,,,
30,Montana,FHX,Dariusleut Hutterite,16,744,0.20%,0.07%
30,Montana,193,Episcopal Church,33,"4,088",1.08%,0.38%
30,Montana,197,"Evangelical Church, The",21,"2,816",0.75%,0.26%
30,Montana,201,Evangelical Covenant Church,2,447,0.12%,0.04%
30,Montana,203,Evangelical Free Church of America,9,,,
30,Montana,207,Evangelical Lutheran Church in America,119,"26,883",7.12%,2.48%
30,Montana,216,Evangelical Presbyterian Church,3,,,
30,Montana,211,Fellowship of Evangelical Bible Churches,2,,,
30,Montana,263,"Foursquare Gospel, International Church of the",30,"7,020",1.86%,0.65%
30,Montana,221,Free Methodist Church--USA,1,15,0.00%,0.00%
30,Montana,FFR,Full Gospel Christian Assemblies International,2,130,0.03%,0.01%
30,Montana,388,General Association of Regular Baptist Churches,10,,,
30,Montana,FGM,Grace Communion International,2,,,
30,Montana,246,Greek Orthodox Archdiocese of America,2,315,0.08%,0.03%
30,Montana,896,Hindu Yoga and Meditation,3,380,0.10%,0.04%
30,Montana,338,Independent Yearly Meetings of Friends,13,133,0.04%,0.01%
30,Montana,264,International Churches of Christ,2,77,0.02%,0.01%
30,Montana,272,Jehovah's Witnesses,51,"10,350",2.74%,0.95%
30,Montana,FFJ,Laestadian Lutheran Church,1,,,
30,Montana,FHZ,Lehrerleut Hutterite,43,"4,754",1.26%,0.44%
30,Montana,283,Lutheran Church--Missouri Synod,65,"11,405",3.02%,1.05%
30,Montana,255,Lutheran Congregations in Mission for Christ,33,"2,996",0.79%,0.28%
30,Montana,890,Mahayana Buddhist,2,54,0.01%,0.00%
30,Montana,282,Mennonite Christian Fellowship,1,95,0.03%,0.01%
30,Montana,288,Mennonite Church USA,5,285,0.08%,0.03%
30,Montana,267,Muslim Estimate,3,200,0.05%,0.02%
30,Montana,175,National Association of Congregational Christian Churches,1,74,0.02%,0.01%
30,Montana,223,National Association of Free Will Baptists,1,34,0.01%,0.00%
30,Montana,302,"National Missionary Baptist Convention, Inc.",2,126,0.03%,0.01%
30,Montana,307,Netherlands Reformed Congregations,1,,,
30,Montana,309,New Apostolic Church USA,5,,,
30,Montana,308,New Testament Association of Independent Baptist Church,6,,,
30,Montana,500,Non-denominational Christian Churches,152,"54,540",14.44%,5.03%
30,Montana,313,North American Baptist Conference,3,,,
30,Montana,314,North American Lutheran Church,2,,,
30,Montana,FFH,Old Apostolic Lutheran Church of America,1,,,
30,Montana,F35,"Old German Baptist Brethren, New Conference",1,30,0.01%,0.00%
30,Montana,329,Open Bible Churches,4,210,0.06%,0.02%
30,Montana,331,Orthodox Church in America,4,370,0.10%,0.03%
30,Montana,339,Pentecostal Church of God,10,,,
30,Montana,355,Presbyterian Church (U.S.A.),46,"4,026",1.07%,0.37%
30,Montana,356,Presbyterian Church in America,6,"1,361",0.36%,0.13%
30,Montana,271,Reform Judaism,1,273,0.07%,0.03%
30,Montana,371,Reformed Church in America,1,65,0.02%,0.01%
30,Montana,FHG,Remnant: Charity Ministries and related,1,,,
30,Montana,403,Salvation Army,6,388,0.10%,0.04%
30,Montana,410,Serbian Orthodox Church in North America,2,264,0.07%,0.02%
30,Montana,413,Seventh-day Adventist Church,38,"4,583",1.21%,0.42%
30,Montana,419,Southern Baptist Convention,131,"11,818",3.13%,1.09%
30,Montana,F51,Sovereign Grace Churches,1,,,
30,Montana,F54,The local churches,4,,,
30,Montana,891,Theravada Buddhist,1,289,0.08%,0.03%
30,Montana,FHF,Unaffiliated Conservative Mennonite,4,413,0.11%,0.04%
30,Montana,FER,Unification Church,1,,,
30,Montana,437,Union of Messianic Jewish Congregations,1,,,
30,Montana,435,Unitarian Universalist Association of Congregations,5,413,0.11%,0.04%
30,Montana,443,United Church of Christ,25,"2,835",0.75%,0.26%
30,Montana,FGN,United Church of God,4,,,
30,Montana,FG5,United Episcopal Church of North America,1,,,
30,Montana,449,United Methodist Church,105,"9,827",2.60%,0.91%
30,Montana,454,United Pentecostal Church International,18,,,
30,Montana,455,United Reformed Churches in North America,2,120,0.03%,0.01%
30,Montana,124,"Unity Churches, Association of",4,,,
30,Montana,237,US Conference of Mennonite Brethren Churches,3,198,0.05%,0.02%
30,Montana,892,Vajarayana Buddhist,6,"1,689",0.45%,0.16%
30,Montana,179,Venture Church Network,3,,,
30,Montana,463,Vineyard USA,5,882,0.23%,0.08%
30,Montana,467,Wesleyan Church,11,"1,051",0.28%,0.10%
30,Montana,FD8,Western Conservative Mennonite Fellowship,1,60,0.02%,0.01%
30,Montana,469,Wisconsin Evangelical Lutheran Synod,10,"1,161",0.31%,0.11%
31,Nebraska,003,African Methodist Episcopal Church,5,942,0.10%,0.05%
31,Nebraska,005,African Methodist Episcopal Zion Church,2,360,0.04%,0.02%
31,Nebraska,284,American Association of Lutheran Churches,1,,,
31,Nebraska,019,American Baptist Churches in the USA,59,"8,393",0.87%,0.43%
31,Nebraska,416,American Sikh Council,1,,,
31,Nebraska,031,"Amish Groups, undifferentiated",5,297,0.03%,0.02%
31,Nebraska,033,Anglican Church in North America,1,,,
31,Nebraska,FG2,Anglican Province of Christ the King,1,,,
31,Nebraska,034,"Antiochian Orthodox Christian Archdiocese of North America, The",3,465,0.05%,0.02%
31,Nebraska,053,Assemblies of God,90,"24,204",2.50%,1.23%
31,Nebraska,220,Association of Free Lutheran Congregations,3,721,0.07%,0.04%
31,Nebraska,056,Baha'i Faith USA,4,659,0.07%,0.03%
31,Nebraska,063,Berean Fellowship of Churches,34,,,
31,Nebraska,071,"Brethren Church, The (Ashland, Ohio)",1,,,
31,Nebraska,084,Calvary Chapel Fellowship Churches,1,,,
31,Nebraska,081,Catholic Church,351,"375,287",38.83%,19.13%
31,Nebraska,FGS,Chabad Judaism,1,,,
31,Nebraska,089,Christian and Missionary Alliance,27,"16,656",1.72%,0.85%
31,Nebraska,353,Christian Brethren (Open Plymouth Brethren),7,,,
31,Nebraska,093,Christian Church (Disciples of Christ),43,"4,185",0.43%,0.21%
31,Nebraska,097,Christian Churches and Churches of Christ,67,"18,014",1.86%,0.92%
31,Nebraska,101,Christian Methodist Episcopal Church,1,160,0.02%,0.01%
31,Nebraska,105,Christian Reformed Church in North America,3,246,0.03%,0.01%
31,Nebraska,143,"Church of Christ, Mennonite",3,497,0.05%,0.03%
31,Nebraska,111,"Church of Christ, Scientist",1,,,
31,Nebraska,123,"Church of God (Anderson, Indiana)",11,810,0.08%,0.04%
31,Nebraska,127,"Church of God (Cleveland, Tennessee)",12,780,0.08%,0.04%
31,Nebraska,133,Church of God (Seventh Day),2,,,
31,Nebraska,121,Church of God General Conference,1,38,0.00%,0.00%
31,Nebraska,141,Church of God in Christ,20,"2,558",0.26%,0.13%
31,Nebraska,145,Church of God of Prophecy,5,,,
31,Nebraska,151,Church of Jesus Christ of Latter-day Saints,58,"25,098",2.60%,1.28%
31,Nebraska,149,"Church of Jesus Christ, The (Bickertonites)",1,,,
31,Nebraska,157,Church of the Brethren,4,199,0.02%,0.01%
31,Nebraska,A47,Church of the Living God (Christian Workers for Fellowship),2,,,
31,Nebraska,164,Church of the Lutheran Confession,1,,,
31,Nebraska,165,Church of the Nazarene,28,"3,730",0.39%,0.19%
31,Nebraska,167,Churches of Christ,51,"4,196",0.43%,0.21%
31,Nebraska,173,Community of Christ,8,,,
31,Nebraska,181,Conservative Congregational Christian Conference,7,"1,952",0.20%,0.10%
31,Nebraska,270,Conservative Judaism,2,"1,275",0.13%,0.07%
31,Nebraska,183,Conservative Mennonite Conference,1,182,0.02%,0.01%
31,Nebraska,390,Conservative Yearly Meeting of Friends,2,33,0.00%,0.00%
31,Nebraska,057,Converge Worldwide / Baptist General Conference,29,,,
31,Nebraska,FF6,Covenant Presbyterian Church,1,,,
31,Nebraska,193,Episcopal Church,53,"7,196",0.74%,0.37%
31,Nebraska,204,Ethiopian Orthodox,1,342,0.04%,0.02%
31,Nebraska,198,"Evangelical Association of Reformed, and Congregational Christian Churches",1,,,
31,Nebraska,197,"Evangelical Church, The",1,0,0.00%,0.00%
31,Nebraska,201,Evangelical Covenant Church,18,"2,270",0.23%,0.12%
31,Nebraska,203,Evangelical Free Church of America,66,,,
31,Nebraska,328,Evangelical Friends Church International,1,18,0.00%,0.00%
31,Nebraska,207,Evangelical Lutheran Church in America,234,"87,686",9.07%,4.47%
31,Nebraska,216,Evangelical Presbyterian Church,4,,,
31,Nebraska,FGL,Fellowship of Christian Assemblies,1,,,
31,Nebraska,211,Fellowship of Evangelical Bible Churches,7,,,
31,Nebraska,263,"Foursquare Gospel, International Church of the",10,938,0.10%,0.05%
31,Nebraska,221,Free Methodist Church--USA,4,98,0.01%,0.00%
31,Nebraska,225,Friends United Meeting,1,51,0.01%,0.00%
31,Nebraska,232,Full Gospel Baptist Church Fellowship,1,180,0.02%,0.01%
31,Nebraska,FFR,Full Gospel Christian Assemblies International,4,696,0.07%,0.04%
31,Nebraska,388,General Association of Regular Baptist Churches,11,,,
31,Nebraska,FGM,Grace Communion International,1,,,
31,Nebraska,246,Greek Orthodox Archdiocese of America,4,670,0.07%,0.03%
31,Nebraska,895,Hindu Temples,1,"9,000",0.93%,0.46%
31,Nebraska,896,Hindu Yoga and Meditation,5,570,0.06%,0.03%
31,Nebraska,264,International Churches of Christ,1,142,0.01%,0.01%
31,Nebraska,272,Jehovah's Witnesses,66,"12,874",1.33%,0.66%
31,Nebraska,283,Lutheran Church--Missouri Synod,260,"101,525",10.50%,5.18%
31,Nebraska,255,Lutheran Congregations in Mission for Christ,36,"9,698",1.00%,0.49%
31,Nebraska,890,Mahayana Buddhist,6,"1,473",0.15%,0.08%
31,Nebraska,288,Mennonite Church USA,10,"2,614",0.27%,0.13%
31,Nebraska,290,Metropolitan Community Churches,1,104,0.01%,0.01%
31,Nebraska,291,Missionary Church,5,313,0.03%,0.02%
31,Nebraska,267,Muslim Estimate,12,"2,402",0.25%,0.12%
31,Nebraska,175,National Association of Congregational Christian Churches,6,344,0.04%,0.02%
31,Nebraska,301,"National Baptist Convention of America, Inc.",1,200,0.02%,0.01%
31,Nebraska,300,"National Baptist Convention, USA, Inc.",8,"8,572",0.89%,0.44%
31,Nebraska,302,"National Missionary Baptist Convention, Inc.",15,"2,430",0.25%,0.12%
31,Nebraska,309,New Apostolic Church USA,4,,,
31,Nebraska,500,Non-denominational Christian Churches,176,"51,398",5.32%,2.62%
31,Nebraska,313,North American Baptist Conference,2,,,
31,Nebraska,314,North American Lutheran Church,5,,,
31,Nebraska,329,Open Bible Churches,4,284,0.03%,0.01%
31,Nebraska,331,Orthodox Church in America,1,160,0.02%,0.01%
31,Nebraska,276,Orthodox Judaism,1,430,0.04%,0.02%
31,Nebraska,335,Orthodox Presbyterian Church,1,,,
31,Nebraska,355,Presbyterian Church (U.S.A.),115,"16,856",1.74%,0.86%
31,Nebraska,356,Presbyterian Church in America,10,"1,782",0.18%,0.09%
31,Nebraska,361,Primitive Baptists Associations,2,119,0.01%,0.01%
31,Nebraska,271,Reform Judaism,2,"2,125",0.22%,0.11%
31,Nebraska,371,Reformed Church in America,7,"2,189",0.23%,0.11%
31,Nebraska,373,Reformed Church in the United States,4,409,0.04%,0.02%
31,Nebraska,401,Russian Orthodox Church Outside of Russia,1,25,0.00%,0.00%
31,Nebraska,403,Salvation Army,11,950,0.10%,0.05%
31,Nebraska,410,Serbian Orthodox Church in North America,1,186,0.02%,0.01%
31,Nebraska,415,"Seventh Day Baptist General Conference, USA and Canada",2,106,0.01%,0.01%
31,Nebraska,413,Seventh-day Adventist Church,50,"9,019",0.93%,0.46%
31,Nebraska,419,Southern Baptist Convention,95,"17,622",1.82%,0.90%
31,Nebraska,F51,Sovereign Grace Churches,1,,,
31,Nebraska,F54,The local churches,2,,,
31,Nebraska,891,Theravada Buddhist,4,812,0.08%,0.04%
31,Nebraska,432,Unaffiliated Amish-Mennonite (Conservative),1,27,0.00%,0.00%
31,Nebraska,FHF,Unaffiliated Conservative Mennonite,2,166,0.02%,0.01%
31,Nebraska,435,Unitarian Universalist Association of Congregations,4,738,0.08%,0.04%
31,Nebraska,443,United Church of Christ,79,"14,964",1.55%,0.76%
31,Nebraska,FGN,United Church of God,1,,,
31,Nebraska,449,United Methodist Church,362,"92,877",9.61%,4.73%
31,Nebraska,454,United Pentecostal Church International,24,,,
31,Nebraska,124,"Unity Churches, Association of",3,,,
31,Nebraska,237,US Conference of Mennonite Brethren Churches,9,798,0.08%,0.04%
31,Nebraska,892,Vajarayana Buddhist,1,100,0.01%,0.01%
31,Nebraska,179,Venture Church Network,1,,,
31,Nebraska,463,Vineyard USA,1,150,0.02%,0.01%
31,Nebraska,467,Wesleyan Church,15,"1,516",0.16%,0.08%
31,Nebraska,469,Wisconsin Evangelical Lutheran Synod,35,"6,427",0.66%,0.33%
32,Nevada,003,African Methodist Episcopal Church,4,702,0.05%,0.02%
32,Nevada,017,American Baptist Association,1,200,0.02%,0.01%
32,Nevada,019,American Baptist Churches in the USA,10,"3,986",0.31%,0.13%
32,Nevada,416,American Sikh Council,3,,,
32,Nevada,033,Anglican Church in North America,3,,,
32,Nevada,FG2,Anglican Province of Christ the King,1,,,
32,Nevada,034,"Antiochian Orthodox Christian Archdiocese of North America, The",1,450,0.03%,0.01%
32,Nevada,049,Armenian Apostolic Church of America (Catholicosate of Cilicia),1,"1,180",0.09%,0.04%
32,Nevada,050,Armenian Church of North America (Catholicosate of Etchmiadzin),1,400,0.03%,0.01%
32,Nevada,053,Assemblies of God,77,"27,869",2.16%,0.90%
32,Nevada,058,Association of Messianic Congregations,1,,,
32,Nevada,056,Baha'i Faith USA,12,"2,049",0.16%,0.07%
32,Nevada,059,Baptist Missionary Association of America,1,,,
32,Nevada,081,Catholic Church,74,"766,102",59.31%,24.68%
32,Nevada,087,Christadelphian,1,,,
32,Nevada,089,Christian and Missionary Alliance,5,"1,087",0.08%,0.04%
32,Nevada,353,Christian Brethren (Open Plymouth Brethren),1,,,
32,Nevada,093,Christian Church (Disciples of Christ),4,507,0.04%,0.02%
32,Nevada,097,Christian Churches and Churches of Christ,6,"16,954",1.31%,0.55%
32,Nevada,F10,Christian Congregation in North America,1,,,
32,Nevada,101,Christian Methodist Episcopal Church,3,390,0.03%,0.01%
32,Nevada,105,Christian Reformed Church in North America,7,305,0.02%,0.01%
32,Nevada,110,"Church of Christ (Holiness), U.S.A.",1,,,
32,Nevada,111,"Church of Christ, Scientist",1,,,
32,Nevada,F53,Church of God,3,,,
32,Nevada,123,"Church of God (Anderson, Indiana)",5,404,0.03%,0.01%
32,Nevada,127,"Church of God (Cleveland, Tennessee)",13,"1,567",0.12%,0.05%
32,Nevada,133,Church of God (Seventh Day),3,,,
32,Nevada,141,Church of God in Christ,21,"4,715",0.37%,0.15%
32,Nevada,145,Church of God of Prophecy,6,,,
32,Nevada,151,Church of Jesus Christ of Latter-day Saints,353,"184,703",14.30%,5.95%
32,Nevada,149,"Church of Jesus Christ, The (Bickertonites)",1,,,
32,Nevada,157,Church of the Brethren,1,0,0.00%,0.00%
32,Nevada,FFK,Church of the Genuine Orthodox Christians,1,60,0.00%,0.00%
32,Nevada,165,Church of the Nazarene,15,"2,398",0.19%,0.08%
32,Nevada,167,Churches of Christ,27,"2,556",0.20%,0.08%
32,Nevada,173,Community of Christ,2,,,
32,Nevada,270,Conservative Judaism,3,"2,061",0.16%,0.07%
32,Nevada,186,Coptic Orthodox Church,1,500,0.04%,0.02%
32,Nevada,FFW,ECO: A Covenant Order of Presbyterians,2,,,
32,Nevada,193,Episcopal Church,28,"4,710",0.36%,0.15%
32,Nevada,202,Eritrean Orthodox,1,"2,000",0.15%,0.06%
32,Nevada,204,Ethiopian Orthodox,4,"4,250",0.33%,0.14%
32,Nevada,201,Evangelical Covenant Church,1,75,0.01%,0.00%
32,Nevada,203,Evangelical Free Church of America,4,,,
32,Nevada,328,Evangelical Friends Church International,1,44,0.00%,0.00%
32,Nevada,207,Evangelical Lutheran Church in America,16,"8,687",0.67%,0.28%
32,Nevada,216,Evangelical Presbyterian Church,1,,,
32,Nevada,FGP,Every Nation,1,,,
32,Nevada,263,"Foursquare Gospel, International Church of the",29,"6,650",0.51%,0.21%
32,Nevada,221,Free Methodist Church--USA,1,0,,
32,Nevada,391,Friends General Conference,3,34,0.00%,0.00%
32,Nevada,232,Full Gospel Baptist Church Fellowship,12,"2,160",0.17%,0.07%
32,Nevada,FFR,Full Gospel Christian Assemblies International,4,410,0.03%,0.01%
32,Nevada,388,General Association of Regular Baptist Churches,3,,,
32,Nevada,FGM,Grace Communion International,2,,,
32,Nevada,246,Greek Orthodox Archdiocese of America,2,"1,850",0.14%,0.06%
32,Nevada,895,Hindu Temples,1,"4,000",0.31%,0.13%
32,Nevada,896,Hindu Yoga and Meditation,13,"1,824",0.14%,0.06%
32,Nevada,264,International Churches of Christ,2,342,0.03%,0.01%
32,Nevada,FE9,International Communion of the Charismatic Episcopal Church,1,,,
32,Nevada,268,Jain,1,,,
32,Nevada,272,Jehovah's Witnesses,109,"31,012",2.40%,1.00%
32,Nevada,283,Lutheran Church--Missouri Synod,24,"6,994",0.54%,0.23%
32,Nevada,255,Lutheran Congregations in Mission for Christ,3,140,0.01%,0.00%
32,Nevada,890,Mahayana Buddhist,12,"9,946",0.77%,0.32%
32,Nevada,333,Malankara Orthodox Syrian Church,1,38,0.00%,0.00%
32,Nevada,290,Metropolitan Community Churches,1,136,0.01%,0.00%
32,Nevada,291,Missionary Church,1,22,0.00%,0.00%
32,Nevada,267,Muslim Estimate,9,"7,400",0.57%,0.24%
32,Nevada,301,"National Baptist Convention of America, Inc.",1,94,0.01%,0.00%
32,Nevada,300,"National Baptist Convention, USA, Inc.",3,"1,020",0.08%,0.03%
32,Nevada,302,"National Missionary Baptist Convention, Inc.",13,"3,886",0.30%,0.13%
32,Nevada,303,National Spiritualist Association of Churches,2,,,
32,Nevada,309,New Apostolic Church USA,1,,,
32,Nevada,500,Non-denominational Christian Churches,167,"85,490",6.62%,2.75%
32,Nevada,329,Open Bible Churches,1,112,0.01%,0.00%
32,Nevada,331,Orthodox Church in America,2,250,0.02%,0.01%
32,Nevada,276,Orthodox Judaism,6,"1,700",0.13%,0.05%
32,Nevada,FFN,Orthodox Old Roman Catholic Communion,1,,,
32,Nevada,335,Orthodox Presbyterian Church,2,,,
32,Nevada,339,Pentecostal Church of God,3,,,
32,Nevada,355,Presbyterian Church (U.S.A.),18,"2,842",0.22%,0.09%
32,Nevada,356,Presbyterian Church in America,2,293,0.02%,0.01%
32,Nevada,364,"Progressive National Baptist Convention, Inc.",1,300,0.02%,0.01%
32,Nevada,275,Reconstructionist Judaism,1,176,0.01%,0.01%
32,Nevada,271,Reform Judaism,3,"2,884",0.22%,0.09%
32,Nevada,383,Reformed Presbyterian Church of North America,2,46,0.00%,0.00%
32,Nevada,395,Romanian Orthodox Archdiocese in Americas,1,500,0.04%,0.02%
32,Nevada,401,Russian Orthodox Church Outside of Russia,4,400,0.03%,0.01%
32,Nevada,403,Salvation Army,6,917,0.07%,0.03%
32,Nevada,410,Serbian Orthodox Church in North America,2,"2,050",0.16%,0.07%
32,Nevada,413,Seventh-day Adventist Church,30,"8,721",0.68%,0.28%
32,Nevada,419,Southern Baptist Convention,194,"42,890",3.32%,1.38%
32,Nevada,423,Syriac Orthodox Church of Antioch,1,45,0.00%,0.00%
32,Nevada,425,Tao,2,,,
32,Nevada,F54,The local churches,2,,,
32,Nevada,891,Theravada Buddhist,8,"4,812",0.37%,0.15%
32,Nevada,FHF,Unaffiliated Conservative Mennonite,1,50,0.00%,0.00%
32,Nevada,FER,Unification Church,1,,,
32,Nevada,435,Unitarian Universalist Association of Congregations,2,416,0.03%,0.01%
32,Nevada,443,United Church of Christ,10,811,0.06%,0.03%
32,Nevada,FGN,United Church of God,2,,,
32,Nevada,445,"United Holy Church of America, Inc.",1,33,0.00%,0.00%
32,Nevada,449,United Methodist Church,34,"10,784",0.83%,0.35%
32,Nevada,454,United Pentecostal Church International,10,,,
32,Nevada,124,"Unity Churches, Association of",4,,,
32,Nevada,892,Vajarayana Buddhist,7,"3,050",0.24%,0.10%
32,Nevada,462,Vedanta Society,1,,,
32,Nevada,179,Venture Church Network,6,,,
32,Nevada,463,Vineyard USA,1,600,0.05%,0.02%
32,Nevada,467,Wesleyan Church,1,72,0.01%,0.00%
32,Nevada,469,Wisconsin Evangelical Lutheran Synod,12,"2,665",0.21%,0.09%
33,New Hampshire,001,Advent Christian Church,16,928,0.25%,0.07%
33,New Hampshire,FG6,American Anglican Church,1,,,
33,New Hampshire,019,American Baptist Churches in the USA,88,"11,298",3.01%,0.82%
33,New Hampshire,416,American Sikh Council,1,,,
33,New Hampshire,F01,Anglican Catholic Church,1,,,
33,New Hampshire,FG4,Anglican Church in America,5,,,
33,New Hampshire,033,Anglican Church in North America,3,,,
33,New Hampshire,045,Apostolic Lutheran Church of America,1,,,
33,New Hampshire,053,Assemblies of God,36,"5,986",1.60%,0.43%
33,New Hampshire,056,Baha'i Faith USA,5,684,0.18%,0.05%
33,New Hampshire,084,Calvary Chapel Fellowship Churches,2,,,
33,New Hampshire,081,Catholic Church,112,"220,305",58.76%,15.99%
33,New Hampshire,FGS,Chabad Judaism,2,,,
33,New Hampshire,087,Christadelphian,2,,,
33,New Hampshire,089,Christian and Missionary Alliance,5,786,0.21%,0.06%
33,New Hampshire,353,Christian Brethren (Open Plymouth Brethren),3,,,
33,New Hampshire,097,Christian Churches and Churches of Christ,7,"4,020",1.07%,0.29%
33,New Hampshire,F10,Christian Congregation in North America,3,,,
33,New Hampshire,105,Christian Reformed Church in North America,1,64,0.02%,0.00%
33,New Hampshire,111,"Church of Christ, Scientist",8,,,
33,New Hampshire,127,"Church of God (Cleveland, Tennessee)",5,262,0.07%,0.02%
33,New Hampshire,141,Church of God in Christ,1,120,0.03%,0.01%
33,New Hampshire,145,Church of God of Prophecy,1,,,
33,New Hampshire,151,Church of Jesus Christ of Latter-day Saints,22,"8,872",2.37%,0.64%
33,New Hampshire,FFK,Church of the Genuine Orthodox Christians,1,80,0.02%,0.01%
33,New Hampshire,165,Church of the Nazarene,11,"1,211",0.32%,0.09%
33,New Hampshire,167,Churches of Christ,11,804,0.21%,0.06%
33,New Hampshire,172,Communion of Reformed Evangelical Churches,1,,,
33,New Hampshire,176,"Congregational Christian Churches, Additional (not part of any national CCC body)",3,152,0.04%,0.01%
33,New Hampshire,181,Conservative Congregational Christian Conference,13,"1,066",0.28%,0.08%
33,New Hampshire,270,Conservative Judaism,3,"1,780",0.47%,0.13%
33,New Hampshire,057,Converge Worldwide / Baptist General Conference,1,,,
33,New Hampshire,186,Coptic Orthodox Church,1,800,0.21%,0.06%
33,New Hampshire,193,Episcopal Church,48,"11,219",2.99%,0.81%
33,New Hampshire,201,Evangelical Covenant Church,6,678,0.18%,0.05%
33,New Hampshire,203,Evangelical Free Church of America,10,,,
33,New Hampshire,207,Evangelical Lutheran Church in America,14,"2,418",0.64%,0.18%
33,New Hampshire,216,Evangelical Presbyterian Church,1,,,
33,New Hampshire,263,"Foursquare Gospel, International Church of the",14,"2,264",0.60%,0.16%
33,New Hampshire,393,"Friends General Conference and Friends United Meeting, dually aligned meetings",9,463,0.12%,0.03%
33,New Hampshire,FFR,Full Gospel Christian Assemblies International,3,460,0.12%,0.03%
33,New Hampshire,388,General Association of Regular Baptist Churches,1,,,
33,New Hampshire,233,General Church of the New Jerusalem,1,,,
33,New Hampshire,FGM,Grace Communion International,1,,,
33,New Hampshire,243,Grace Gospel Fellowship,1,,,
33,New Hampshire,246,Greek Orthodox Archdiocese of America,11,"3,741",1.00%,0.27%
33,New Hampshire,895,Hindu Temples,1,,,
33,New Hampshire,896,Hindu Yoga and Meditation,7,648,0.17%,0.05%
33,New Hampshire,251,Holy Orthodox Church in North America,1,5,0.00%,0.00%
33,New Hampshire,264,International Churches of Christ,1,212,0.06%,0.02%
33,New Hampshire,FE9,International Communion of the Charismatic Episcopal Church,1,,,
33,New Hampshire,272,Jehovah's Witnesses,38,"8,010",2.14%,0.58%
33,New Hampshire,283,Lutheran Church--Missouri Synod,7,"1,426",0.38%,0.10%
33,New Hampshire,255,Lutheran Congregations in Mission for Christ,1,"2,290",0.61%,0.17%
33,New Hampshire,267,Muslim Estimate,7,"1,172",0.31%,0.09%
33,New Hampshire,175,National Association of Congregational Christian Churches,7,726,0.19%,0.05%
33,New Hampshire,223,National Association of Free Will Baptists,1,67,0.02%,0.00%
33,New Hampshire,301,"National Baptist Convention of America, Inc.",1,140,0.04%,0.01%
33,New Hampshire,303,National Spiritualist Association of Churches,1,,,
33,New Hampshire,F31,Nationwide Fellowship Mennonite Churches,1,46,0.01%,0.00%
33,New Hampshire,309,New Apostolic Church USA,1,,,
33,New Hampshire,500,Non-denominational Christian Churches,110,"38,372",10.23%,2.79%
33,New Hampshire,331,Orthodox Church in America,3,170,0.05%,0.01%
33,New Hampshire,335,Orthodox Presbyterian Church,6,,,
33,New Hampshire,400,Patriarchal Parishes of the Russian Orthodox Church in the USA,1,75,0.02%,0.01%
33,New Hampshire,352,Polish National Catholic Church,1,,,
33,New Hampshire,355,Presbyterian Church (U.S.A.),10,"1,534",0.41%,0.11%
33,New Hampshire,356,Presbyterian Church in America,6,417,0.11%,0.03%
33,New Hampshire,363,Primitive Methodist Church in the USA,1,,,
33,New Hampshire,275,Reconstructionist Judaism,1,235,0.06%,0.02%
33,New Hampshire,271,Reform Judaism,4,"1,497",0.40%,0.11%
33,New Hampshire,403,Salvation Army,9,"1,118",0.30%,0.08%
33,New Hampshire,413,Seventh-day Adventist Church,19,"1,704",0.45%,0.12%
33,New Hampshire,419,Southern Baptist Convention,30,"1,949",0.52%,0.14%
33,New Hampshire,F54,The local churches,1,,,
33,New Hampshire,FGQ,Twelve Tribes,1,,,
33,New Hampshire,435,Unitarian Universalist Association of Congregations,23,"3,052",0.81%,0.22%
33,New Hampshire,443,United Church of Christ,132,"16,899",4.51%,1.23%
33,New Hampshire,FGN,United Church of God,1,,,
33,New Hampshire,449,United Methodist Church,82,"12,122",3.23%,0.88%
33,New Hampshire,454,United Pentecostal Church International,6,,,
33,New Hampshire,124,"Unity Churches, Association of",1,,,
33,New Hampshire,179,Venture Church Network,24,,,
33,New Hampshire,463,Vineyard USA,3,484,0.13%,0.04%
33,New Hampshire,469,Wisconsin Evangelical Lutheran Synod,1,117,0.03%,0.01%
34,New Jersey,003,African Methodist Episcopal Church,99,"32,415",0.67%,0.35%
34,New Jersey,005,African Methodist Episcopal Zion Church,44,"10,573",0.22%,0.11%
34,New Jersey,012,Alliance of Baptists,1,,,
34,New Jersey,017,American Baptist Association,1,80,0.00%,0.00%
34,New Jersey,019,American Baptist Churches in the USA,285,"77,184",1.59%,0.83%
34,New Jersey,022,American Carpatho-Russian Orthodox Diocese,8,958,0.02%,0.01%
34,New Jersey,904,American Ethical Union,2,,,
34,New Jersey,030,American Presbyterian Church,1,,,
34,New Jersey,416,American Sikh Council,12,,,
34,New Jersey,033,Anglican Church in North America,9,,,
34,New Jersey,034,"Antiochian Orthodox Christian Archdiocese of North America, The",3,"2,310",0.05%,0.02%
34,New Jersey,FF7,Apostolic Christian Church (Nazarene) - East Conference,1,41,0.00%,0.00%
34,New Jersey,042,"Apostolic Faith Mission of Portland, OR",3,,,
34,New Jersey,049,Armenian Apostolic Church of America (Catholicosate of Cilicia),1,"1,750",0.04%,0.02%
34,New Jersey,050,Armenian Church of North America (Catholicosate of Etchmiadzin),5,"3,377",0.07%,0.04%
34,New Jersey,053,Assemblies of God,333,"69,915",1.44%,0.75%
34,New Jersey,058,Association of Messianic Congregations,1,,,
34,New Jersey,056,Baha'i Faith USA,6,"1,694",0.03%,0.02%
34,New Jersey,059,Baptist Missionary Association of America,2,,,
34,New Jersey,FFV,Belarusan Autocephalous Orthodox Church,1,,,
34,New Jersey,073,Bible Fellowship Church,7,565,0.01%,0.01%
34,New Jersey,E54,"Bible Way Church of Our Lord Jesus Christ World Wide, Inc.",1,80,0.00%,0.00%
34,New Jersey,075,Brethren In Christ Church,2,,,
34,New Jersey,084,Calvary Chapel Fellowship Churches,3,,,
34,New Jersey,081,Catholic Church,673,"2,971,461",61.31%,31.99%
34,New Jersey,FGS,Chabad Judaism,20,,,
34,New Jersey,244,Charis Fellowship,1,,,
34,New Jersey,087,Christadelphian,6,,,
34,New Jersey,089,Christian and Missionary Alliance,85,"23,136",0.48%,0.25%
34,New Jersey,353,Christian Brethren (Open Plymouth Brethren),36,,,
34,New Jersey,093,Christian Church (Disciples of Christ),15,374,0.01%,0.00%
34,New Jersey,097,Christian Churches and Churches of Christ,12,"1,008",0.02%,0.01%
34,New Jersey,F10,Christian Congregation in North America,5,,,
34,New Jersey,101,Christian Methodist Episcopal Church,5,"1,251",0.03%,0.01%
34,New Jersey,105,Christian Reformed Church in North America,24,"3,020",0.06%,0.03%
34,New Jersey,111,"Church of Christ, Scientist",9,,,
34,New Jersey,123,"Church of God (Anderson, Indiana)",12,"1,250",0.03%,0.01%
34,New Jersey,127,"Church of God (Cleveland, Tennessee)",85,"6,580",0.14%,0.07%
34,New Jersey,133,Church of God (Seventh Day),1,,,
34,New Jersey,C22,Church of God and Saints of Christ,4,,,
34,New Jersey,122,"Church of God by Faith, Inc.",1,,,
34,New Jersey,141,Church of God in Christ,48,"10,280",0.21%,0.11%
34,New Jersey,145,Church of God of Prophecy,24,,,
34,New Jersey,151,Church of Jesus Christ of Latter-day Saints,65,"34,173",0.71%,0.37%
34,New Jersey,149,"Church of Jesus Christ, The (Bickertonites)",5,,,
34,New Jersey,155,"Church of Our Lord Jesus Christ of the Apostolic Faith, Inc.",27,"4,914",0.10%,0.05%
34,New Jersey,157,Church of the Brethren,2,144,0.00%,0.00%
34,New Jersey,163,Church of the Lutheran Brethren of America,5,,,
34,New Jersey,165,Church of the Nazarene,43,"6,357",0.13%,0.07%
34,New Jersey,167,Churches of Christ,33,"3,547",0.07%,0.04%
34,New Jersey,168,Churches of Christ in Christian Union,1,,,
34,New Jersey,173,Community of Christ,2,,,
34,New Jersey,180,Congregational Methodist Church,1,,,
34,New Jersey,181,Conservative Congregational Christian Conference,1,62,0.00%,0.00%
34,New Jersey,270,Conservative Judaism,58,"49,316",1.02%,0.53%
34,New Jersey,057,Converge Worldwide / Baptist General Conference,4,,,
34,New Jersey,186,Coptic Orthodox Church,27,"27,658",0.57%,0.30%
34,New Jersey,185,Cumberland Presbyterian,3,48,0.00%,0.00%
34,New Jersey,286,Eastern Pennsylvania Mennonite Church,1,125,0.00%,0.00%
34,New Jersey,FFW,ECO: A Covenant Order of Presbyterians,8,,,
34,New Jersey,190,Elim Fellowship,5,,,
34,New Jersey,193,Episcopal Church,236,"56,426",1.16%,0.61%
34,New Jersey,202,Eritrean Orthodox,1,336,0.01%,0.00%
34,New Jersey,204,Ethiopian Orthodox,4,990,0.02%,0.01%
34,New Jersey,199,Evangelical Congregational Church,1,,,
34,New Jersey,201,Evangelical Covenant Church,7,364,0.01%,0.00%
34,New Jersey,203,Evangelical Free Church of America,26,,,
34,New Jersey,207,Evangelical Lutheran Church in America,155,"44,684",0.92%,0.48%
34,New Jersey,216,Evangelical Presbyterian Church,5,,,
34,New Jersey,FGP,Every Nation,1,,,
34,New Jersey,067,Fellowship of Fundamentalist Bible Churches,7,,,
34,New Jersey,346,Fire-Baptized Holiness Church of the Americas,1,,,
34,New Jersey,263,"Foursquare Gospel, International Church of the",11,"1,640",0.03%,0.02%
34,New Jersey,221,Free Methodist Church--USA,11,"2,052",0.04%,0.02%
34,New Jersey,227,Free Reformed Churches of North America,1,,,
34,New Jersey,391,Friends General Conference,22,"1,882",0.04%,0.02%
34,New Jersey,393,"Friends General Conference and Friends United Meeting, dually aligned meetings",8,438,0.01%,0.00%
34,New Jersey,F23,Full Gospel Assemblies International,2,,,
34,New Jersey,232,Full Gospel Baptist Church Fellowship,8,"1,596",0.03%,0.02%
34,New Jersey,FFR,Full Gospel Christian Assemblies International,5,680,0.01%,0.01%
34,New Jersey,388,General Association of Regular Baptist Churches,26,,,
34,New Jersey,242,Georgian Orthodox Parishes in the United States,1,110,0.00%,0.00%
34,New Jersey,FGM,Grace Communion International,2,,,
34,New Jersey,243,Grace Gospel Fellowship,2,,,
34,New Jersey,246,Greek Orthodox Archdiocese of America,23,"24,810",0.51%,0.27%
34,New Jersey,248,Heritage Reformed Congregations,1,129,0.00%,0.00%
34,New Jersey,895,Hindu Temples,45,"102,132",2.11%,1.10%
34,New Jersey,896,Hindu Yoga and Meditation,50,"21,168",0.44%,0.23%
34,New Jersey,FGR,Independent Judaism,14,26,0.00%,0.00%
34,New Jersey,264,International Churches of Christ,2,437,0.01%,0.00%
34,New Jersey,262,International Council of Community Churches,4,,,
34,New Jersey,260,International Fellowship of Christian Assemblies,2,,,
34,New Jersey,265,International Pentecostal Church of Christ,1,,,
34,New Jersey,268,Jain,9,,,
34,New Jersey,272,Jehovah's Witnesses,302,"72,400",1.49%,0.78%
34,New Jersey,FFL,Knanaya Churches in the USA,1,400,0.01%,0.00%
34,New Jersey,274,Latvian Evangelical Lutheran Church in America,1,,,
34,New Jersey,283,Lutheran Church--Missouri Synod,62,"10,741",0.22%,0.12%
34,New Jersey,330,Macedonian Orthodox Church: American Diocese,2,"1,500",0.03%,0.02%
34,New Jersey,890,Mahayana Buddhist,22,"14,140",0.29%,0.15%
34,New Jersey,334,Malankara Archdiocese of the Syrian Orthodox Church in North America,4,472,0.01%,0.01%
34,New Jersey,F28,Malankara Mar Thoma Church,3,416,0.01%,0.00%
34,New Jersey,333,Malankara Orthodox Syrian Church,6,998,0.02%,0.01%
34,New Jersey,278,Maranatha Amish-Mennonite,1,93,0.00%,0.00%
34,New Jersey,288,Mennonite Church USA,2,68,0.00%,0.00%
34,New Jersey,290,Metropolitan Community Churches,1,18,0.00%,0.00%
34,New Jersey,291,Missionary Church,4,366,0.01%,0.00%
34,New Jersey,293,Moravian Church in America--Northern Province,4,757,0.02%,0.01%
34,New Jersey,267,Muslim Estimate,141,"321,652",6.64%,3.46%
34,New Jersey,175,National Association of Congregational Christian Churches,6,633,0.01%,0.01%
34,New Jersey,301,"National Baptist Convention of America, Inc.",5,"1,202",0.02%,0.01%
34,New Jersey,300,"National Baptist Convention, USA, Inc.",93,"66,450",1.37%,0.72%
34,New Jersey,302,"National Missionary Baptist Convention, Inc.",49,"21,472",0.44%,0.23%
34,New Jersey,303,National Spiritualist Association of Churches,1,,,
34,New Jersey,307,Netherlands Reformed Congregations,2,,,
34,New Jersey,309,New Apostolic Church USA,7,,,
34,New Jersey,308,New Testament Association of Independent Baptist Church,1,,,
34,New Jersey,500,Non-denominational Christian Churches,600,"282,370",5.83%,3.04%
34,New Jersey,313,North American Baptist Conference,4,,,
34,New Jersey,314,North American Lutheran Church,2,,,
34,New Jersey,FD2,Northeastern Mennonite Conference,1,30,0.00%,0.00%
34,New Jersey,331,Orthodox Church in America,24,"2,955",0.06%,0.03%
34,New Jersey,276,Orthodox Judaism,117,"106,860",2.20%,1.15%
34,New Jersey,335,Orthodox Presbyterian Church,20,,,
34,New Jersey,400,Patriarchal Parishes of the Russian Orthodox Church in the USA,6,"3,843",0.08%,0.04%
34,New Jersey,D71,Pentecostal Assemblies of the World,2,270,0.01%,0.00%
34,New Jersey,339,Pentecostal Church of God,2,,,
34,New Jersey,350,Pillar Ministries,2,,,
34,New Jersey,352,Polish National Catholic Church,9,,,
34,New Jersey,355,Presbyterian Church (U.S.A.),331,"61,854",1.28%,0.67%
34,New Jersey,356,Presbyterian Church in America,34,"3,547",0.07%,0.04%
34,New Jersey,361,Primitive Baptists Associations,1,50,0.00%,0.00%
34,New Jersey,364,"Progressive National Baptist Convention, Inc.",6,"3,342",0.07%,0.04%
34,New Jersey,275,Reconstructionist Judaism,6,"1,653",0.03%,0.02%
34,New Jersey,271,Reform Judaism,45,"38,762",0.80%,0.42%
34,New Jersey,F41,Reformed Baptist Network,1,,,
34,New Jersey,371,Reformed Church in America,129,"17,165",0.35%,0.18%
34,New Jersey,FFB,Reformed Congregations of North America,1,26,0.00%,0.00%
34,New Jersey,375,Reformed Episcopal Church,6,,,
34,New Jersey,383,Reformed Presbyterian Church of North America,1,19,0.00%,0.00%
34,New Jersey,382,"Reformed Presbyterian Church, Hanover Presbytery",1,,,
34,New Jersey,395,Romanian Orthodox Archdiocese in Americas,1,275,0.01%,0.00%
34,New Jersey,401,Russian Orthodox Church Outside of Russia,10,"1,255",0.03%,0.01%
34,New Jersey,403,Salvation Army,29,"3,843",0.08%,0.04%
34,New Jersey,410,Serbian Orthodox Church in North America,3,"1,192",0.02%,0.01%
34,New Jersey,415,"Seventh Day Baptist General Conference, USA and Canada",3,526,0.01%,0.01%
34,New Jersey,413,Seventh-day Adventist Church,152,"30,959",0.64%,0.33%
34,New Jersey,419,Southern Baptist Convention,158,"17,879",0.37%,0.19%
34,New Jersey,F51,Sovereign Grace Churches,2,,,
34,New Jersey,423,Syriac Orthodox Church of Antioch,6,"1,933",0.04%,0.02%
34,New Jersey,F52,Syro-Russian Orthodox Catholic Church,1,,,
34,New Jersey,F54,The local churches,11,,,
34,New Jersey,891,Theravada Buddhist,6,"1,753",0.04%,0.02%
34,New Jersey,431,Ukrainian Orthodox Church of the USA,9,"1,694",0.03%,0.02%
34,New Jersey,FER,Unification Church,1,,,
34,New Jersey,FGV,Union American Methodist Episcopal Church,16,,,
34,New Jersey,435,Unitarian Universalist Association of Congregations,21,"4,918",0.10%,0.05%
34,New Jersey,443,United Church of Christ,51,"8,172",0.17%,0.09%
34,New Jersey,FGN,United Church of God,2,,,
34,New Jersey,445,"United Holy Church of America, Inc.",23,832,0.02%,0.01%
34,New Jersey,F58,United House of Prayer,2,336,0.01%,0.00%
34,New Jersey,449,United Methodist Church,488,"122,582",2.53%,1.32%
34,New Jersey,454,United Pentecostal Church International,37,,,
34,New Jersey,455,United Reformed Churches in North America,4,783,0.02%,0.01%
34,New Jersey,124,"Unity Churches, Association of",7,,,
34,New Jersey,892,Vajarayana Buddhist,4,"1,670",0.03%,0.02%
34,New Jersey,462,Vedanta Society,1,,,
34,New Jersey,179,Venture Church Network,47,,,
34,New Jersey,463,Vineyard USA,4,"1,274",0.03%,0.01%
34,New Jersey,467,Wesleyan Church,17,"2,286",0.05%,0.02%
34,New Jersey,469,Wisconsin Evangelical Lutheran Synod,2,228,0.00%,0.00%
35,New Mexico,003,African Methodist Episcopal Church,5,"1,057",0.10%,0.05%
35,New Mexico,284,American Association of Lutheran Churches,2,,,
35,New Mexico,017,American Baptist Association,3,466,0.04%,0.02%
35,New Mexico,019,American Baptist Churches in the USA,3,690,0.06%,0.03%
35,New Mexico,904,American Ethical Union,1,,,
35,New Mexico,416,American Sikh Council,5,,,
35,New Mexico,033,Anglican Church in North America,10,,,
35,New Mexico,034,"Antiochian Orthodox Christian Archdiocese of North America, The",1,140,0.01%,0.01%
35,New Mexico,053,Assemblies of God,141,"32,893",2.96%,1.55%
35,New Mexico,047,Association of Reformed Baptist Churches of America,1,,,
35,New Mexico,056,Baha'i Faith USA,8,"2,840",0.26%,0.13%
35,New Mexico,059,Baptist Missionary Association of America,2,,,
35,New Mexico,073,Bible Fellowship Church,1,55,0.00%,0.00%
35,New Mexico,FE8,Bible Methodist Connection,1,,,
35,New Mexico,075,Brethren In Christ Church,5,,,
35,New Mexico,084,Calvary Chapel Fellowship Churches,1,,,
35,New Mexico,081,Catholic Church,439,"633,259",56.95%,29.91%
35,New Mexico,FGS,Chabad Judaism,4,,,
35,New Mexico,244,Charis Fellowship,1,,,
35,New Mexico,087,Christadelphian,2,,,
35,New Mexico,089,Christian and Missionary Alliance,2,826,0.07%,0.04%
35,New Mexico,353,Christian Brethren (Open Plymouth Brethren),5,,,
35,New Mexico,093,Christian Church (Disciples of Christ),14,947,0.09%,0.04%
35,New Mexico,097,Christian Churches and Churches of Christ,25,"4,160",0.37%,0.20%
35,New Mexico,101,Christian Methodist Episcopal Church,2,320,0.03%,0.02%
35,New Mexico,105,Christian Reformed Church in North America,18,"1,409",0.13%,0.07%
35,New Mexico,143,"Church of Christ, Mennonite",3,200,0.02%,0.01%
35,New Mexico,111,"Church of Christ, Scientist",5,,,
35,New Mexico,F53,Church of God,3,,,
35,New Mexico,123,"Church of God (Anderson, Indiana)",5,"2,704",0.24%,0.13%
35,New Mexico,127,"Church of God (Cleveland, Tennessee)",56,"1,815",0.16%,0.09%
35,New Mexico,133,Church of God (Seventh Day),2,,,
35,New Mexico,141,Church of God in Christ,14,"1,796",0.16%,0.08%
35,New Mexico,145,Church of God of Prophecy,14,,,
35,New Mexico,120,"Church of God of the Apostolic Faith, Inc.",1,,,
35,New Mexico,151,Church of Jesus Christ of Latter-day Saints,140,"69,488",6.25%,3.28%
35,New Mexico,149,"Church of Jesus Christ, The (Bickertonites)",2,,,
35,New Mexico,157,Church of the Brethren,2,39,0.00%,0.00%
35,New Mexico,164,Church of the Lutheran Confession,1,,,
35,New Mexico,165,Church of the Nazarene,51,"8,934",0.80%,0.42%
35,New Mexico,167,Churches of Christ,137,"13,635",1.23%,0.64%
35,New Mexico,171,"Churches of God, General Conference",2,0,0.00%,0.00%
35,New Mexico,173,Community of Christ,5,,,
35,New Mexico,180,Congregational Methodist Church,1,,,
35,New Mexico,270,Conservative Judaism,1,551,0.05%,0.03%
35,New Mexico,183,Conservative Mennonite Conference,2,75,0.01%,0.00%
35,New Mexico,186,Coptic Orthodox Church,1,30,0.00%,0.00%
35,New Mexico,185,Cumberland Presbyterian,2,"3,027",0.27%,0.14%
35,New Mexico,FFT,Dunkard Brethren Church,2,41,0.00%,0.00%
35,New Mexico,193,Episcopal Church,49,"9,879",0.89%,0.47%
35,New Mexico,197,"Evangelical Church, The",2,60,0.01%,0.00%
35,New Mexico,201,Evangelical Covenant Church,1,77,0.01%,0.00%
35,New Mexico,203,Evangelical Free Church of America,7,,,
35,New Mexico,207,Evangelical Lutheran Church in America,23,"3,888",0.35%,0.18%
35,New Mexico,FFE,Evangelical Lutheran Diocese of North America,2,,,
35,New Mexico,216,Evangelical Presbyterian Church,3,,,
35,New Mexico,FGP,Every Nation,1,,,
35,New Mexico,263,"Foursquare Gospel, International Church of the",13,"1,682",0.15%,0.08%
35,New Mexico,221,Free Methodist Church--USA,1,0,,
35,New Mexico,391,Friends General Conference,4,168,0.02%,0.01%
35,New Mexico,232,Full Gospel Baptist Church Fellowship,15,"2,086",0.19%,0.10%
35,New Mexico,FFR,Full Gospel Christian Assemblies International,4,"1,470",0.13%,0.07%
35,New Mexico,388,General Association of Regular Baptist Churches,4,,,
35,New Mexico,233,General Church of the New Jerusalem,1,,,
35,New Mexico,FGM,Grace Communion International,1,,,
35,New Mexico,246,Greek Orthodox Archdiocese of America,2,450,0.04%,0.02%
35,New Mexico,895,Hindu Temples,1,500,0.04%,0.02%
35,New Mexico,896,Hindu Yoga and Meditation,24,"13,851",1.25%,0.65%
35,New Mexico,264,International Churches of Christ,2,161,0.01%,0.01%
35,New Mexico,272,Jehovah's Witnesses,110,"25,890",2.33%,1.22%
35,New Mexico,D66,Liberal Catholic Church,2,,,
35,New Mexico,283,Lutheran Church--Missouri Synod,36,"3,598",0.32%,0.17%
35,New Mexico,890,Mahayana Buddhist,8,"1,780",0.16%,0.08%
35,New Mexico,288,Mennonite Church USA,3,196,0.02%,0.01%
35,New Mexico,290,Metropolitan Community Churches,2,87,0.01%,0.00%
35,New Mexico,267,Muslim Estimate,12,"12,046",1.08%,0.57%
35,New Mexico,301,"National Baptist Convention of America, Inc.",1,250,0.02%,0.01%
35,New Mexico,300,"National Baptist Convention, USA, Inc.",5,568,0.05%,0.03%
35,New Mexico,302,"National Missionary Baptist Convention, Inc.",17,"3,806",0.34%,0.18%
35,New Mexico,F31,Nationwide Fellowship Mennonite Churches,2,268,0.02%,0.01%
35,New Mexico,309,New Apostolic Church USA,1,,,
35,New Mexico,308,New Testament Association of Independent Baptist Church,2,,,
35,New Mexico,500,Non-denominational Christian Churches,195,"102,934",9.26%,4.86%
35,New Mexico,F35,"Old German Baptist Brethren, New Conference",1,27,0.00%,0.00%
35,New Mexico,331,Orthodox Church in America,1,150,0.01%,0.01%
35,New Mexico,276,Orthodox Judaism,1,120,0.01%,0.01%
35,New Mexico,335,Orthodox Presbyterian Church,2,,,
35,New Mexico,339,Pentecostal Church of God,21,,,
35,New Mexico,F38,Pilgrim Mennonite Conference,1,55,0.00%,0.00%
35,New Mexico,355,Presbyterian Church (U.S.A.),54,"6,763",0.61%,0.32%
35,New Mexico,356,Presbyterian Church in America,11,"1,473",0.13%,0.07%
35,New Mexico,271,Reform Judaism,4,"3,027",0.27%,0.14%
35,New Mexico,F41,Reformed Baptist Network,1,,,
35,New Mexico,371,Reformed Church in America,3,394,0.04%,0.02%
35,New Mexico,401,Russian Orthodox Church Outside of Russia,1,65,0.01%,0.00%
35,New Mexico,403,Salvation Army,8,516,0.05%,0.02%
35,New Mexico,413,Seventh-day Adventist Church,57,"8,605",0.77%,0.41%
35,New Mexico,419,Southern Baptist Convention,339,"81,011",7.29%,3.83%
35,New Mexico,239,Swedenborgian Church,1,42,0.00%,0.00%
35,New Mexico,F54,The local churches,3,,,
35,New Mexico,891,Theravada Buddhist,6,"10,095",0.91%,0.48%
35,New Mexico,431,Ukrainian Orthodox Church of the USA,2,155,0.01%,0.01%
35,New Mexico,437,Union of Messianic Jewish Congregations,2,,,
35,New Mexico,435,Unitarian Universalist Association of Congregations,9,"2,037",0.18%,0.10%
35,New Mexico,443,United Church of Christ,10,"1,477",0.13%,0.07%
35,New Mexico,FGN,United Church of God,1,,,
35,New Mexico,449,United Methodist Church,92,"23,629",2.12%,1.12%
35,New Mexico,454,United Pentecostal Church International,32,,,
35,New Mexico,124,"Unity Churches, Association of",6,,,
35,New Mexico,892,Vajarayana Buddhist,12,"3,700",0.33%,0.17%
35,New Mexico,179,Venture Church Network,3,,,
35,New Mexico,463,Vineyard USA,5,808,0.07%,0.04%
35,New Mexico,467,Wesleyan Church,1,183,0.02%,0.01%
35,New Mexico,469,Wisconsin Evangelical Lutheran Synod,5,553,0.05%,0.03%
36,New York,001,Advent Christian Church,2,73,0.00%,0.00%
36,New York,003,African Methodist Episcopal Church,77,"67,960",0.66%,0.34%
36,New York,005,African Methodist Episcopal Zion Church,87,"25,542",0.25%,0.13%
36,New York,FHJ,Agape Christian Fellowship,1,75,0.00%,0.00%
36,New York,012,Alliance of Baptists,4,,,
36,New York,FG6,American Anglican Church,3,,,
36,New York,284,American Association of Lutheran Churches,1,,,
36,New York,017,American Baptist Association,1,206,0.00%,0.00%
36,New York,019,American Baptist Churches in the USA,499,"141,304",1.37%,0.70%
36,New York,022,American Carpatho-Russian Orthodox Diocese,9,"1,048",0.01%,0.01%
36,New York,904,American Ethical Union,8,,,
36,New York,416,American Sikh Council,28,,,
36,New York,031,"Amish Groups, undifferentiated",165,"18,897",0.18%,0.09%
36,New York,FG4,Anglican Church in America,7,,,
36,New York,033,Anglican Church in North America,22,,,
36,New York,034,"Antiochian Orthodox Christian Archdiocese of North America, The",12,"2,874",0.03%,0.01%
36,New York,FF7,Apostolic Christian Church (Nazarene) - East Conference,2,89,0.00%,0.00%
36,New York,040,Apostolic Christian Church of America,1,58,0.00%,0.00%
36,New York,042,"Apostolic Faith Mission of Portland, OR",4,,,
36,New York,049,Armenian Apostolic Church of America (Catholicosate of Cilicia),4,"1,035",0.01%,0.01%
36,New York,050,Armenian Church of North America (Catholicosate of Etchmiadzin),9,"8,485",0.08%,0.04%
36,New York,053,Assemblies of God,550,"92,604",0.89%,0.46%
36,New York,FGJ,Assemblies of the Lord Jesus Christ,1,,,
36,New York,055,Associate Reformed Presbyterian Church,11,,,
36,New York,056,Baha'i Faith USA,26,"5,272",0.05%,0.03%
36,New York,059,Baptist Missionary Association of America,1,,,
36,New York,061,Beachy Amish-Mennonite Churches,2,169,0.00%,0.00%
36,New York,FFV,Belarusan Autocephalous Orthodox Church,1,,,
36,New York,073,Bible Fellowship Church,3,96,0.00%,0.00%
36,New York,FE8,Bible Methodist Connection,1,,,
36,New York,069,Bible Presbyterian Church (General Synod),3,,,
36,New York,E54,"Bible Way Church of Our Lord Jesus Christ World Wide, Inc.",2,400,0.00%,0.00%
36,New York,FHW,Biblical Mennonite Alliance,5,226,0.00%,0.00%
36,New York,070,"Bruderhof Communities, Inc.",10,"1,571",0.02%,0.01%
36,New York,078,"Bulgarian Eastern Orthodox Diocese of the USA, Canada and Australia",3,"1,596",0.02%,0.01%
36,New York,084,Calvary Chapel Fellowship Churches,6,,,
36,New York,FFM,Catholic Apostolic Church in North America,4,,,
36,New York,081,Catholic Church,"1,451","6,191,464",59.84%,30.65%
36,New York,FGS,Chabad Judaism,89,,,
36,New York,244,Charis Fellowship,1,,,
36,New York,087,Christadelphian,7,,,
36,New York,089,Christian and Missionary Alliance,145,"28,446",0.27%,0.14%
36,New York,353,Christian Brethren (Open Plymouth Brethren),59,,,
36,New York,093,Christian Church (Disciples of Christ),61,"2,484",0.02%,0.01%
36,New York,097,Christian Churches and Churches of Christ,54,"6,421",0.06%,0.03%
36,New York,F10,Christian Congregation in North America,4,,,
36,New York,101,Christian Methodist Episcopal Church,12,"4,195",0.04%,0.02%
36,New York,105,Christian Reformed Church in North America,20,"1,192",0.01%,0.01%
36,New York,F13,Church of Christ,1,,,
36,New York,110,"Church of Christ (Holiness), U.S.A.",1,,,
36,New York,143,"Church of Christ, Mennonite",2,116,0.00%,0.00%
36,New York,111,"Church of Christ, Scientist",11,,,
36,New York,F53,Church of God,2,,,
36,New York,123,"Church of God (Anderson, Indiana)",31,"4,540",0.04%,0.02%
36,New York,127,"Church of God (Cleveland, Tennessee)",236,"21,223",0.21%,0.11%
36,New York,133,Church of God (Seventh Day),4,,,
36,New York,C22,Church of God and Saints of Christ,1,,,
36,New York,122,"Church of God by Faith, Inc.",13,,,
36,New York,121,Church of God General Conference,1,38,0.00%,0.00%
36,New York,141,Church of God in Christ,156,"45,998",0.44%,0.23%
36,New York,145,Church of God of Prophecy,52,,,
36,New York,151,Church of Jesus Christ of Latter-day Saints,142,"83,293",0.80%,0.41%
36,New York,149,"Church of Jesus Christ, The (Bickertonites)",2,,,
36,New York,155,"Church of Our Lord Jesus Christ of the Apostolic Faith, Inc.",39,"7,860",0.08%,0.04%
36,New York,157,Church of the Brethren,2,197,0.00%,0.00%
36,New York,FFK,Church of the Genuine Orthodox Christians,7,"3,165",0.03%,0.02%
36,New York,163,Church of the Lutheran Brethren of America,6,,,
36,New York,165,Church of the Nazarene,126,"17,706",0.17%,0.09%
36,New York,438,Church of the United Brethren in Christ USA,3,200,0.00%,0.00%
36,New York,167,Churches of Christ,99,"9,878",0.10%,0.05%
36,New York,168,Churches of Christ in Christian Union,9,,,
36,New York,171,"Churches of God, General Conference",2,189,0.00%,0.00%
36,New York,172,Communion of Reformed Evangelical Churches,4,,,
36,New York,173,Community of Christ,3,,,
36,New York,176,"Congregational Christian Churches, Additional (not part of any national CCC body)",5,687,0.01%,0.00%
36,New York,181,Conservative Congregational Christian Conference,28,"2,371",0.02%,0.01%
36,New York,270,Conservative Judaism,110,"70,390",0.68%,0.35%
36,New York,183,Conservative Mennonite Conference,5,853,0.01%,0.00%
36,New York,057,Converge Worldwide / Baptist General Conference,22,,,
36,New York,186,Coptic Orthodox Church,18,"16,205",0.16%,0.08%
36,New York,185,Cumberland Presbyterian,3,159,0.00%,0.00%
36,New York,FG7,Diocese of the Holy Cross,1,,,
36,New York,286,Eastern Pennsylvania Mennonite Church,4,604,0.01%,0.00%
36,New York,FFW,ECO: A Covenant Order of Presbyterians,6,,,
36,New York,FFP,Ecumenical Catholic Communion,1,140,0.00%,0.00%
36,New York,190,Elim Fellowship,124,,,
36,New York,193,Episcopal Church,625,"124,423",1.20%,0.62%
36,New York,202,Eritrean Orthodox,4,"1,248",0.01%,0.01%
36,New York,204,Ethiopian Orthodox,9,"1,740",0.02%,0.01%
36,New York,201,Evangelical Covenant Church,28,"3,152",0.03%,0.02%
36,New York,203,Evangelical Free Church of America,38,,,
36,New York,328,Evangelical Friends Church International,1,275,0.00%,0.00%
36,New York,207,Evangelical Lutheran Church in America,358,"98,931",0.96%,0.49%
36,New York,FFF,Evangelical Lutheran Conference and Ministerium of North America,1,,,
36,New York,215,Evangelical Methodist Church,1,,,
36,New York,216,Evangelical Presbyterian Church,21,,,
36,New York,FGP,Every Nation,4,,,
36,New York,210,Federation of Reformed Churches,2,,,
36,New York,FGL,Fellowship of Christian Assemblies,6,,,
36,New York,067,Fellowship of Fundamentalist Bible Churches,2,,,
36,New York,346,Fire-Baptized Holiness Church of the Americas,4,,,
36,New York,263,"Foursquare Gospel, International Church of the",13,"1,788",0.02%,0.01%
36,New York,221,Free Methodist Church--USA,68,"7,654",0.07%,0.04%
36,New York,222,Free Presbyterian Church of North America,1,,,
36,New York,393,"Friends General Conference and Friends United Meeting, dually aligned meetings",52,"2,576",0.02%,0.01%
36,New York,F23,Full Gospel Assemblies International,3,,,
36,New York,232,Full Gospel Baptist Church Fellowship,17,"3,300",0.03%,0.02%
36,New York,FFR,Full Gospel Christian Assemblies International,28,"7,068",0.07%,0.03%
36,New York,231,General Association of General Baptists,1,250,0.00%,0.00%
36,New York,388,General Association of Regular Baptist Churches,37,,,
36,New York,233,General Church of the New Jerusalem,1,,,
36,New York,242,Georgian Orthodox Parishes in the United States,4,305,0.00%,0.00%
36,New York,FGM,Grace Communion International,7,,,
36,New York,243,Grace Gospel Fellowship,1,,,
36,New York,246,Greek Orthodox Archdiocese of America,59,"44,657",0.43%,0.22%
36,New York,FGD,Higher Ground Always Abounding Assemblies,2,,,
36,New York,895,Hindu Temples,47,"105,668",1.02%,0.52%
36,New York,896,Hindu Yoga and Meditation,110,"36,126",0.35%,0.18%
36,New York,251,Holy Orthodox Church in North America,1,22,0.00%,0.00%
36,New York,D92,"House of God, Holy Church of the Living God, The Pillar and Ground of the Truth, House of Prayer for All People",1,,,
36,New York,FGR,Independent Judaism,30,"3,727",0.04%,0.02%
36,New York,FFD,Independent Lutheran Diocese,1,40,0.00%,0.00%
36,New York,264,International Churches of Christ,5,"3,081",0.03%,0.02%
36,New York,FE9,International Communion of the Charismatic Episcopal Church,4,,,
36,New York,262,International Council of Community Churches,5,,,
36,New York,256,International Fellowship of Bible Churches,5,,,
36,New York,260,International Fellowship of Christian Assemblies,20,,,
36,New York,268,Jain,11,,,
36,New York,272,Jehovah's Witnesses,690,"163,918",1.58%,0.81%
36,New York,FFL,Knanaya Churches in the USA,2,412,0.00%,0.00%
36,New York,FFJ,Laestadian Lutheran Church,1,,,
36,New York,274,Latvian Evangelical Lutheran Church in America,4,,,
36,New York,283,Lutheran Church--Missouri Synod,182,"49,600",0.48%,0.25%
36,New York,255,Lutheran Congregations in Mission for Christ,21,"3,004",0.03%,0.01%
36,New York,330,Macedonian Orthodox Church: American Diocese,4,"2,600",0.03%,0.01%
36,New York,890,Mahayana Buddhist,91,"46,686",0.45%,0.23%
36,New York,334,Malankara Archdiocese of the Syrian Orthodox Church in North America,10,"1,397",0.01%,0.01%
36,New York,F28,Malankara Mar Thoma Church,11,"1,427",0.01%,0.01%
36,New York,333,Malankara Orthodox Syrian Church,28,"5,843",0.06%,0.03%
36,New York,FFU,Meadow Springs Old Order Mennonite,1,82,0.00%,0.00%
36,New York,282,Mennonite Christian Fellowship,1,117,0.00%,0.00%
36,New York,288,Mennonite Church USA,20,"1,490",0.01%,0.01%
36,New York,290,Metropolitan Community Churches,3,74,0.00%,0.00%
36,New York,FDZ,Mid-Atlantic Mennonite Fellowship,1,156,0.00%,0.00%
36,New York,291,Missionary Church,15,862,0.01%,0.00%
36,New York,293,Moravian Church in America--Northern Province,10,"2,237",0.02%,0.01%
36,New York,267,Muslim Estimate,343,"724,475",7.00%,3.59%
36,New York,175,National Association of Congregational Christian Churches,13,"1,114",0.01%,0.01%
36,New York,223,National Association of Free Will Baptists,2,163,0.00%,0.00%
36,New York,301,"National Baptist Convention of America, Inc.",6,"1,296",0.01%,0.01%
36,New York,300,"National Baptist Convention, USA, Inc.",134,"66,060",0.64%,0.33%
36,New York,302,"National Missionary Baptist Convention, Inc.",101,"34,214",0.33%,0.17%
36,New York,303,National Spiritualist Association of Churches,8,,,
36,New York,F31,Nationwide Fellowship Mennonite Churches,3,206,0.00%,0.00%
36,New York,309,New Apostolic Church USA,22,,,
36,New York,308,New Testament Association of Independent Baptist Church,1,,,
36,New York,500,Non-denominational Christian Churches,"1,338","556,698",5.38%,2.76%
36,New York,313,North American Baptist Conference,14,,,
36,New York,314,North American Lutheran Church,6,,,
36,New York,315,North American Old Roman Catholic Church,4,,,
36,New York,FD2,Northeastern Mennonite Conference,2,184,0.00%,0.00%
36,New York,FF2,Old German Baptist Brethren,1,72,0.00%,0.00%
36,New York,329,Open Bible Churches,3,100,0.00%,0.00%
36,New York,331,Orthodox Church in America,37,"5,115",0.05%,0.03%
36,New York,276,Orthodox Judaism,346,"588,620",5.69%,2.91%
36,New York,FFN,Orthodox Old Roman Catholic Communion,1,,,
36,New York,335,Orthodox Presbyterian Church,11,,,
36,New York,400,Patriarchal Parishes of the Russian Orthodox Church in the USA,3,"2,567",0.02%,0.01%
36,New York,D71,Pentecostal Assemblies of the World,3,710,0.01%,0.00%
36,New York,339,Pentecostal Church of God,5,,,
36,New York,F38,Pilgrim Mennonite Conference,2,175,0.00%,0.00%
36,New York,352,Polish National Catholic Church,14,,,
36,New York,355,Presbyterian Church (U.S.A.),595,"77,670",0.75%,0.38%
36,New York,356,Presbyterian Church in America,46,"8,280",0.08%,0.04%
36,New York,363,Primitive Methodist Church in the USA,1,,,
36,New York,364,"Progressive National Baptist Convention, Inc.",22,"20,490",0.20%,0.10%
36,New York,275,Reconstructionist Judaism,9,"5,987",0.06%,0.03%
36,New York,271,Reform Judaism,95,"94,354",0.91%,0.47%
36,New York,F41,Reformed Baptist Network,3,,,
36,New York,FGB,Reformed Bible Church,1,,,
36,New York,371,Reformed Church in America,228,"31,877",0.31%,0.16%
36,New York,375,Reformed Episcopal Church,4,,,
36,New York,383,Reformed Presbyterian Church of North America,11,660,0.01%,0.00%
36,New York,395,Romanian Orthodox Archdiocese in Americas,5,620,0.01%,0.00%
36,New York,401,Russian Orthodox Church Outside of Russia,25,"3,595",0.03%,0.02%
36,New York,403,Salvation Army,76,"14,264",0.14%,0.07%
36,New York,410,Serbian Orthodox Church in North America,2,"1,335",0.01%,0.01%
36,New York,415,"Seventh Day Baptist General Conference, USA and Canada",11,796,0.01%,0.00%
36,New York,413,Seventh-day Adventist Church,396,"98,501",0.95%,0.49%
36,New York,419,Southern Baptist Convention,395,"39,036",0.38%,0.19%
36,New York,414,Stauffer Mennonite Church,2,368,0.00%,0.00%
36,New York,239,Swedenborgian Church,2,23,0.00%,0.00%
36,New York,423,Syriac Orthodox Church of Antioch,2,90,0.00%,0.00%
36,New York,425,Tao,1,,,
36,New York,F54,The local churches,15,,,
36,New York,891,Theravada Buddhist,21,"11,184",0.11%,0.06%
36,New York,FGQ,Twelve Tribes,5,,,
36,New York,431,Ukrainian Orthodox Church of the USA,16,"2,990",0.03%,0.01%
36,New York,432,Unaffiliated Amish-Mennonite (Conservative),1,95,0.00%,0.00%
36,New York,FHF,Unaffiliated Conservative Mennonite,2,94,0.00%,0.00%
36,New York,FER,Unification Church,2,,,
36,New York,FGV,Union American Methodist Episcopal Church,3,,,
36,New York,437,Union of Messianic Jewish Congregations,4,,,
36,New York,435,Unitarian Universalist Association of Congregations,63,"10,921",0.11%,0.05%
36,New York,443,United Church of Christ,237,"33,687",0.33%,0.17%
36,New York,FGN,United Church of God,5,,,
36,New York,FG5,United Episcopal Church of North America,1,,,
36,New York,445,"United Holy Church of America, Inc.",10,352,0.00%,0.00%
36,New York,F58,United House of Prayer,7,"1,535",0.01%,0.01%
36,New York,449,United Methodist Church,"1,178","239,523",2.31%,1.19%
36,New York,454,United Pentecostal Church International,94,,,
36,New York,455,United Reformed Churches in North America,3,429,0.00%,0.00%
36,New York,124,"Unity Churches, Association of",20,,,
36,New York,892,Vajarayana Buddhist,44,"18,410",0.18%,0.09%
36,New York,462,Vedanta Society,3,,,
36,New York,179,Venture Church Network,98,,,
36,New York,463,Vineyard USA,15,"3,412",0.03%,0.02%
36,New York,FJ3,Weaverland Mennonite Conference,7,"2,206",0.02%,0.01%
36,New York,467,Wesleyan Church,117,"26,621",0.26%,0.13%
36,New York,469,Wisconsin Evangelical Lutheran Synod,7,844,0.01%,0.00%
36,New York,490,Zoroastrian,2,,,
37,North Carolina,001,Advent Christian Church,59,"5,419",0.10%,0.05%
37,North Carolina,003,African Methodist Episcopal Church,159,"33,858",0.62%,0.32%
37,North Carolina,005,African Methodist Episcopal Zion Church,597,"112,251",2.06%,1.08%
37,North Carolina,012,Alliance of Baptists,22,,,
37,North Carolina,FG6,American Anglican Church,1,,,
37,North Carolina,284,American Association of Lutheran Churches,2,,,
37,North Carolina,019,American Baptist Churches in the USA,32,"43,813",0.80%,0.42%
37,North Carolina,022,American Carpatho-Russian Orthodox Diocese,3,118,0.00%,0.00%
37,North Carolina,904,American Ethical Union,2,,,
37,North Carolina,416,American Sikh Council,4,,,
37,North Carolina,031,"Amish Groups, undifferentiated",5,262,0.00%,0.00%
37,North Carolina,F01,Anglican Catholic Church,4,,,
37,North Carolina,033,Anglican Church in North America,34,,,
37,North Carolina,FG3,Anglican Province of America,9,,,
37,North Carolina,FG2,Anglican Province of Christ the King,1,,,
37,North Carolina,034,"Antiochian Orthodox Christian Archdiocese of North America, The",3,575,0.01%,0.01%
37,North Carolina,042,"Apostolic Faith Mission of Portland, OR",1,,,
37,North Carolina,045,Apostolic Lutheran Church of America,1,,,
37,North Carolina,050,Armenian Church of North America (Catholicosate of Etchmiadzin),1,200,0.00%,0.00%
37,North Carolina,053,Assemblies of God,281,"51,450",0.95%,0.49%
37,North Carolina,FGJ,Assemblies of the Lord Jesus Christ,2,,,
37,North Carolina,055,Associate Reformed Presbyterian Church,66,,,
37,North Carolina,058,Association of Messianic Congregations,1,,,
37,North Carolina,047,Association of Reformed Baptist Churches of America,1,,,
37,North Carolina,056,Baha'i Faith USA,24,"6,321",0.12%,0.06%
37,North Carolina,061,Beachy Amish-Mennonite Churches,1,81,0.00%,0.00%
37,North Carolina,FE8,Bible Methodist Connection,1,,,
37,North Carolina,069,Bible Presbyterian Church (General Synod),1,,,
37,North Carolina,E54,"Bible Way Church of Our Lord Jesus Christ World Wide, Inc.",1,80,0.00%,0.00%
37,North Carolina,FHW,Biblical Mennonite Alliance,1,33,0.00%,0.00%
37,North Carolina,070,"Bruderhof Communities, Inc.",1,5,0.00%,0.00%
37,North Carolina,084,Calvary Chapel Fellowship Churches,3,,,
37,North Carolina,FFM,Catholic Apostolic Church in North America,1,,,
37,North Carolina,081,Catholic Church,198,"928,735",17.06%,8.90%
37,North Carolina,FGS,Chabad Judaism,13,,,
37,North Carolina,089,Christian and Missionary Alliance,52,"8,991",0.17%,0.09%
37,North Carolina,353,Christian Brethren (Open Plymouth Brethren),40,,,
37,North Carolina,093,Christian Church (Disciples of Christ),291,"10,427",0.19%,0.10%
37,North Carolina,097,Christian Churches and Churches of Christ,149,"30,645",0.56%,0.29%
37,North Carolina,F10,Christian Congregation in North America,2,,,
37,North Carolina,101,Christian Methodist Episcopal Church,48,"11,696",0.21%,0.11%
37,North Carolina,105,Christian Reformed Church in North America,2,69,0.00%,0.00%
37,North Carolina,D83,Christ's Sanctified Holy Church,5,,,
37,North Carolina,143,"Church of Christ, Mennonite",1,240,0.00%,0.00%
37,North Carolina,111,"Church of Christ, Scientist",3,,,
37,North Carolina,F53,Church of God,23,,,
37,North Carolina,123,"Church of God (Anderson, Indiana)",40,"5,820",0.11%,0.06%
37,North Carolina,125,Church of God (Apostolic),6,,,
37,North Carolina,127,"Church of God (Cleveland, Tennessee)",452,"68,675",1.26%,0.66%
37,North Carolina,133,Church of God (Seventh Day),3,,,
37,North Carolina,C22,Church of God and Saints of Christ,1,,,
37,North Carolina,122,"Church of God by Faith, Inc.",1,,,
37,North Carolina,121,Church of God General Conference,2,76,0.00%,0.00%
37,North Carolina,141,Church of God in Christ,83,"30,302",0.56%,0.29%
37,North Carolina,145,Church of God of Prophecy,107,,,
37,North Carolina,146,"Church of God, Mountain Assembly, Inc.",1,,,
37,North Carolina,151,Church of Jesus Christ of Latter-day Saints,175,"89,083",1.64%,0.85%
37,North Carolina,149,"Church of Jesus Christ, The (Bickertonites)",1,,,
37,North Carolina,155,"Church of Our Lord Jesus Christ of the Apostolic Faith, Inc.",35,"5,448",0.10%,0.05%
37,North Carolina,157,Church of the Brethren,13,"1,318",0.02%,0.01%
37,North Carolina,D59,Church of the Living God: Pillar and Ground of the Truth,1,,,
37,North Carolina,165,Church of the Nazarene,64,"7,538",0.14%,0.07%
37,North Carolina,167,Churches of Christ,198,"23,998",0.44%,0.23%
37,North Carolina,168,Churches of Christ in Christian Union,3,,,
37,North Carolina,171,"Churches of God, General Conference",5,195,0.00%,0.00%
37,North Carolina,172,Communion of Reformed Evangelical Churches,2,,,
37,North Carolina,173,Community of Christ,3,,,
37,North Carolina,177,Congregational Holiness Church,10,,,
37,North Carolina,181,Conservative Congregational Christian Conference,3,820,0.02%,0.01%
37,North Carolina,270,Conservative Judaism,7,"5,364",0.10%,0.05%
37,North Carolina,390,Conservative Yearly Meeting of Friends,9,657,0.01%,0.01%
37,North Carolina,336,Convention of Original Free Will Baptist Churches,220,"23,441",0.43%,0.22%
37,North Carolina,057,Converge Worldwide / Baptist General Conference,6,,,
37,North Carolina,186,Coptic Orthodox Church,6,"2,214",0.04%,0.02%
37,North Carolina,FG7,Diocese of the Holy Cross,1,,,
37,North Carolina,FFW,ECO: A Covenant Order of Presbyterians,23,,,
37,North Carolina,190,Elim Fellowship,2,,,
37,North Carolina,193,Episcopal Church,237,"74,210",1.36%,0.71%
37,North Carolina,202,Eritrean Orthodox,5,"1,380",0.03%,0.01%
37,North Carolina,204,Ethiopian Orthodox,7,"1,501",0.03%,0.01%
37,North Carolina,198,"Evangelical Association of Reformed, and Congregational Christian Churches",27,,,
37,North Carolina,201,Evangelical Covenant Church,6,"1,149",0.02%,0.01%
37,North Carolina,203,Evangelical Free Church of America,9,,,
37,North Carolina,328,Evangelical Friends Church International,5,405,0.01%,0.00%
37,North Carolina,207,Evangelical Lutheran Church in America,188,"50,782",0.93%,0.49%
37,North Carolina,FFE,Evangelical Lutheran Diocese of North America,1,,,
37,North Carolina,215,Evangelical Methodist Church,18,,,
37,North Carolina,216,Evangelical Presbyterian Church,63,,,
37,North Carolina,FGP,Every Nation,6,,,
37,North Carolina,263,"Foursquare Gospel, International Church of the",43,"8,114",0.15%,0.08%
37,North Carolina,224,Free Church of Scotland (Continuing),1,,,
37,North Carolina,221,Free Methodist Church--USA,3,139,0.00%,0.00%
37,North Carolina,222,Free Presbyterian Church of North America,1,,,
37,North Carolina,391,Friends General Conference,8,388,0.01%,0.00%
37,North Carolina,393,"Friends General Conference and Friends United Meeting, dually aligned meetings",1,519,0.01%,0.00%
37,North Carolina,225,Friends United Meeting,40,"4,095",0.08%,0.04%
37,North Carolina,232,Full Gospel Baptist Church Fellowship,27,"4,140",0.08%,0.04%
37,North Carolina,FFR,Full Gospel Christian Assemblies International,31,"12,730",0.23%,0.12%
37,North Carolina,231,General Association of General Baptists,5,"3,430",0.06%,0.03%
37,North Carolina,233,General Church of the New Jerusalem,1,,,
37,North Carolina,FGM,Grace Communion International,3,,,
37,North Carolina,246,Greek Orthodox Archdiocese of America,13,"12,734",0.23%,0.12%
37,North Carolina,895,Hindu Temples,8,"8,555",0.16%,0.08%
37,North Carolina,896,Hindu Yoga and Meditation,38,"6,337",0.12%,0.06%
37,North Carolina,D92,"House of God, Holy Church of the Living God, The Pillar and Ground of the Truth, House of Prayer for All People",1,,,
37,North Carolina,FGR,Independent Judaism,2,52,0.00%,0.00%
37,North Carolina,338,Independent Yearly Meetings of Friends,2,76,0.00%,0.00%
37,North Carolina,264,International Churches of Christ,8,"2,087",0.04%,0.02%
37,North Carolina,FE9,International Communion of the Charismatic Episcopal Church,4,,,
37,North Carolina,262,International Council of Community Churches,1,,,
37,North Carolina,265,International Pentecostal Church of Christ,4,,,
37,North Carolina,268,Jain,2,,,
37,North Carolina,272,Jehovah's Witnesses,434,"105,874",1.94%,1.01%
37,North Carolina,279,Lumber River Annual Conference of the Holiness Methodist Church,10,,,
37,North Carolina,283,Lutheran Church--Missouri Synod,66,"19,260",0.35%,0.18%
37,North Carolina,255,Lutheran Congregations in Mission for Christ,15,"4,326",0.08%,0.04%
37,North Carolina,890,Mahayana Buddhist,11,"7,837",0.14%,0.08%
37,North Carolina,334,Malankara Archdiocese of the Syrian Orthodox Church in North America,2,136,0.00%,0.00%
37,North Carolina,F28,Malankara Mar Thoma Church,1,40,0.00%,0.00%
37,North Carolina,333,Malankara Orthodox Syrian Church,2,266,0.00%,0.00%
37,North Carolina,288,Mennonite Church USA,9,586,0.01%,0.01%
37,North Carolina,290,Metropolitan Community Churches,6,289,0.01%,0.00%
37,North Carolina,291,Missionary Church,4,853,0.02%,0.01%
37,North Carolina,295,Moravian Church in America--Southern Province,44,"13,130",0.24%,0.13%
37,North Carolina,267,Muslim Estimate,70,"130,661",2.40%,1.25%
37,North Carolina,175,National Association of Congregational Christian Churches,2,402,0.01%,0.00%
37,North Carolina,223,National Association of Free Will Baptists,159,"11,066",0.20%,0.11%
37,North Carolina,301,"National Baptist Convention of America, Inc.",5,"2,344",0.04%,0.02%
37,North Carolina,300,"National Baptist Convention, USA, Inc.",87,"45,323",0.83%,0.43%
37,North Carolina,302,"National Missionary Baptist Convention, Inc.",429,"119,228",2.19%,1.14%
37,North Carolina,304,"National Primitive Baptist Convention, USA, Inc.",6,"1,602",0.03%,0.02%
37,North Carolina,F31,Nationwide Fellowship Mennonite Churches,6,523,0.01%,0.01%
37,North Carolina,309,New Apostolic Church USA,2,,,
37,North Carolina,500,Non-denominational Christian Churches,"2,354","1,053,564",19.35%,10.09%
37,North Carolina,314,North American Lutheran Church,42,,,
37,North Carolina,F32,North Carolina Congregational Conference,10,,,
37,North Carolina,FFH,Old Apostolic Lutheran Church of America,1,,,
37,North Carolina,329,Open Bible Churches,1,,,
37,North Carolina,FGA,Orthodox Anglican Church,6,,,
37,North Carolina,331,Orthodox Church in America,9,873,0.02%,0.01%
37,North Carolina,276,Orthodox Judaism,3,545,0.01%,0.01%
37,North Carolina,335,Orthodox Presbyterian Church,12,,,
37,North Carolina,D71,Pentecostal Assemblies of the World,5,"2,372",0.04%,0.02%
37,North Carolina,339,Pentecostal Church of God,3,,,
37,North Carolina,347,"Pentecostal Free Will Baptist Church, Inc.",28,,,
37,North Carolina,355,Presbyterian Church (U.S.A.),616,"129,110",2.37%,1.24%
37,North Carolina,356,Presbyterian Church in America,109,"21,734",0.40%,0.21%
37,North Carolina,354,Presbyterian Reformed Church,1,,,
37,North Carolina,361,Primitive Baptists Associations,23,"3,106",0.06%,0.03%
37,North Carolina,364,"Progressive National Baptist Convention, Inc.",14,"4,245",0.08%,0.04%
37,North Carolina,275,Reconstructionist Judaism,2,659,0.01%,0.01%
37,North Carolina,271,Reform Judaism,12,"9,947",0.18%,0.10%
37,North Carolina,F41,Reformed Baptist Network,3,,,
37,North Carolina,371,Reformed Church in America,1,33,0.00%,0.00%
37,North Carolina,375,Reformed Episcopal Church,3,,,
37,North Carolina,383,Reformed Presbyterian Church of North America,1,40,0.00%,0.00%
37,North Carolina,382,"Reformed Presbyterian Church, Hanover Presbytery",2,,,
37,North Carolina,384,Reformed Zion Union Apostolic Church,1,76,0.00%,0.00%
37,North Carolina,FHG,Remnant: Charity Ministries and related,1,,,
37,North Carolina,401,Russian Orthodox Church Outside of Russia,6,333,0.01%,0.00%
37,North Carolina,403,Salvation Army,38,"3,578",0.07%,0.03%
37,North Carolina,410,Serbian Orthodox Church in North America,2,530,0.01%,0.01%
37,North Carolina,415,"Seventh Day Baptist General Conference, USA and Canada",1,18,0.00%,0.00%
37,North Carolina,413,Seventh-day Adventist Church,192,"32,225",0.59%,0.31%
37,North Carolina,FG1,Solid Rock Association of Old Time Baptists,1,24,0.00%,0.00%
37,North Carolina,F48,Southeastern Mennonite Conference,1,33,0.00%,0.00%
37,North Carolina,419,Southern Baptist Convention,"4,374","1,324,747",24.34%,12.69%
37,North Carolina,F51,Sovereign Grace Churches,2,,,
37,North Carolina,423,Syriac Orthodox Church of Antioch,1,30,0.00%,0.00%
37,North Carolina,425,Tao,2,,,
37,North Carolina,F54,The local churches,4,,,
37,North Carolina,891,Theravada Buddhist,14,"6,389",0.12%,0.06%
37,North Carolina,FGQ,Twelve Tribes,2,,,
37,North Carolina,431,Ukrainian Orthodox Church of the USA,1,30,0.00%,0.00%
37,North Carolina,437,Union of Messianic Jewish Congregations,1,,,
37,North Carolina,435,Unitarian Universalist Association of Congregations,26,"6,924",0.13%,0.07%
37,North Carolina,443,United Church of Christ,139,"24,507",0.45%,0.23%
37,North Carolina,FGN,United Church of God,5,,,
37,North Carolina,FG5,United Episcopal Church of North America,3,,,
37,North Carolina,445,"United Holy Church of America, Inc.",176,"10,221",0.19%,0.10%
37,North Carolina,F58,United House of Prayer,31,"5,088",0.09%,0.05%
37,North Carolina,449,United Methodist Church,"1,800","595,636",10.94%,5.71%
37,North Carolina,454,United Pentecostal Church International,75,,,
37,North Carolina,455,United Reformed Churches in North America,1,185,0.00%,0.00%
37,North Carolina,124,"Unity Churches, Association of",13,,,
37,North Carolina,237,US Conference of Mennonite Brethren Churches,7,347,0.01%,0.00%
37,North Carolina,892,Vajarayana Buddhist,6,660,0.01%,0.01%
37,North Carolina,FFQ,Vanguard Presbytery,2,,,
37,North Carolina,462,Vedanta Society,1,,,
37,North Carolina,463,Vineyard USA,9,"1,592",0.03%,0.02%
37,North Carolina,467,Wesleyan Church,169,"35,837",0.66%,0.34%
37,North Carolina,469,Wisconsin Evangelical Lutheran Synod,8,"1,712",0.03%,0.02%
38,North Dakota,284,American Association of Lutheran Churches,6,,,
38,North Dakota,019,American Baptist Churches in the USA,13,"1,391",0.32%,0.18%
38,North Dakota,045,Apostolic Lutheran Church of America,1,,,
38,North Dakota,053,Assemblies of God,70,"16,035",3.74%,2.06%
38,North Dakota,220,Association of Free Lutheran Congregations,41,"6,474",1.51%,0.83%
38,North Dakota,056,Baha'i Faith USA,2,332,0.08%,0.04%
38,North Dakota,081,Catholic Church,232,"164,843",38.46%,21.16%
38,North Dakota,FGS,Chabad Judaism,1,,,
38,North Dakota,089,Christian and Missionary Alliance,3,155,0.04%,0.02%
38,North Dakota,353,Christian Brethren (Open Plymouth Brethren),4,,,
38,North Dakota,097,Christian Churches and Churches of Christ,1,0,0.00%,0.00%
38,North Dakota,105,Christian Reformed Church in North America,1,94,0.02%,0.01%
38,North Dakota,143,"Church of Christ, Mennonite",1,190,0.04%,0.02%
38,North Dakota,123,"Church of God (Anderson, Indiana)",1,110,0.03%,0.01%
38,North Dakota,127,"Church of God (Cleveland, Tennessee)",15,783,0.18%,0.10%
38,North Dakota,133,Church of God (Seventh Day),3,,,
38,North Dakota,141,Church of God in Christ,2,390,0.09%,0.05%
38,North Dakota,145,Church of God of Prophecy,3,,,
38,North Dakota,151,Church of Jesus Christ of Latter-day Saints,27,"11,550",2.69%,1.48%
38,North Dakota,163,Church of the Lutheran Brethren of America,15,,,
38,North Dakota,164,Church of the Lutheran Confession,3,,,
38,North Dakota,165,Church of the Nazarene,28,"17,585",4.10%,2.26%
38,North Dakota,167,Churches of Christ,7,505,0.12%,0.06%
38,North Dakota,173,Community of Christ,1,,,
38,North Dakota,176,"Congregational Christian Churches, Additional (not part of any national CCC body)",1,27,0.01%,0.00%
38,North Dakota,181,Conservative Congregational Christian Conference,7,849,0.20%,0.11%
38,North Dakota,057,Converge Worldwide / Baptist General Conference,6,,,
38,North Dakota,FFW,ECO: A Covenant Order of Presbyterians,1,,,
38,North Dakota,193,Episcopal Church,18,"2,021",0.47%,0.26%
38,North Dakota,197,"Evangelical Church, The",3,246,0.06%,0.03%
38,North Dakota,201,Evangelical Covenant Church,3,375,0.09%,0.05%
38,North Dakota,203,Evangelical Free Church of America,25,,,
38,North Dakota,207,Evangelical Lutheran Church in America,367,"140,764",32.84%,18.07%
38,North Dakota,216,Evangelical Presbyterian Church,2,,,
38,North Dakota,263,"Foursquare Gospel, International Church of the",4,482,0.11%,0.06%
38,North Dakota,221,Free Methodist Church--USA,2,87,0.02%,0.01%
38,North Dakota,391,Friends General Conference,1,11,0.00%,0.00%
38,North Dakota,272,Jehovah's Witnesses,17,"2,818",0.66%,0.36%
38,North Dakota,FFJ,Laestadian Lutheran Church,2,,,
38,North Dakota,283,Lutheran Church--Missouri Synod,81,"17,968",4.19%,2.31%
38,North Dakota,255,Lutheran Congregations in Mission for Christ,24,"6,288",1.47%,0.81%
38,North Dakota,293,Moravian Church in America--Northern Province,4,498,0.12%,0.06%
38,North Dakota,267,Muslim Estimate,6,540,0.13%,0.07%
38,North Dakota,308,New Testament Association of Independent Baptist Church,1,,,
38,North Dakota,500,Non-denominational Christian Churches,42,"6,159",1.44%,0.79%
38,North Dakota,313,North American Baptist Conference,28,,,
38,North Dakota,314,North American Lutheran Church,2,,,
38,North Dakota,FFH,Old Apostolic Lutheran Church of America,2,,,
38,North Dakota,329,Open Bible Churches,1,80,0.02%,0.01%
38,North Dakota,331,Orthodox Church in America,2,185,0.04%,0.02%
38,North Dakota,335,Orthodox Presbyterian Church,2,,,
38,North Dakota,355,Presbyterian Church (U.S.A.),48,"3,353",0.78%,0.43%
38,North Dakota,356,Presbyterian Church in America,1,42,0.01%,0.01%
38,North Dakota,271,Reform Judaism,1,68,0.02%,0.01%
38,North Dakota,371,Reformed Church in America,7,775,0.18%,0.10%
38,North Dakota,373,Reformed Church in the United States,3,89,0.02%,0.01%
38,North Dakota,401,Russian Orthodox Church Outside of Russia,1,150,0.03%,0.02%
38,North Dakota,403,Salvation Army,6,274,0.06%,0.04%
38,North Dakota,FJ2,Schmiedeleut Hutterite Group 2,6,764,0.18%,0.10%
38,North Dakota,413,Seventh-day Adventist Church,29,"2,526",0.59%,0.32%
38,North Dakota,419,Southern Baptist Convention,30,"1,663",0.39%,0.21%
38,North Dakota,423,Syriac Orthodox Church of Antioch,1,30,0.01%,0.00%
38,North Dakota,F54,The local churches,1,,,
38,North Dakota,891,Theravada Buddhist,1,17,0.00%,0.00%
38,North Dakota,FHF,Unaffiliated Conservative Mennonite,1,85,0.02%,0.01%
38,North Dakota,435,Unitarian Universalist Association of Congregations,3,198,0.05%,0.03%
38,North Dakota,443,United Church of Christ,44,"4,000",0.93%,0.51%
38,North Dakota,FGN,United Church of God,3,,,
38,North Dakota,449,United Methodist Church,92,"10,855",2.53%,1.39%
38,North Dakota,454,United Pentecostal Church International,16,,,
38,North Dakota,237,US Conference of Mennonite Brethren Churches,2,133,0.03%,0.02%
38,North Dakota,179,Venture Church Network,3,,,
38,North Dakota,467,Wesleyan Church,6,"2,279",0.53%,0.29%
38,North Dakota,469,Wisconsin Evangelical Lutheran Synod,12,"1,511",0.35%,0.19%
39,Ohio,001,Advent Christian Church,6,298,0.01%,0.00%
39,Ohio,003,African Methodist Episcopal Church,103,"29,236",0.52%,0.25%
39,Ohio,005,African Methodist Episcopal Zion Church,23,"5,936",0.11%,0.05%
39,Ohio,FHJ,Agape Christian Fellowship,3,396,0.01%,0.00%
39,Ohio,012,Alliance of Baptists,5,,,
39,Ohio,284,American Association of Lutheran Churches,3,,,
39,Ohio,017,American Baptist Association,4,484,0.01%,0.00%
39,Ohio,019,American Baptist Churches in the USA,270,"85,308",1.51%,0.72%
39,Ohio,022,American Carpatho-Russian Orthodox Diocese,6,427,0.01%,0.00%
39,Ohio,416,American Sikh Council,10,,,
39,Ohio,031,"Amish Groups, undifferentiated",719,"71,756",1.27%,0.61%
39,Ohio,FFS,Anabaptist Disciples of Christ,8,"1,257",0.02%,0.01%
39,Ohio,F01,Anglican Catholic Church,3,,,
39,Ohio,033,Anglican Church in North America,27,,,
39,Ohio,FG3,Anglican Province of America,1,,,
39,Ohio,034,"Antiochian Orthodox Christian Archdiocese of North America, The",10,"4,887",0.09%,0.04%
39,Ohio,FF7,Apostolic Christian Church (Nazarene) - East Conference,7,797,0.01%,0.01%
39,Ohio,FF8,Apostolic Christian Church (Nazarene) - West Conference,4,631,0.01%,0.01%
39,Ohio,040,Apostolic Christian Church of America,9,"2,774",0.05%,0.02%
39,Ohio,FEX,Apostolic Christian Faith,3,306,0.01%,0.00%
39,Ohio,050,Armenian Church of North America (Catholicosate of Etchmiadzin),2,375,0.01%,0.00%
39,Ohio,053,Assemblies of God,299,"72,791",1.29%,0.62%
39,Ohio,FGJ,Assemblies of the Lord Jesus Christ,2,,,
39,Ohio,220,Association of Free Lutheran Congregations,2,217,0.00%,0.00%
39,Ohio,056,Baha'i Faith USA,13,"2,277",0.04%,0.02%
39,Ohio,059,Baptist Missionary Association of America,2,,,
39,Ohio,061,Beachy Amish-Mennonite Churches,17,"1,773",0.03%,0.02%
39,Ohio,FFV,Belarusan Autocephalous Orthodox Church,1,,,
39,Ohio,FEZ,Believers in Christ,1,87,0.00%,0.00%
39,Ohio,062,Berea Amish-Mennonite,2,95,0.00%,0.00%
39,Ohio,FE8,Bible Methodist Connection,16,,,
39,Ohio,069,Bible Presbyterian Church (General Synod),1,,,
39,Ohio,E54,"Bible Way Church of Our Lord Jesus Christ World Wide, Inc.",2,680,0.01%,0.01%
39,Ohio,FHW,Biblical Mennonite Alliance,7,678,0.01%,0.01%
39,Ohio,071,"Brethren Church, The (Ashland, Ohio)",24,,,
39,Ohio,075,Brethren In Christ Church,12,,,
39,Ohio,078,"Bulgarian Eastern Orthodox Diocese of the USA, Canada and Australia",2,185,0.00%,0.00%
39,Ohio,084,Calvary Chapel Fellowship Churches,1,,,
39,Ohio,081,Catholic Church,829,"1,820,233",32.24%,15.43%
39,Ohio,FGS,Chabad Judaism,26,,,
39,Ohio,244,Charis Fellowship,89,,,
39,Ohio,087,Christadelphian,4,,,
39,Ohio,089,Christian and Missionary Alliance,108,"40,751",0.72%,0.35%
39,Ohio,353,Christian Brethren (Open Plymouth Brethren),20,,,
39,Ohio,093,Christian Church (Disciples of Christ),152,"22,144",0.39%,0.19%
39,Ohio,097,Christian Churches and Churches of Christ,441,"127,093",2.25%,1.08%
39,Ohio,F10,Christian Congregation in North America,1,,,
39,Ohio,101,Christian Methodist Episcopal Church,22,"5,105",0.09%,0.04%
39,Ohio,105,Christian Reformed Church in North America,6,411,0.01%,0.00%
39,Ohio,110,"Church of Christ (Holiness), U.S.A.",3,,,
39,Ohio,143,"Church of Christ, Mennonite",4,720,0.01%,0.01%
39,Ohio,111,"Church of Christ, Scientist",11,,,
39,Ohio,F53,Church of God,3,,,
39,Ohio,123,"Church of God (Anderson, Indiana)",197,"53,286",0.94%,0.45%
39,Ohio,127,"Church of God (Cleveland, Tennessee)",209,"41,840",0.74%,0.35%
39,Ohio,133,Church of God (Seventh Day),1,,,
39,Ohio,C22,Church of God and Saints of Christ,2,,,
39,Ohio,121,Church of God General Conference,7,264,0.00%,0.00%
39,Ohio,141,Church of God in Christ,132,"31,933",0.57%,0.27%
39,Ohio,145,Church of God of Prophecy,40,,,
39,Ohio,146,"Church of God, Mountain Assembly, Inc.",22,,,
39,Ohio,151,Church of Jesus Christ of Latter-day Saints,127,"62,623",1.11%,0.53%
39,Ohio,149,"Church of Jesus Christ, The (Bickertonites)",7,,,
39,Ohio,155,"Church of Our Lord Jesus Christ of the Apostolic Faith, Inc.",12,"2,160",0.04%,0.02%
39,Ohio,157,Church of the Brethren,87,"9,427",0.17%,0.08%
39,Ohio,FFK,Church of the Genuine Orthodox Christians,2,70,0.00%,0.00%
39,Ohio,A47,Church of the Living God (Christian Workers for Fellowship),2,,,
39,Ohio,D59,Church of the Living God: Pillar and Ground of the Truth,4,,,
39,Ohio,163,Church of the Lutheran Brethren of America,1,,,
39,Ohio,165,Church of the Nazarene,343,"89,086",1.58%,0.76%
39,Ohio,438,Church of the United Brethren in Christ USA,40,"4,576",0.08%,0.04%
39,Ohio,167,Churches of Christ,372,"39,255",0.70%,0.33%
39,Ohio,168,Churches of Christ in Christian Union,129,,,
39,Ohio,171,"Churches of God, General Conference",33,"3,152",0.06%,0.03%
39,Ohio,172,Communion of Reformed Evangelical Churches,2,,,
39,Ohio,173,Community of Christ,28,,,
39,Ohio,181,Conservative Congregational Christian Conference,24,"3,837",0.07%,0.03%
39,Ohio,270,Conservative Judaism,12,"13,550",0.24%,0.11%
39,Ohio,183,Conservative Mennonite Conference,24,"4,533",0.08%,0.04%
39,Ohio,390,Conservative Yearly Meeting of Friends,5,461,0.01%,0.00%
39,Ohio,057,Converge Worldwide / Baptist General Conference,25,,,
39,Ohio,186,Coptic Orthodox Church,5,"2,780",0.05%,0.02%
39,Ohio,FF6,Covenant Presbyterian Church,1,,,
39,Ohio,187,Cumberland Presbyterian Church in America,2,360,0.01%,0.00%
39,Ohio,FFT,Dunkard Brethren Church,3,289,0.01%,0.00%
39,Ohio,286,Eastern Pennsylvania Mennonite Church,2,217,0.00%,0.00%
39,Ohio,FFW,ECO: A Covenant Order of Presbyterians,13,,,
39,Ohio,190,Elim Fellowship,3,,,
39,Ohio,193,Episcopal Church,156,"33,171",0.59%,0.28%
39,Ohio,FG8,Episcopal Missionary Church,1,,,
39,Ohio,202,Eritrean Orthodox,4,"2,588",0.05%,0.02%
39,Ohio,204,Ethiopian Orthodox,8,"5,980",0.11%,0.05%
39,Ohio,198,"Evangelical Association of Reformed, and Congregational Christian Churches",11,,,
39,Ohio,197,"Evangelical Church, The",2,93,0.00%,0.00%
39,Ohio,199,Evangelical Congregational Church,5,,,
39,Ohio,201,Evangelical Covenant Church,17,"2,516",0.04%,0.02%
39,Ohio,203,Evangelical Free Church of America,28,,,
39,Ohio,328,Evangelical Friends Church International,46,"14,892",0.26%,0.13%
39,Ohio,207,Evangelical Lutheran Church in America,506,"163,671",2.90%,1.39%
39,Ohio,FFF,Evangelical Lutheran Conference and Ministerium of North America,1,,,
39,Ohio,209,Evangelical Lutheran Synod,3,516,0.01%,0.00%
39,Ohio,215,Evangelical Methodist Church,1,,,
39,Ohio,216,Evangelical Presbyterian Church,30,,,
39,Ohio,FGP,Every Nation,1,,,
39,Ohio,210,Federation of Reformed Churches,2,,,
39,Ohio,213,Fellowship of Evangelical Churches,13,"2,042",0.04%,0.02%
39,Ohio,346,Fire-Baptized Holiness Church of the Americas,2,,,
39,Ohio,263,"Foursquare Gospel, International Church of the",33,"3,726",0.07%,0.03%
39,Ohio,221,Free Methodist Church--USA,19,"1,616",0.03%,0.01%
39,Ohio,391,Friends General Conference,16,593,0.01%,0.01%
39,Ohio,393,"Friends General Conference and Friends United Meeting, dually aligned meetings",2,51,0.00%,0.00%
39,Ohio,225,Friends United Meeting,19,760,0.01%,0.01%
39,Ohio,232,Full Gospel Baptist Church Fellowship,13,"2,236",0.04%,0.02%
39,Ohio,FFR,Full Gospel Christian Assemblies International,31,"5,798",0.10%,0.05%
39,Ohio,231,General Association of General Baptists,1,70,0.00%,0.00%
39,Ohio,388,General Association of Regular Baptist Churches,106,,,
39,Ohio,233,General Church of the New Jerusalem,2,,,
39,Ohio,FGM,Grace Communion International,10,,,
39,Ohio,243,Grace Gospel Fellowship,9,,,
39,Ohio,246,Greek Orthodox Archdiocese of America,23,"17,855",0.32%,0.15%
39,Ohio,FDX,Haven Mennonite Fellowship,2,280,0.00%,0.00%
39,Ohio,FGD,Higher Ground Always Abounding Assemblies,24,,,
39,Ohio,895,Hindu Temples,12,"22,802",0.40%,0.19%
39,Ohio,896,Hindu Yoga and Meditation,28,"6,263",0.11%,0.05%
39,Ohio,FHQ,Hoover Old Order Mennonite Church,1,187,0.00%,0.00%
39,Ohio,FGR,Independent Judaism,2,0,0.00%,0.00%
39,Ohio,FFX,Indian Bottom Association of Old Regular Baptists,1,89,0.00%,0.00%
39,Ohio,264,International Churches of Christ,6,935,0.02%,0.01%
39,Ohio,262,International Council of Community Churches,5,,,
39,Ohio,256,International Fellowship of Bible Churches,1,,,
39,Ohio,260,International Fellowship of Christian Assemblies,7,,,
39,Ohio,265,International Pentecostal Church of Christ,17,,,
39,Ohio,268,Jain,5,,,
39,Ohio,272,Jehovah's Witnesses,313,"79,018",1.40%,0.67%
39,Ohio,F26,Kentucky Christian Conference,7,,,
39,Ohio,283,Lutheran Church--Missouri Synod,180,"49,080",0.87%,0.42%
39,Ohio,255,Lutheran Congregations in Mission for Christ,33,"8,434",0.15%,0.07%
39,Ohio,330,Macedonian Orthodox Church: American Diocese,4,"1,625",0.03%,0.01%
39,Ohio,890,Mahayana Buddhist,17,"7,463",0.13%,0.06%
39,Ohio,334,Malankara Archdiocese of the Syrian Orthodox Church in North America,1,20,0.00%,0.00%
39,Ohio,333,Malankara Orthodox Syrian Church,2,102,0.00%,0.00%
39,Ohio,282,Mennonite Christian Fellowship,2,189,0.00%,0.00%
39,Ohio,288,Mennonite Church USA,47,"7,356",0.13%,0.06%
39,Ohio,290,Metropolitan Community Churches,4,51,0.00%,0.00%
39,Ohio,FD1,Midwest Mennonite Fellowship,5,535,0.01%,0.00%
39,Ohio,291,Missionary Church,33,"2,984",0.05%,0.03%
39,Ohio,293,Moravian Church in America--Northern Province,7,"1,393",0.02%,0.01%
39,Ohio,267,Muslim Estimate,94,"120,077",2.13%,1.02%
39,Ohio,175,National Association of Congregational Christian Churches,20,"2,749",0.05%,0.02%
39,Ohio,223,National Association of Free Will Baptists,124,"8,371",0.15%,0.07%
39,Ohio,301,"National Baptist Convention of America, Inc.",7,"2,748",0.05%,0.02%
39,Ohio,300,"National Baptist Convention, USA, Inc.",123,"69,033",1.22%,0.59%
39,Ohio,302,"National Missionary Baptist Convention, Inc.",297,"112,904",2.00%,0.96%
39,Ohio,303,National Spiritualist Association of Churches,1,,,
39,Ohio,F31,Nationwide Fellowship Mennonite Churches,7,731,0.01%,0.01%
39,Ohio,FHP,Nazarene Christian Congregation (Side A or B),2,181,0.00%,0.00%
39,Ohio,309,New Apostolic Church USA,12,,,
39,Ohio,500,Non-denominational Christian Churches,"1,867","1,411,863",25.01%,11.97%
39,Ohio,313,North American Baptist Conference,6,,,
39,Ohio,314,North American Lutheran Church,56,,,
39,Ohio,FD2,Northeastern Mennonite Conference,1,80,0.00%,0.00%
39,Ohio,FFY,Northern New Salem Association of Old Regular Baptists,12,201,0.00%,0.00%
39,Ohio,FHS,Old Brethren (California),1,32,0.00%,0.00%
39,Ohio,FHT,Old Brethren (Goshen),1,104,0.00%,0.00%
39,Ohio,FF2,Old German Baptist Brethren,13,"1,244",0.02%,0.01%
39,Ohio,F35,"Old German Baptist Brethren, New Conference",12,"1,369",0.02%,0.01%
39,Ohio,C51,Old Order German Baptist Church,3,279,0.00%,0.00%
39,Ohio,329,Open Bible Churches,19,"1,726",0.03%,0.01%
39,Ohio,331,Orthodox Church in America,35,"6,125",0.11%,0.05%
39,Ohio,276,Orthodox Judaism,20,"17,880",0.32%,0.15%
39,Ohio,335,Orthodox Presbyterian Church,12,,,
39,Ohio,400,Patriarchal Parishes of the Russian Orthodox Church in the USA,1,40,0.00%,0.00%
39,Ohio,D71,Pentecostal Assemblies of the World,8,"7,654",0.14%,0.06%
39,Ohio,339,Pentecostal Church of God,30,,,
39,Ohio,F38,Pilgrim Mennonite Conference,1,157,0.00%,0.00%
39,Ohio,350,Pillar Ministries,1,,,
39,Ohio,352,Polish National Catholic Church,1,,,
39,Ohio,355,Presbyterian Church (U.S.A.),462,"66,104",1.17%,0.56%
39,Ohio,356,Presbyterian Church in America,26,"3,687",0.07%,0.03%
39,Ohio,361,Primitive Baptists Associations,14,"1,166",0.02%,0.01%
39,Ohio,362,"Primitive Baptists, Eastern District Association of",4,687,0.01%,0.01%
39,Ohio,363,Primitive Methodist Church in the USA,2,,,
39,Ohio,364,"Progressive National Baptist Convention, Inc.",13,"7,074",0.13%,0.06%
39,Ohio,275,Reconstructionist Judaism,3,556,0.01%,0.00%
39,Ohio,271,Reform Judaism,24,"24,066",0.43%,0.20%
39,Ohio,F41,Reformed Baptist Network,2,,,
39,Ohio,371,Reformed Church in America,9,"2,508",0.04%,0.02%
39,Ohio,373,Reformed Church in the United States,1,98,0.00%,0.00%
39,Ohio,375,Reformed Episcopal Church,2,,,
39,Ohio,379,Reformed Mennonite Church,2,31,0.00%,0.00%
39,Ohio,383,Reformed Presbyterian Church of North America,3,111,0.00%,0.00%
39,Ohio,FHG,Remnant: Charity Ministries and related,5,,,
39,Ohio,FF5,Riverdale Old Order (Virginia) Mennonite Conference,1,105,0.00%,0.00%
39,Ohio,395,Romanian Orthodox Archdiocese in Americas,1,400,0.01%,0.00%
39,Ohio,401,Russian Orthodox Church Outside of Russia,4,"1,290",0.02%,0.01%
39,Ohio,403,Salvation Army,60,"9,288",0.16%,0.08%
39,Ohio,410,Serbian Orthodox Church in North America,13,"4,037",0.07%,0.03%
39,Ohio,415,"Seventh Day Baptist General Conference, USA and Canada",1,41,0.00%,0.00%
39,Ohio,413,Seventh-day Adventist Church,149,"25,966",0.46%,0.22%
39,Ohio,419,Southern Baptist Convention,740,"132,633",2.35%,1.12%
39,Ohio,F51,Sovereign Grace Churches,2,,,
39,Ohio,FHV,Stauffer Mennonite (independent groups),1,39,0.00%,0.00%
39,Ohio,414,Stauffer Mennonite Church,2,566,0.01%,0.00%
39,Ohio,239,Swedenborgian Church,3,59,0.00%,0.00%
39,Ohio,F54,The local churches,7,,,
39,Ohio,891,Theravada Buddhist,12,"3,567",0.06%,0.03%
39,Ohio,431,Ukrainian Orthodox Church of the USA,4,940,0.02%,0.01%
39,Ohio,432,Unaffiliated Amish-Mennonite (Conservative),2,168,0.00%,0.00%
39,Ohio,FHF,Unaffiliated Conservative Mennonite,13,"2,237",0.04%,0.02%
39,Ohio,FHR,Unaffiliated Mennonite (Wisler Christian Fellowship),1,164,0.00%,0.00%
39,Ohio,FER,Unification Church,2,,,
39,Ohio,437,Union of Messianic Jewish Congregations,1,,,
39,Ohio,435,Unitarian Universalist Association of Congregations,35,"5,410",0.10%,0.05%
39,Ohio,443,United Church of Christ,325,"90,042",1.59%,0.76%
39,Ohio,FGN,United Church of God,11,,,
39,Ohio,445,"United Holy Church of America, Inc.",19,768,0.01%,0.01%
39,Ohio,F58,United House of Prayer,4,680,0.01%,0.01%
39,Ohio,449,United Methodist Church,"1,659","336,720",5.96%,2.85%
39,Ohio,454,United Pentecostal Church International,131,,,
39,Ohio,455,United Reformed Churches in North America,1,96,0.00%,0.00%
39,Ohio,124,"Unity Churches, Association of",20,,,
39,Ohio,892,Vajarayana Buddhist,10,"3,480",0.06%,0.03%
39,Ohio,462,Vedanta Society,1,,,
39,Ohio,179,Venture Church Network,7,,,
39,Ohio,463,Vineyard USA,52,"26,876",0.48%,0.23%
39,Ohio,FD7,Washington-Franklin Mennonite Conference,1,147,0.00%,0.00%
39,Ohio,FJ3,Weaverland Mennonite Conference,0,3,0.00%,0.00%
39,Ohio,467,Wesleyan Church,70,"13,060",0.23%,0.11%
39,Ohio,469,Wisconsin Evangelical Lutheran Synod,18,"3,965",0.07%,0.03%
39,Ohio,FD9,Wisler Mennonite Conference (Ohio),5,644,0.01%,0.01%
39,Ohio,FE1,Wisler Mennonite Conference (Ohio-Indiana),3,424,0.01%,0.00%
39,Ohio,490,Zoroastrian,2,,,
40,Oklahoma,001,Advent Christian Church,2,50,0.00%,0.00%
40,Oklahoma,003,African Methodist Episcopal Church,45,"8,224",0.34%,0.21%
40,Oklahoma,005,African Methodist Episcopal Zion Church,5,808,0.03%,0.02%
40,Oklahoma,012,Alliance of Baptists,1,,,
40,Oklahoma,017,American Baptist Association,45,"9,338",0.39%,0.24%
40,Oklahoma,019,American Baptist Churches in the USA,15,"1,890",0.08%,0.05%
40,Oklahoma,416,American Sikh Council,1,,,
40,Oklahoma,031,"Amish Groups, undifferentiated",10,645,0.03%,0.02%
40,Oklahoma,033,Anglican Church in North America,6,,,
40,Oklahoma,FG2,Anglican Province of Christ the King,2,,,
40,Oklahoma,034,"Antiochian Orthodox Christian Archdiocese of North America, The",4,"1,453",0.06%,0.04%
40,Oklahoma,053,Assemblies of God,485,"104,685",4.32%,2.64%
40,Oklahoma,055,Associate Reformed Presbyterian Church,2,,,
40,Oklahoma,220,Association of Free Lutheran Congregations,2,110,0.00%,0.00%
40,Oklahoma,056,Baha'i Faith USA,6,"1,930",0.08%,0.05%
40,Oklahoma,059,Baptist Missionary Association of America,38,,,
40,Oklahoma,061,Beachy Amish-Mennonite Churches,1,28,0.00%,0.00%
40,Oklahoma,FDT,Bethel Fellowship Mennonite Churches,1,200,0.01%,0.01%
40,Oklahoma,217,Bible Holiness Church,4,,,
40,Oklahoma,FE8,Bible Methodist Connection,5,,,
40,Oklahoma,FHW,Biblical Mennonite Alliance,1,55,0.00%,0.00%
40,Oklahoma,075,Brethren In Christ Church,2,,,
40,Oklahoma,081,Catholic Church,187,"273,799",11.30%,6.92%
40,Oklahoma,087,Christadelphian,2,,,
40,Oklahoma,089,Christian and Missionary Alliance,11,"1,406",0.06%,0.04%
40,Oklahoma,353,Christian Brethren (Open Plymouth Brethren),8,,,
40,Oklahoma,093,Christian Church (Disciples of Christ),149,"18,822",0.78%,0.48%
40,Oklahoma,097,Christian Churches and Churches of Christ,164,"30,774",1.27%,0.78%
40,Oklahoma,101,Christian Methodist Episcopal Church,25,"3,774",0.16%,0.10%
40,Oklahoma,F13,Church of Christ,1,,,
40,Oklahoma,143,"Church of Christ, Mennonite",7,951,0.04%,0.02%
40,Oklahoma,111,"Church of Christ, Scientist",2,,,
40,Oklahoma,F53,Church of God,5,,,
40,Oklahoma,123,"Church of God (Anderson, Indiana)",40,"31,142",1.29%,0.79%
40,Oklahoma,127,"Church of God (Cleveland, Tennessee)",65,"5,747",0.24%,0.15%
40,Oklahoma,133,Church of God (Seventh Day),8,,,
40,Oklahoma,141,Church of God in Christ,40,"8,166",0.34%,0.21%
40,Oklahoma,145,Church of God of Prophecy,25,,,
40,Oklahoma,120,"Church of God of the Apostolic Faith, Inc.",12,,,
40,Oklahoma,151,Church of Jesus Christ of Latter-day Saints,94,"49,227",2.03%,1.24%
40,Oklahoma,157,Church of the Brethren,4,411,0.02%,0.01%
40,Oklahoma,FFK,Church of the Genuine Orthodox Christians,1,60,0.00%,0.00%
40,Oklahoma,A47,Church of the Living God (Christian Workers for Fellowship),20,,,
40,Oklahoma,165,Church of the Nazarene,179,"32,848",1.36%,0.83%
40,Oklahoma,167,Churches of Christ,557,"69,894",2.89%,1.77%
40,Oklahoma,171,"Churches of God, General Conference",8,361,0.01%,0.01%
40,Oklahoma,172,Communion of Reformed Evangelical Churches,1,,,
40,Oklahoma,173,Community of Christ,22,,,
40,Oklahoma,180,Congregational Methodist Church,1,,,
40,Oklahoma,270,Conservative Judaism,2,"1,755",0.07%,0.04%
40,Oklahoma,183,Conservative Mennonite Conference,2,209,0.01%,0.01%
40,Oklahoma,390,Conservative Yearly Meeting of Friends,1,21,0.00%,0.00%
40,Oklahoma,186,Coptic Orthodox Church,3,170,0.01%,0.00%
40,Oklahoma,185,Cumberland Presbyterian,14,846,0.03%,0.02%
40,Oklahoma,187,Cumberland Presbyterian Church in America,1,76,0.00%,0.00%
40,Oklahoma,FFW,ECO: A Covenant Order of Presbyterians,1,,,
40,Oklahoma,FFP,Ecumenical Catholic Communion,1,38,0.00%,0.00%
40,Oklahoma,190,Elim Fellowship,1,,,
40,Oklahoma,193,Episcopal Church,69,"14,605",0.60%,0.37%
40,Oklahoma,204,Ethiopian Orthodox,1,185,0.01%,0.00%
40,Oklahoma,198,"Evangelical Association of Reformed, and Congregational Christian Churches",1,,,
40,Oklahoma,201,Evangelical Covenant Church,4,"9,383",0.39%,0.24%
40,Oklahoma,203,Evangelical Free Church of America,5,,,
40,Oklahoma,328,Evangelical Friends Church International,9,550,0.02%,0.01%
40,Oklahoma,207,Evangelical Lutheran Church in America,31,"4,616",0.19%,0.12%
40,Oklahoma,215,Evangelical Methodist Church,1,,,
40,Oklahoma,216,Evangelical Presbyterian Church,5,,,
40,Oklahoma,211,Fellowship of Evangelical Bible Churches,2,,,
40,Oklahoma,263,"Foursquare Gospel, International Church of the",15,"2,930",0.12%,0.07%
40,Oklahoma,221,Free Methodist Church--USA,19,639,0.03%,0.02%
40,Oklahoma,391,Friends General Conference,5,102,0.00%,0.00%
40,Oklahoma,225,Friends United Meeting,2,243,0.01%,0.01%
40,Oklahoma,F23,Full Gospel Assemblies International,3,,,
40,Oklahoma,232,Full Gospel Baptist Church Fellowship,32,"4,914",0.20%,0.12%
40,Oklahoma,FFR,Full Gospel Christian Assemblies International,15,"2,476",0.10%,0.06%
40,Oklahoma,388,General Association of Regular Baptist Churches,2,,,
40,Oklahoma,FGM,Grace Communion International,2,,,
40,Oklahoma,243,Grace Gospel Fellowship,2,,,
40,Oklahoma,246,Greek Orthodox Archdiocese of America,2,525,0.02%,0.01%
40,Oklahoma,895,Hindu Temples,3,"4,730",0.20%,0.12%
40,Oklahoma,896,Hindu Yoga and Meditation,11,"1,200",0.05%,0.03%
40,Oklahoma,247,"Holiness Church Of God, Inc., The",1,,,
40,Oklahoma,264,International Churches of Christ,2,210,0.01%,0.01%
40,Oklahoma,256,International Fellowship of Bible Churches,1,,,
40,Oklahoma,268,Jain,1,,,
40,Oklahoma,272,Jehovah's Witnesses,134,"27,530",1.14%,0.70%
40,Oklahoma,283,Lutheran Church--Missouri Synod,80,"16,829",0.69%,0.43%
40,Oklahoma,255,Lutheran Congregations in Mission for Christ,1,160,0.01%,0.00%
40,Oklahoma,890,Mahayana Buddhist,3,"2,078",0.09%,0.05%
40,Oklahoma,334,Malankara Archdiocese of the Syrian Orthodox Church in North America,1,112,0.00%,0.00%
40,Oklahoma,F28,Malankara Mar Thoma Church,1,81,0.00%,0.00%
40,Oklahoma,333,Malankara Orthodox Syrian Church,1,171,0.01%,0.00%
40,Oklahoma,288,Mennonite Church USA,6,208,0.01%,0.01%
40,Oklahoma,267,Muslim Estimate,16,"15,290",0.63%,0.39%
40,Oklahoma,223,National Association of Free Will Baptists,192,"22,048",0.91%,0.56%
40,Oklahoma,301,"National Baptist Convention of America, Inc.",6,"2,428",0.10%,0.06%
40,Oklahoma,300,"National Baptist Convention, USA, Inc.",37,"17,012",0.70%,0.43%
40,Oklahoma,302,"National Missionary Baptist Convention, Inc.",100,"18,902",0.78%,0.48%
40,Oklahoma,309,New Apostolic Church USA,1,,,
40,Oklahoma,500,Non-denominational Christian Churches,"1,108","514,532",21.24%,13.00%
40,Oklahoma,313,North American Baptist Conference,4,,,
40,Oklahoma,314,North American Lutheran Church,1,,,
40,Oklahoma,F35,"Old German Baptist Brethren, New Conference",0,2,0.00%,0.00%
40,Oklahoma,331,Orthodox Church in America,3,173,0.01%,0.00%
40,Oklahoma,335,Orthodox Presbyterian Church,2,,,
40,Oklahoma,D71,Pentecostal Assemblies of the World,2,"1,000",0.04%,0.03%
40,Oklahoma,339,Pentecostal Church of God,69,,,
40,Oklahoma,355,Presbyterian Church (U.S.A.),113,"14,909",0.62%,0.38%
40,Oklahoma,356,Presbyterian Church in America,17,"2,048",0.08%,0.05%
40,Oklahoma,361,Primitive Baptists Associations,3,189,0.01%,0.00%
40,Oklahoma,363,Primitive Methodist Church in the USA,1,,,
40,Oklahoma,364,"Progressive National Baptist Convention, Inc.",11,"3,803",0.16%,0.10%
40,Oklahoma,271,Reform Judaism,3,"1,641",0.07%,0.04%
40,Oklahoma,F41,Reformed Baptist Network,1,,,
40,Oklahoma,371,Reformed Church in America,3,524,0.02%,0.01%
40,Oklahoma,375,Reformed Episcopal Church,1,,,
40,Oklahoma,383,Reformed Presbyterian Church of North America,1,82,0.00%,0.00%
40,Oklahoma,FHG,Remnant: Charity Ministries and related,1,,,
40,Oklahoma,401,Russian Orthodox Church Outside of Russia,2,172,0.01%,0.00%
40,Oklahoma,403,Salvation Army,15,"1,843",0.08%,0.05%
40,Oklahoma,413,Seventh-day Adventist Church,89,"11,091",0.46%,0.28%
40,Oklahoma,419,Southern Baptist Convention,"1,781","775,607",32.02%,19.59%
40,Oklahoma,F54,The local churches,5,,,
40,Oklahoma,891,Theravada Buddhist,7,"3,707",0.15%,0.09%
40,Oklahoma,431,Ukrainian Orthodox Church of the USA,1,90,0.00%,0.00%
40,Oklahoma,FHF,Unaffiliated Conservative Mennonite,1,130,0.01%,0.00%
40,Oklahoma,FER,Unification Church,1,,,
40,Oklahoma,435,Unitarian Universalist Association of Congregations,10,"3,937",0.16%,0.10%
40,Oklahoma,443,United Church of Christ,13,"2,363",0.10%,0.06%
40,Oklahoma,FGN,United Church of God,3,,,
40,Oklahoma,449,United Methodist Church,550,"247,277",10.21%,6.25%
40,Oklahoma,454,United Pentecostal Church International,127,,,
40,Oklahoma,124,"Unity Churches, Association of",3,,,
40,Oklahoma,237,US Conference of Mennonite Brethren Churches,15,"2,980",0.12%,0.08%
40,Oklahoma,892,Vajarayana Buddhist,1,80,0.00%,0.00%
40,Oklahoma,179,Venture Church Network,1,,,
40,Oklahoma,463,Vineyard USA,4,436,0.02%,0.01%
40,Oklahoma,467,Wesleyan Church,17,"2,784",0.11%,0.07%
40,Oklahoma,469,Wisconsin Evangelical Lutheran Synod,4,653,0.03%,0.02%
41,Oregon,001,Advent Christian Church,2,71,0.01%,0.00%
41,Oregon,003,African Methodist Episcopal Church,2,730,0.05%,0.02%
41,Oregon,005,African Methodist Episcopal Zion Church,2,392,0.03%,0.01%
41,Oregon,017,American Baptist Association,15,"2,614",0.19%,0.06%
41,Oregon,019,American Baptist Churches in the USA,38,"6,344",0.45%,0.15%
41,Oregon,416,American Sikh Council,4,,,
41,Oregon,FG4,Anglican Church in America,1,,,
41,Oregon,033,Anglican Church in North America,6,,,
41,Oregon,FG3,Anglican Province of America,2,,,
41,Oregon,FG2,Anglican Province of Christ the King,3,,,
41,Oregon,034,"Antiochian Orthodox Christian Archdiocese of North America, The",1,500,0.04%,0.01%
41,Oregon,FF8,Apostolic Christian Church (Nazarene) - West Conference,1,78,0.01%,0.00%
41,Oregon,040,Apostolic Christian Church of America,2,468,0.03%,0.01%
41,Oregon,FEX,Apostolic Christian Faith,1,110,0.01%,0.00%
41,Oregon,042,"Apostolic Faith Mission of Portland, OR",5,,,
41,Oregon,045,Apostolic Lutheran Church of America,3,,,
41,Oregon,050,Armenian Church of North America (Catholicosate of Etchmiadzin),1,800,0.06%,0.02%
41,Oregon,053,Assemblies of God,211,"45,505",3.24%,1.07%
41,Oregon,220,Association of Free Lutheran Congregations,3,310,0.02%,0.01%
41,Oregon,056,Baha'i Faith USA,37,"5,653",0.40%,0.13%
41,Oregon,059,Baptist Missionary Association of America,4,,,
41,Oregon,063,Berean Fellowship of Churches,1,,,
41,Oregon,217,Bible Holiness Church,1,,,
41,Oregon,069,Bible Presbyterian Church (General Synod),1,,,
41,Oregon,FHW,Biblical Mennonite Alliance,1,38,0.00%,0.00%
41,Oregon,075,Brethren In Christ Church,3,,,
41,Oregon,084,Calvary Chapel Fellowship Churches,11,,,
41,Oregon,FFM,Catholic Apostolic Church in North America,1,,,
41,Oregon,081,Catholic Church,204,"480,618",34.18%,11.34%
41,Oregon,FGS,Chabad Judaism,17,,,
41,Oregon,087,Christadelphian,4,,,
41,Oregon,089,Christian and Missionary Alliance,27,"11,437",0.81%,0.27%
41,Oregon,FDU,Christian Apostolic Church,1,40,0.00%,0.00%
41,Oregon,353,Christian Brethren (Open Plymouth Brethren),16,,,
41,Oregon,093,Christian Church (Disciples of Christ),38,"5,206",0.37%,0.12%
41,Oregon,097,Christian Churches and Churches of Christ,137,"32,878",2.34%,0.78%
41,Oregon,101,Christian Methodist Episcopal Church,3,540,0.04%,0.01%
41,Oregon,105,Christian Reformed Church in North America,6,810,0.06%,0.02%
41,Oregon,143,"Church of Christ, Mennonite",4,486,0.03%,0.01%
41,Oregon,111,"Church of Christ, Scientist",7,,,
41,Oregon,F53,Church of God,2,,,
41,Oregon,123,"Church of God (Anderson, Indiana)",43,"8,308",0.59%,0.20%
41,Oregon,127,"Church of God (Cleveland, Tennessee)",37,"2,313",0.16%,0.05%
41,Oregon,133,Church of God (Seventh Day),5,,,
41,Oregon,141,Church of God in Christ,14,"3,430",0.24%,0.08%
41,Oregon,145,Church of God of Prophecy,23,,,
41,Oregon,120,"Church of God of the Apostolic Faith, Inc.",1,,,
41,Oregon,151,Church of Jesus Christ of Latter-day Saints,309,"153,540",10.92%,3.62%
41,Oregon,155,"Church of Our Lord Jesus Christ of the Apostolic Faith, Inc.",2,360,0.03%,0.01%
41,Oregon,157,Church of the Brethren,4,258,0.02%,0.01%
41,Oregon,FFK,Church of the Genuine Orthodox Christians,1,70,0.00%,0.00%
41,Oregon,A47,Church of the Living God (Christian Workers for Fellowship),1,,,
41,Oregon,163,Church of the Lutheran Brethren of America,1,,,
41,Oregon,165,Church of the Nazarene,100,"17,800",1.27%,0.42%
41,Oregon,438,Church of the United Brethren in Christ USA,1,21,0.00%,0.00%
41,Oregon,167,Churches of Christ,99,"8,553",0.61%,0.20%
41,Oregon,172,Communion of Reformed Evangelical Churches,4,,,
41,Oregon,173,Community of Christ,10,,,
41,Oregon,FFG,Concordia Lutheran Conference,1,,,
41,Oregon,270,Conservative Judaism,2,"2,940",0.21%,0.07%
41,Oregon,183,Conservative Mennonite Conference,1,325,0.02%,0.01%
41,Oregon,057,Converge Worldwide / Baptist General Conference,15,,,
41,Oregon,186,Coptic Orthodox Church,1,550,0.04%,0.01%
41,Oregon,FHX,Dariusleut Hutterite,1,73,0.01%,0.00%
41,Oregon,FFT,Dunkard Brethren Church,0,1,0.00%,0.00%
41,Oregon,FFW,ECO: A Covenant Order of Presbyterians,6,,,
41,Oregon,193,Episcopal Church,91,"15,263",1.09%,0.36%
41,Oregon,FG8,Episcopal Missionary Church,1,,,
41,Oregon,202,Eritrean Orthodox,2,990,0.07%,0.02%
41,Oregon,204,Ethiopian Orthodox,4,895,0.06%,0.02%
41,Oregon,197,"Evangelical Church, The",39,"3,095",0.22%,0.07%
41,Oregon,201,Evangelical Covenant Church,21,"2,492",0.18%,0.06%
41,Oregon,203,Evangelical Free Church of America,11,,,
41,Oregon,328,Evangelical Friends Church International,18,"2,204",0.16%,0.05%
41,Oregon,207,Evangelical Lutheran Church in America,110,"26,406",1.88%,0.62%
41,Oregon,FFE,Evangelical Lutheran Diocese of North America,1,,,
41,Oregon,209,Evangelical Lutheran Synod,11,399,0.03%,0.01%
41,Oregon,215,Evangelical Methodist Church,3,,,
41,Oregon,216,Evangelical Presbyterian Church,11,,,
41,Oregon,FGP,Every Nation,3,,,
41,Oregon,211,Fellowship of Evangelical Bible Churches,1,,,
41,Oregon,263,"Foursquare Gospel, International Church of the",93,"22,762",1.62%,0.54%
41,Oregon,221,Free Methodist Church--USA,18,"1,479",0.11%,0.03%
41,Oregon,232,Full Gospel Baptist Church Fellowship,10,"1,746",0.12%,0.04%
41,Oregon,FFR,Full Gospel Christian Assemblies International,9,"1,360",0.10%,0.03%
41,Oregon,388,General Association of Regular Baptist Churches,10,,,
41,Oregon,233,General Church of the New Jerusalem,1,,,
41,Oregon,FHN,German Apostolic / Christian Apostolic Churches,2,240,0.02%,0.01%
41,Oregon,FGM,Grace Communion International,4,,,
41,Oregon,243,Grace Gospel Fellowship,2,,,
41,Oregon,246,Greek Orthodox Archdiocese of America,5,"2,520",0.18%,0.06%
41,Oregon,895,Hindu Temples,1,"15,000",1.07%,0.35%
41,Oregon,896,Hindu Yoga and Meditation,35,"7,534",0.54%,0.18%
41,Oregon,247,"Holiness Church Of God, Inc., The",1,,,
41,Oregon,FGR,Independent Judaism,1,0,0.00%,0.00%
41,Oregon,FFD,Independent Lutheran Diocese,1,10,0.00%,0.00%
41,Oregon,338,Independent Yearly Meetings of Friends,19,830,0.06%,0.02%
41,Oregon,264,International Churches of Christ,6,154,0.01%,0.00%
41,Oregon,FE9,International Communion of the Charismatic Episcopal Church,1,,,
41,Oregon,256,International Fellowship of Bible Churches,1,,,
41,Oregon,268,Jain,1,,,
41,Oregon,272,Jehovah's Witnesses,222,"56,210",4.00%,1.33%
41,Oregon,283,Lutheran Church--Missouri Synod,87,"12,659",0.90%,0.30%
41,Oregon,255,Lutheran Congregations in Mission for Christ,8,"1,808",0.13%,0.04%
41,Oregon,890,Mahayana Buddhist,15,"8,227",0.59%,0.19%
41,Oregon,334,Malankara Archdiocese of the Syrian Orthodox Church in North America,1,25,0.00%,0.00%
41,Oregon,288,Mennonite Church USA,17,"1,288",0.09%,0.03%
41,Oregon,290,Metropolitan Community Churches,1,95,0.01%,0.00%
41,Oregon,291,Missionary Church,4,93,0.01%,0.00%
41,Oregon,267,Muslim Estimate,17,"4,934",0.35%,0.12%
41,Oregon,175,National Association of Congregational Christian Churches,2,88,0.01%,0.00%
41,Oregon,223,National Association of Free Will Baptists,3,105,0.01%,0.00%
41,Oregon,301,"National Baptist Convention of America, Inc.",2,630,0.04%,0.01%
41,Oregon,302,"National Missionary Baptist Convention, Inc.",25,"4,894",0.35%,0.12%
41,Oregon,F31,Nationwide Fellowship Mennonite Churches,1,39,0.00%,0.00%
41,Oregon,309,New Apostolic Church USA,2,,,
41,Oregon,500,Non-denominational Christian Churches,706,"280,548",19.95%,6.62%
41,Oregon,313,North American Baptist Conference,9,,,
41,Oregon,314,North American Lutheran Church,4,,,
41,Oregon,FHS,Old Brethren (California),0,1,0.00%,0.00%
41,Oregon,F35,"Old German Baptist Brethren, New Conference",1,115,0.01%,0.00%
41,Oregon,329,Open Bible Churches,21,"5,352",0.38%,0.13%
41,Oregon,331,Orthodox Church in America,9,"1,233",0.09%,0.03%
41,Oregon,276,Orthodox Judaism,5,925,0.07%,0.02%
41,Oregon,335,Orthodox Presbyterian Church,7,,,
41,Oregon,339,Pentecostal Church of God,31,,,
41,Oregon,355,Presbyterian Church (U.S.A.),103,"13,880",0.99%,0.33%
41,Oregon,356,Presbyterian Church in America,10,648,0.05%,0.02%
41,Oregon,275,Reconstructionist Judaism,5,"3,346",0.24%,0.08%
41,Oregon,271,Reform Judaism,4,"2,872",0.20%,0.07%
41,Oregon,371,Reformed Church in America,2,67,0.00%,0.00%
41,Oregon,FHG,Remnant: Charity Ministries and related,1,,,
41,Oregon,401,Russian Orthodox Church Outside of Russia,3,380,0.03%,0.01%
41,Oregon,403,Salvation Army,17,"1,638",0.12%,0.04%
41,Oregon,410,Serbian Orthodox Church in North America,2,526,0.04%,0.01%
41,Oregon,415,"Seventh Day Baptist General Conference, USA and Canada",1,30,0.00%,0.00%
41,Oregon,413,Seventh-day Adventist Church,155,"41,151",2.93%,0.97%
41,Oregon,419,Southern Baptist Convention,156,"18,102",1.29%,0.43%
41,Oregon,F51,Sovereign Grace Churches,1,,,
41,Oregon,423,Syriac Orthodox Church of Antioch,1,300,0.02%,0.01%
41,Oregon,425,Tao,2,,,
41,Oregon,F54,The local churches,7,,,
41,Oregon,891,Theravada Buddhist,5,"1,974",0.14%,0.05%
41,Oregon,431,Ukrainian Orthodox Church of the USA,1,125,0.01%,0.00%
41,Oregon,FHF,Unaffiliated Conservative Mennonite,2,174,0.01%,0.00%
41,Oregon,389,Unaffiliated Friends Meetings,3,497,0.04%,0.01%
41,Oregon,FER,Unification Church,1,,,
41,Oregon,435,Unitarian Universalist Association of Congregations,21,"4,620",0.33%,0.11%
41,Oregon,443,United Church of Christ,32,"4,743",0.34%,0.11%
41,Oregon,FGN,United Church of God,7,,,
41,Oregon,F58,United House of Prayer,1,100,0.01%,0.00%
41,Oregon,449,United Methodist Church,130,"18,330",1.30%,0.43%
41,Oregon,454,United Pentecostal Church International,48,,,
41,Oregon,455,United Reformed Churches in North America,3,440,0.03%,0.01%
41,Oregon,124,"Unity Churches, Association of",14,,,
41,Oregon,237,US Conference of Mennonite Brethren Churches,12,"5,816",0.41%,0.14%
41,Oregon,892,Vajarayana Buddhist,14,"2,440",0.17%,0.06%
41,Oregon,462,Vedanta Society,1,,,
41,Oregon,179,Venture Church Network,11,,,
41,Oregon,463,Vineyard USA,14,"2,202",0.16%,0.05%
41,Oregon,467,Wesleyan Church,9,"1,021",0.07%,0.02%
41,Oregon,FD8,Western Conservative Mennonite Fellowship,6,682,0.05%,0.02%
41,Oregon,469,Wisconsin Evangelical Lutheran Synod,7,"1,051",0.07%,0.02%
41,Oregon,490,Zoroastrian,1,,,
42,Pennsylvania,003,African Methodist Episcopal Church,132,"30,695",0.50%,0.24%
42,Pennsylvania,005,African Methodist Episcopal Zion Church,50,"7,588",0.12%,0.06%
42,Pennsylvania,FHJ,Agape Christian Fellowship,5,753,0.01%,0.01%
42,Pennsylvania,012,Alliance of Baptists,2,,,
42,Pennsylvania,FG6,American Anglican Church,1,,,
42,Pennsylvania,284,American Association of Lutheran Churches,1,,,
42,Pennsylvania,017,American Baptist Association,6,938,0.02%,0.01%
42,Pennsylvania,019,American Baptist Churches in the USA,397,"126,222",2.07%,0.97%
42,Pennsylvania,022,American Carpatho-Russian Orthodox Diocese,33,"2,872",0.05%,0.02%
42,Pennsylvania,904,American Ethical Union,2,,,
42,Pennsylvania,416,American Sikh Council,8,,,
42,Pennsylvania,031,"Amish Groups, undifferentiated",572,"72,609",1.19%,0.56%
42,Pennsylvania,FFS,Anabaptist Disciples of Christ,1,189,0.00%,0.00%
42,Pennsylvania,F01,Anglican Catholic Church,1,,,
42,Pennsylvania,033,Anglican Church in North America,55,,,
42,Pennsylvania,FG3,Anglican Province of America,2,,,
42,Pennsylvania,034,"Antiochian Orthodox Christian Archdiocese of North America, The",18,"4,191",0.07%,0.03%
42,Pennsylvania,FF8,Apostolic Christian Church (Nazarene) - West Conference,2,43,0.00%,0.00%
42,Pennsylvania,040,Apostolic Christian Church of America,1,53,0.00%,0.00%
42,Pennsylvania,042,"Apostolic Faith Mission of Portland, OR",1,,,
42,Pennsylvania,FEY,Appalachian Mennonite Church,1,179,0.00%,0.00%
42,Pennsylvania,049,Armenian Apostolic Church of America (Catholicosate of Cilicia),1,750,0.01%,0.01%
42,Pennsylvania,050,Armenian Church of North America (Catholicosate of Etchmiadzin),2,"1,100",0.02%,0.01%
42,Pennsylvania,053,Assemblies of God,428,"110,026",1.80%,0.85%
42,Pennsylvania,055,Associate Reformed Presbyterian Church,7,,,
42,Pennsylvania,220,Association of Free Lutheran Congregations,7,"2,752",0.05%,0.02%
42,Pennsylvania,058,Association of Messianic Congregations,1,,,
42,Pennsylvania,056,Baha'i Faith USA,8,"1,995",0.03%,0.02%
42,Pennsylvania,061,Beachy Amish-Mennonite Churches,12,"2,192",0.04%,0.02%
42,Pennsylvania,073,Bible Fellowship Church,50,"12,593",0.21%,0.10%
42,Pennsylvania,FE8,Bible Methodist Connection,4,,,
42,Pennsylvania,069,Bible Presbyterian Church (General Synod),1,,,
42,Pennsylvania,FHW,Biblical Mennonite Alliance,21,"2,124",0.03%,0.02%
42,Pennsylvania,071,"Brethren Church, The (Ashland, Ohio)",16,,,
42,Pennsylvania,075,Brethren In Christ Church,100,,,
42,Pennsylvania,070,"Bruderhof Communities, Inc.",3,510,0.01%,0.00%
42,Pennsylvania,084,Calvary Chapel Fellowship Churches,4,,,
42,Pennsylvania,081,Catholic Church,"1,250","2,845,841",46.67%,21.89%
42,Pennsylvania,FGS,Chabad Judaism,51,,,
42,Pennsylvania,244,Charis Fellowship,49,,,
42,Pennsylvania,087,Christadelphian,5,,,
42,Pennsylvania,089,Christian and Missionary Alliance,235,"46,052",0.76%,0.35%
42,Pennsylvania,353,Christian Brethren (Open Plymouth Brethren),44,,,
42,Pennsylvania,093,Christian Church (Disciples of Christ),52,"4,843",0.08%,0.04%
42,Pennsylvania,097,Christian Churches and Churches of Christ,113,"19,606",0.32%,0.15%
42,Pennsylvania,F10,Christian Congregation in North America,2,,,
42,Pennsylvania,101,Christian Methodist Episcopal Church,8,"2,736",0.04%,0.02%
42,Pennsylvania,105,Christian Reformed Church in North America,8,270,0.00%,0.00%
42,Pennsylvania,143,"Church of Christ, Mennonite",5,944,0.02%,0.01%
42,Pennsylvania,111,"Church of Christ, Scientist",7,,,
42,Pennsylvania,F53,Church of God,7,,,
42,Pennsylvania,123,"Church of God (Anderson, Indiana)",85,"22,436",0.37%,0.17%
42,Pennsylvania,127,"Church of God (Cleveland, Tennessee)",109,"13,432",0.22%,0.10%
42,Pennsylvania,133,Church of God (Seventh Day),2,,,
42,Pennsylvania,C22,Church of God and Saints of Christ,1,,,
42,Pennsylvania,122,"Church of God by Faith, Inc.",3,,,
42,Pennsylvania,141,Church of God in Christ,83,"26,208",0.43%,0.20%
42,Pennsylvania,145,Church of God of Prophecy,29,,,
42,Pennsylvania,151,Church of Jesus Christ of Latter-day Saints,110,"52,290",0.86%,0.40%
42,Pennsylvania,149,"Church of Jesus Christ, The (Bickertonites)",12,,,
42,Pennsylvania,155,"Church of Our Lord Jesus Christ of the Apostolic Faith, Inc.",15,"2,718",0.04%,0.02%
42,Pennsylvania,157,Church of the Brethren,214,"32,414",0.53%,0.25%
42,Pennsylvania,FFK,Church of the Genuine Orthodox Christians,1,80,0.00%,0.00%
42,Pennsylvania,A47,Church of the Living God (Christian Workers for Fellowship),1,,,
42,Pennsylvania,D59,Church of the Living God: Pillar and Ground of the Truth,5,,,
42,Pennsylvania,163,Church of the Lutheran Brethren of America,3,,,
42,Pennsylvania,165,Church of the Nazarene,150,"22,529",0.37%,0.17%
42,Pennsylvania,438,Church of the United Brethren in Christ USA,32,"4,970",0.08%,0.04%
42,Pennsylvania,167,Churches of Christ,129,"9,627",0.16%,0.07%
42,Pennsylvania,168,Churches of Christ in Christian Union,5,,,
42,Pennsylvania,171,"Churches of God, General Conference",150,"16,626",0.27%,0.13%
42,Pennsylvania,172,Communion of Reformed Evangelical Churches,2,,,
42,Pennsylvania,173,Community of Christ,12,,,
42,Pennsylvania,176,"Congregational Christian Churches, Additional (not part of any national CCC body)",4,365,0.01%,0.00%
42,Pennsylvania,177,Congregational Holiness Church,1,,,
42,Pennsylvania,181,Conservative Congregational Christian Conference,22,"3,012",0.05%,0.02%
42,Pennsylvania,270,Conservative Judaism,35,"27,903",0.46%,0.21%
42,Pennsylvania,FDV,Conservative Mennonite Churches of York and Adams Counties PA,5,327,0.01%,0.00%
42,Pennsylvania,183,Conservative Mennonite Conference,16,"2,428",0.04%,0.02%
42,Pennsylvania,390,Conservative Yearly Meeting of Friends,2,28,0.00%,0.00%
42,Pennsylvania,057,Converge Worldwide / Baptist General Conference,18,,,
42,Pennsylvania,186,Coptic Orthodox Church,9,"2,981",0.05%,0.02%
42,Pennsylvania,185,Cumberland Presbyterian,1,105,0.00%,0.00%
42,Pennsylvania,FDW,Cumberland Valley Mennonite Church,4,422,0.01%,0.00%
42,Pennsylvania,FG7,Diocese of the Holy Cross,3,,,
42,Pennsylvania,FFT,Dunkard Brethren Church,7,562,0.01%,0.00%
42,Pennsylvania,286,Eastern Pennsylvania Mennonite Church,37,"5,472",0.09%,0.04%
42,Pennsylvania,FFW,ECO: A Covenant Order of Presbyterians,44,,,
42,Pennsylvania,FFP,Ecumenical Catholic Communion,2,86,0.00%,0.00%
42,Pennsylvania,190,Elim Fellowship,35,,,
42,Pennsylvania,193,Episcopal Church,320,"67,048",1.10%,0.52%
42,Pennsylvania,202,Eritrean Orthodox,1,300,0.00%,0.00%
42,Pennsylvania,204,Ethiopian Orthodox,4,825,0.01%,0.01%
42,Pennsylvania,198,"Evangelical Association of Reformed, and Congregational Christian Churches",32,,,
42,Pennsylvania,197,"Evangelical Church, The",5,665,0.01%,0.01%
42,Pennsylvania,199,Evangelical Congregational Church,109,,,
42,Pennsylvania,201,Evangelical Covenant Church,17,"2,116",0.03%,0.02%
42,Pennsylvania,203,Evangelical Free Church of America,61,,,
42,Pennsylvania,328,Evangelical Friends Church International,2,657,0.01%,0.01%
42,Pennsylvania,207,Evangelical Lutheran Church in America,"1,100","357,938",5.87%,2.75%
42,Pennsylvania,FFF,Evangelical Lutheran Conference and Ministerium of North America,7,,,
42,Pennsylvania,209,Evangelical Lutheran Synod,1,23,0.00%,0.00%
42,Pennsylvania,215,Evangelical Methodist Church,3,,,
42,Pennsylvania,216,Evangelical Presbyterian Church,70,,,
42,Pennsylvania,FGP,Every Nation,1,,,
42,Pennsylvania,FGL,Fellowship of Christian Assemblies,1,,,
42,Pennsylvania,213,Fellowship of Evangelical Churches,1,27,0.00%,0.00%
42,Pennsylvania,067,Fellowship of Fundamentalist Bible Churches,2,,,
42,Pennsylvania,346,Fire-Baptized Holiness Church of the Americas,9,,,
42,Pennsylvania,263,"Foursquare Gospel, International Church of the",19,"2,724",0.04%,0.02%
42,Pennsylvania,221,Free Methodist Church--USA,51,"4,216",0.07%,0.03%
42,Pennsylvania,222,Free Presbyterian Church of North America,2,,,
42,Pennsylvania,391,Friends General Conference,82,"9,380",0.15%,0.07%
42,Pennsylvania,F23,Full Gospel Assemblies International,23,,,
42,Pennsylvania,232,Full Gospel Baptist Church Fellowship,19,"3,250",0.05%,0.02%
42,Pennsylvania,FFR,Full Gospel Christian Assemblies International,46,"9,336",0.15%,0.07%
42,Pennsylvania,231,General Association of General Baptists,1,200,0.00%,0.00%
42,Pennsylvania,388,General Association of Regular Baptist Churches,32,,,
42,Pennsylvania,233,General Church of the New Jerusalem,10,,,
42,Pennsylvania,242,Georgian Orthodox Parishes in the United States,2,325,0.01%,0.00%
42,Pennsylvania,FJ4,German Baptist Brethren,1,41,0.00%,0.00%
42,Pennsylvania,FGM,Grace Communion International,3,,,
42,Pennsylvania,243,Grace Gospel Fellowship,4,,,
42,Pennsylvania,246,Greek Orthodox Archdiocese of America,34,"15,994",0.26%,0.12%
42,Pennsylvania,FGD,Higher Ground Always Abounding Assemblies,2,,,
42,Pennsylvania,895,Hindu Temples,21,"43,232",0.71%,0.33%
42,Pennsylvania,896,Hindu Yoga and Meditation,44,"24,969",0.41%,0.19%
42,Pennsylvania,251,Holy Orthodox Church in North America,1,70,0.00%,0.00%
42,Pennsylvania,FE2,Hope Mennonite Fellowship,10,"1,078",0.02%,0.01%
42,Pennsylvania,D92,"House of God, Holy Church of the Living God, The Pillar and Ground of the Truth, House of Prayer for All People",1,,,
42,Pennsylvania,FHK,Independent Conservative Brethren,8,307,0.01%,0.00%
42,Pennsylvania,FGR,Independent Judaism,9,205,0.00%,0.00%
42,Pennsylvania,FFD,Independent Lutheran Diocese,1,25,0.00%,0.00%
42,Pennsylvania,264,International Churches of Christ,5,"1,092",0.02%,0.01%
42,Pennsylvania,FE9,International Communion of the Charismatic Episcopal Church,1,,,
42,Pennsylvania,262,International Council of Community Churches,1,,,
42,Pennsylvania,256,International Fellowship of Bible Churches,9,,,
42,Pennsylvania,260,International Fellowship of Christian Assemblies,13,,,
42,Pennsylvania,268,Jain,5,,,
42,Pennsylvania,272,Jehovah's Witnesses,337,"83,140",1.36%,0.64%
42,Pennsylvania,F27,Keystone Mennonite Fellowship,23,"2,728",0.04%,0.02%
42,Pennsylvania,FFL,Knanaya Churches in the USA,1,90,0.00%,0.00%
42,Pennsylvania,274,Latvian Evangelical Lutheran Church in America,1,,,
42,Pennsylvania,283,Lutheran Church--Missouri Synod,72,"12,071",0.20%,0.09%
42,Pennsylvania,255,Lutheran Congregations in Mission for Christ,16,"2,780",0.05%,0.02%
42,Pennsylvania,330,Macedonian Orthodox Church: American Diocese,1,50,0.00%,0.00%
42,Pennsylvania,890,Mahayana Buddhist,18,"10,928",0.18%,0.08%
42,Pennsylvania,334,Malankara Archdiocese of the Syrian Orthodox Church in North America,2,568,0.01%,0.00%
42,Pennsylvania,F28,Malankara Mar Thoma Church,5,829,0.01%,0.01%
42,Pennsylvania,333,Malankara Orthodox Syrian Church,8,"2,232",0.04%,0.02%
42,Pennsylvania,278,Maranatha Amish-Mennonite,2,370,0.01%,0.00%
42,Pennsylvania,FFU,Meadow Springs Old Order Mennonite,1,307,0.01%,0.00%
42,Pennsylvania,282,Mennonite Christian Fellowship,5,594,0.01%,0.00%
42,Pennsylvania,288,Mennonite Church USA,83,"13,263",0.22%,0.10%
42,Pennsylvania,290,Metropolitan Community Churches,6,322,0.01%,0.00%
42,Pennsylvania,FDZ,Mid-Atlantic Mennonite Fellowship,25,"3,007",0.05%,0.02%
42,Pennsylvania,FD1,Midwest Mennonite Fellowship,1,85,0.00%,0.00%
42,Pennsylvania,291,Missionary Church,16,"1,300",0.02%,0.01%
42,Pennsylvania,293,Moravian Church in America--Northern Province,21,"6,874",0.11%,0.05%
42,Pennsylvania,267,Muslim Estimate,112,"149,561",2.45%,1.15%
42,Pennsylvania,175,National Association of Congregational Christian Churches,6,268,0.00%,0.00%
42,Pennsylvania,223,National Association of Free Will Baptists,4,326,0.01%,0.00%
42,Pennsylvania,301,"National Baptist Convention of America, Inc.",7,"2,465",0.04%,0.02%
42,Pennsylvania,300,"National Baptist Convention, USA, Inc.",86,"64,844",1.06%,0.50%
42,Pennsylvania,302,"National Missionary Baptist Convention, Inc.",61,"19,798",0.32%,0.15%
42,Pennsylvania,303,National Spiritualist Association of Churches,1,,,
42,Pennsylvania,F31,Nationwide Fellowship Mennonite Churches,12,"1,128",0.02%,0.01%
42,Pennsylvania,309,New Apostolic Church USA,12,,,
42,Pennsylvania,500,Non-denominational Christian Churches,"1,823","661,832",10.85%,5.09%
42,Pennsylvania,313,North American Baptist Conference,12,,,
42,Pennsylvania,314,North American Lutheran Church,55,,,
42,Pennsylvania,FD2,Northeastern Mennonite Conference,4,486,0.01%,0.00%
42,Pennsylvania,FF2,Old German Baptist Brethren,6,"1,196",0.02%,0.01%
42,Pennsylvania,F35,"Old German Baptist Brethren, New Conference",1,107,0.00%,0.00%
42,Pennsylvania,324,Old Order River Brethren,3,603,0.01%,0.00%
42,Pennsylvania,FD4,Old Wenger Mennonite Church,1,3,0.00%,0.00%
42,Pennsylvania,329,Open Bible Churches,6,440,0.01%,0.00%
42,Pennsylvania,331,Orthodox Church in America,78,"7,969",0.13%,0.06%
42,Pennsylvania,276,Orthodox Judaism,40,"22,080",0.36%,0.17%
42,Pennsylvania,FHU,Orthodox Mennonite Church,0,2,0.00%,0.00%
42,Pennsylvania,335,Orthodox Presbyterian Church,29,,,
42,Pennsylvania,400,Patriarchal Parishes of the Russian Orthodox Church in the USA,6,"1,426",0.02%,0.01%
42,Pennsylvania,D71,Pentecostal Assemblies of the World,6,804,0.01%,0.01%
42,Pennsylvania,F38,Pilgrim Mennonite Conference,16,"1,737",0.03%,0.01%
42,Pennsylvania,352,Polish National Catholic Church,28,,,
42,Pennsylvania,355,Presbyterian Church (U.S.A.),839,"143,051",2.35%,1.10%
42,Pennsylvania,356,Presbyterian Church in America,118,"23,233",0.38%,0.18%
42,Pennsylvania,361,Primitive Baptists Associations,8,949,0.02%,0.01%
42,Pennsylvania,363,Primitive Methodist Church in the USA,32,,,
42,Pennsylvania,364,"Progressive National Baptist Convention, Inc.",15,"5,579",0.09%,0.04%
42,Pennsylvania,369,Protestant Reformed Churches in America,1,35,0.00%,0.00%
42,Pennsylvania,275,Reconstructionist Judaism,12,"3,975",0.07%,0.03%
42,Pennsylvania,271,Reform Judaism,36,"31,148",0.51%,0.24%
42,Pennsylvania,F41,Reformed Baptist Network,4,,,
42,Pennsylvania,FGB,Reformed Bible Church,1,,,
42,Pennsylvania,371,Reformed Church in America,12,"2,371",0.04%,0.02%
42,Pennsylvania,373,Reformed Church in the United States,2,94,0.00%,0.00%
42,Pennsylvania,375,Reformed Episcopal Church,10,,,
42,Pennsylvania,379,Reformed Mennonite Church,2,35,0.00%,0.00%
42,Pennsylvania,383,Reformed Presbyterian Church of North America,17,"1,649",0.03%,0.01%
42,Pennsylvania,382,"Reformed Presbyterian Church, Hanover Presbytery",1,,,
42,Pennsylvania,FHM,Reidenbach Mennonite,3,392,0.01%,0.00%
42,Pennsylvania,FHG,Remnant: Charity Ministries and related,6,,,
42,Pennsylvania,395,Romanian Orthodox Archdiocese in Americas,2,250,0.00%,0.00%
42,Pennsylvania,401,Russian Orthodox Church Outside of Russia,10,"1,140",0.02%,0.01%
42,Pennsylvania,403,Salvation Army,80,"11,112",0.18%,0.09%
42,Pennsylvania,405,Schwenkfelder Church,4,"2,471",0.04%,0.02%
42,Pennsylvania,410,Serbian Orthodox Church in North America,12,"4,210",0.07%,0.03%
42,Pennsylvania,415,"Seventh Day Baptist General Conference, USA and Canada",3,142,0.00%,0.00%
42,Pennsylvania,413,Seventh-day Adventist Church,161,"23,229",0.38%,0.18%
42,Pennsylvania,419,Southern Baptist Convention,319,"45,080",0.74%,0.35%
42,Pennsylvania,F51,Sovereign Grace Churches,7,,,
42,Pennsylvania,FHV,Stauffer Mennonite (independent groups),6,635,0.01%,0.00%
42,Pennsylvania,414,Stauffer Mennonite Church,5,"1,448",0.02%,0.01%
42,Pennsylvania,239,Swedenborgian Church,1,47,0.00%,0.00%
42,Pennsylvania,F52,Syro-Russian Orthodox Catholic Church,1,,,
42,Pennsylvania,F54,The local churches,7,,,
42,Pennsylvania,891,Theravada Buddhist,7,"3,974",0.07%,0.03%
42,Pennsylvania,431,Ukrainian Orthodox Church of the USA,22,"2,784",0.05%,0.02%
42,Pennsylvania,432,Unaffiliated Amish-Mennonite (Conservative),4,349,0.01%,0.00%
42,Pennsylvania,FHH,Unaffiliated Amish-Mennonite (Spring Garden network),3,459,0.01%,0.00%
42,Pennsylvania,FHF,Unaffiliated Conservative Mennonite,14,"1,342",0.02%,0.01%
42,Pennsylvania,FER,Unification Church,1,,,
42,Pennsylvania,FGV,Union American Methodist Episcopal Church,12,,,
42,Pennsylvania,437,Union of Messianic Jewish Congregations,1,,,
42,Pennsylvania,435,Unitarian Universalist Association of Congregations,37,"6,553",0.11%,0.05%
42,Pennsylvania,443,United Church of Christ,566,"123,598",2.03%,0.95%
42,Pennsylvania,FGN,United Church of God,4,,,
42,Pennsylvania,445,"United Holy Church of America, Inc.",16,978,0.02%,0.01%
42,Pennsylvania,F58,United House of Prayer,5,"1,040",0.02%,0.01%
42,Pennsylvania,449,United Methodist Church,"1,986","448,894",7.36%,3.45%
42,Pennsylvania,454,United Pentecostal Church International,61,,,
42,Pennsylvania,455,United Reformed Churches in North America,3,140,0.00%,0.00%
42,Pennsylvania,459,United Zion Church,9,523,0.01%,0.00%
42,Pennsylvania,124,"Unity Churches, Association of",8,,,
42,Pennsylvania,892,Vajarayana Buddhist,12,"3,890",0.06%,0.03%
42,Pennsylvania,FFQ,Vanguard Presbytery,3,,,
42,Pennsylvania,462,Vedanta Society,1,,,
42,Pennsylvania,179,Venture Church Network,47,,,
42,Pennsylvania,463,Vineyard USA,11,"2,226",0.04%,0.02%
42,Pennsylvania,FD7,Washington-Franklin Mennonite Conference,3,625,0.01%,0.00%
42,Pennsylvania,FJ3,Weaverland Mennonite Conference,28,"11,512",0.19%,0.09%
42,Pennsylvania,467,Wesleyan Church,73,"13,465",0.22%,0.10%
42,Pennsylvania,469,Wisconsin Evangelical Lutheran Synod,4,375,0.01%,0.00%
42,Pennsylvania,490,Zoroastrian,2,,,
44,Rhode Island,001,Advent Christian Church,3,182,0.03%,0.02%
44,Rhode Island,003,African Methodist Episcopal Church,3,527,0.09%,0.05%
44,Rhode Island,005,African Methodist Episcopal Zion Church,2,380,0.07%,0.03%
44,Rhode Island,019,American Baptist Churches in the USA,70,"11,381",2.01%,1.04%
44,Rhode Island,034,"Antiochian Orthodox Christian Archdiocese of North America, The",1,210,0.04%,0.02%
44,Rhode Island,049,Armenian Apostolic Church of America (Catholicosate of Cilicia),1,"1,600",0.28%,0.15%
44,Rhode Island,050,Armenian Church of North America (Catholicosate of Etchmiadzin),1,"1,500",0.27%,0.14%
44,Rhode Island,053,Assemblies of God,33,"5,428",0.96%,0.49%
44,Rhode Island,056,Baha'i Faith USA,3,275,0.05%,0.03%
44,Rhode Island,081,Catholic Church,142,"445,597",78.83%,40.61%
44,Rhode Island,FGS,Chabad Judaism,7,,,
44,Rhode Island,087,Christadelphian,3,,,
44,Rhode Island,089,Christian and Missionary Alliance,3,523,0.09%,0.05%
44,Rhode Island,353,Christian Brethren (Open Plymouth Brethren),5,,,
44,Rhode Island,097,Christian Churches and Churches of Christ,3,0,0.00%,0.00%
44,Rhode Island,F10,Christian Congregation in North America,1,,,
44,Rhode Island,105,Christian Reformed Church in North America,1,0,0.00%,0.00%
44,Rhode Island,123,"Church of God (Anderson, Indiana)",3,370,0.07%,0.03%
44,Rhode Island,127,"Church of God (Cleveland, Tennessee)",25,915,0.16%,0.08%
44,Rhode Island,141,Church of God in Christ,2,220,0.04%,0.02%
44,Rhode Island,145,Church of God of Prophecy,4,,,
44,Rhode Island,151,Church of Jesus Christ of Latter-day Saints,8,"4,259",0.75%,0.39%
44,Rhode Island,155,"Church of Our Lord Jesus Christ of the Apostolic Faith, Inc.",2,360,0.06%,0.03%
44,Rhode Island,163,Church of the Lutheran Brethren of America,1,,,
44,Rhode Island,165,Church of the Nazarene,6,935,0.17%,0.09%
44,Rhode Island,167,Churches of Christ,8,437,0.08%,0.04%
44,Rhode Island,173,Community of Christ,2,,,
44,Rhode Island,176,"Congregational Christian Churches, Additional (not part of any national CCC body)",2,683,0.12%,0.06%
44,Rhode Island,181,Conservative Congregational Christian Conference,2,547,0.10%,0.05%
44,Rhode Island,270,Conservative Judaism,3,"2,547",0.45%,0.23%
44,Rhode Island,057,Converge Worldwide / Baptist General Conference,2,,,
44,Rhode Island,186,Coptic Orthodox Church,1,275,0.05%,0.03%
44,Rhode Island,FFW,ECO: A Covenant Order of Presbyterians,1,,,
44,Rhode Island,193,Episcopal Church,52,"14,678",2.60%,1.34%
44,Rhode Island,201,Evangelical Covenant Church,5,725,0.13%,0.07%
44,Rhode Island,328,Evangelical Friends Church International,1,131,0.02%,0.01%
44,Rhode Island,207,Evangelical Lutheran Church in America,12,"3,077",0.54%,0.28%
44,Rhode Island,FGP,Every Nation,1,,,
44,Rhode Island,263,"Foursquare Gospel, International Church of the",1,206,0.04%,0.02%
44,Rhode Island,221,Free Methodist Church--USA,1,100,0.02%,0.01%
44,Rhode Island,393,"Friends General Conference and Friends United Meeting, dually aligned meetings",3,433,0.08%,0.04%
44,Rhode Island,388,General Association of Regular Baptist Churches,1,,,
44,Rhode Island,FGM,Grace Communion International,1,,,
44,Rhode Island,246,Greek Orthodox Archdiocese of America,3,"3,300",0.58%,0.30%
44,Rhode Island,896,Hindu Yoga and Meditation,6,"1,336",0.24%,0.12%
44,Rhode Island,264,International Churches of Christ,1,111,0.02%,0.01%
44,Rhode Island,FE9,International Communion of the Charismatic Episcopal Church,1,,,
44,Rhode Island,272,Jehovah's Witnesses,33,"6,902",1.22%,0.63%
44,Rhode Island,283,Lutheran Church--Missouri Synod,3,750,0.13%,0.07%
44,Rhode Island,890,Mahayana Buddhist,7,28,0.00%,0.00%
44,Rhode Island,267,Muslim Estimate,8,"2,599",0.46%,0.24%
44,Rhode Island,175,National Association of Congregational Christian Churches,1,20,0.00%,0.00%
44,Rhode Island,223,National Association of Free Will Baptists,1,66,0.01%,0.01%
44,Rhode Island,309,New Apostolic Church USA,1,,,
44,Rhode Island,500,Non-denominational Christian Churches,56,"25,880",4.58%,2.36%
44,Rhode Island,331,Orthodox Church in America,2,330,0.06%,0.03%
44,Rhode Island,276,Orthodox Judaism,6,"1,580",0.28%,0.14%
44,Rhode Island,352,Polish National Catholic Church,2,,,
44,Rhode Island,355,Presbyterian Church (U.S.A.),7,"1,225",0.22%,0.11%
44,Rhode Island,356,Presbyterian Church in America,2,262,0.05%,0.02%
44,Rhode Island,354,Presbyterian Reformed Church,1,,,
44,Rhode Island,363,Primitive Methodist Church in the USA,2,,,
44,Rhode Island,271,Reform Judaism,3,"3,348",0.59%,0.31%
44,Rhode Island,383,Reformed Presbyterian Church of North America,1,71,0.01%,0.01%
44,Rhode Island,401,Russian Orthodox Church Outside of Russia,1,18,0.00%,0.00%
44,Rhode Island,403,Salvation Army,3,472,0.08%,0.04%
44,Rhode Island,415,"Seventh Day Baptist General Conference, USA and Canada",2,240,0.04%,0.02%
44,Rhode Island,413,Seventh-day Adventist Church,18,"2,327",0.41%,0.21%
44,Rhode Island,419,Southern Baptist Convention,18,"1,297",0.23%,0.12%
44,Rhode Island,423,Syriac Orthodox Church of Antioch,1,300,0.05%,0.03%
44,Rhode Island,F54,The local churches,2,,,
44,Rhode Island,891,Theravada Buddhist,4,"1,857",0.33%,0.17%
44,Rhode Island,431,Ukrainian Orthodox Church of the USA,1,120,0.02%,0.01%
44,Rhode Island,FGV,Union American Methodist Episcopal Church,1,,,
44,Rhode Island,435,Unitarian Universalist Association of Congregations,8,"1,404",0.25%,0.13%
44,Rhode Island,443,United Church of Christ,26,"4,892",0.87%,0.45%
44,Rhode Island,449,United Methodist Church,21,"5,825",1.03%,0.53%
44,Rhode Island,454,United Pentecostal Church International,10,,,
44,Rhode Island,124,"Unity Churches, Association of",1,,,
44,Rhode Island,892,Vajarayana Buddhist,2,190,0.03%,0.02%
44,Rhode Island,462,Vedanta Society,1,,,
44,Rhode Island,179,Venture Church Network,9,,,
45,South Carolina,001,Advent Christian Church,9,988,0.04%,0.02%
45,South Carolina,003,African Methodist Episcopal Church,449,"108,516",4.03%,2.12%
45,South Carolina,005,African Methodist Episcopal Zion Church,132,"21,385",0.79%,0.42%
45,South Carolina,012,Alliance of Baptists,4,,,
45,South Carolina,017,American Baptist Association,3,430,0.02%,0.01%
45,South Carolina,019,American Baptist Churches in the USA,2,923,0.03%,0.02%
45,South Carolina,416,American Sikh Council,4,,,
45,South Carolina,F01,Anglican Catholic Church,4,,,
45,South Carolina,FG4,Anglican Church in America,1,,,
45,South Carolina,033,Anglican Church in North America,95,,,
45,South Carolina,FG3,Anglican Province of America,2,,,
45,South Carolina,034,"Antiochian Orthodox Christian Archdiocese of North America, The",4,269,0.01%,0.01%
45,South Carolina,042,"Apostolic Faith Mission of Portland, OR",3,,,
45,South Carolina,045,Apostolic Lutheran Church of America,2,,,
45,South Carolina,050,Armenian Church of North America (Catholicosate of Etchmiadzin),1,110,0.00%,0.00%
45,South Carolina,053,Assemblies of God,125,"20,633",0.77%,0.40%
45,South Carolina,FGJ,Assemblies of the Lord Jesus Christ,1,,,
45,South Carolina,055,Associate Reformed Presbyterian Church,63,,,
45,South Carolina,058,Association of Messianic Congregations,1,,,
45,South Carolina,056,Baha'i Faith USA,15,"17,062",0.63%,0.33%
45,South Carolina,061,Beachy Amish-Mennonite Churches,3,358,0.01%,0.01%
45,South Carolina,FE8,Bible Methodist Connection,1,,,
45,South Carolina,069,Bible Presbyterian Church (General Synod),3,,,
45,South Carolina,E54,"Bible Way Church of Our Lord Jesus Christ World Wide, Inc.",7,"17,260",0.64%,0.34%
45,South Carolina,FHW,Biblical Mennonite Alliance,2,252,0.01%,0.00%
45,South Carolina,084,Calvary Chapel Fellowship Churches,4,,,
45,South Carolina,081,Catholic Church,120,"407,840",15.13%,7.97%
45,South Carolina,082,Central Baptist Association,1,135,0.01%,0.00%
45,South Carolina,FGS,Chabad Judaism,6,,,
45,South Carolina,244,Charis Fellowship,3,,,
45,South Carolina,089,Christian and Missionary Alliance,14,"5,261",0.20%,0.10%
45,South Carolina,353,Christian Brethren (Open Plymouth Brethren),18,,,
45,South Carolina,093,Christian Church (Disciples of Christ),37,"1,827",0.07%,0.04%
45,South Carolina,097,Christian Churches and Churches of Christ,36,"4,544",0.17%,0.09%
45,South Carolina,F10,Christian Congregation in North America,1,,,
45,South Carolina,101,Christian Methodist Episcopal Church,49,"7,098",0.26%,0.14%
45,South Carolina,D83,Christ's Sanctified Holy Church,2,,,
45,South Carolina,143,"Church of Christ, Mennonite",1,108,0.00%,0.00%
45,South Carolina,111,"Church of Christ, Scientist",3,,,
45,South Carolina,F53,Church of God,7,,,
45,South Carolina,123,"Church of God (Anderson, Indiana)",40,"4,994",0.19%,0.10%
45,South Carolina,127,"Church of God (Cleveland, Tennessee)",307,"59,054",2.19%,1.15%
45,South Carolina,122,"Church of God by Faith, Inc.",11,,,
45,South Carolina,121,Church of God General Conference,4,152,0.01%,0.00%
45,South Carolina,141,Church of God in Christ,42,"8,633",0.32%,0.17%
45,South Carolina,145,Church of God of Prophecy,106,,,
45,South Carolina,151,Church of Jesus Christ of Latter-day Saints,72,"41,358",1.53%,0.81%
45,South Carolina,149,"Church of Jesus Christ, The (Bickertonites)",2,,,
45,South Carolina,155,"Church of Our Lord Jesus Christ of the Apostolic Faith, Inc.",46,"6,600",0.24%,0.13%
45,South Carolina,157,Church of the Brethren,1,95,0.00%,0.00%
45,South Carolina,FFK,Church of the Genuine Orthodox Christians,1,60,0.00%,0.00%
45,South Carolina,164,Church of the Lutheran Confession,1,,,
45,South Carolina,165,Church of the Nazarene,69,"11,738",0.44%,0.23%
45,South Carolina,167,Churches of Christ,136,"14,690",0.54%,0.29%
45,South Carolina,171,"Churches of God, General Conference",1,0,0.00%,0.00%
45,South Carolina,172,Communion of Reformed Evangelical Churches,1,,,
45,South Carolina,173,Community of Christ,3,,,
45,South Carolina,177,Congregational Holiness Church,19,,,
45,South Carolina,270,Conservative Judaism,4,"2,104",0.08%,0.04%
45,South Carolina,183,Conservative Mennonite Conference,1,68,0.00%,0.00%
45,South Carolina,336,Convention of Original Free Will Baptist Churches,3,49,0.00%,0.00%
45,South Carolina,057,Converge Worldwide / Baptist General Conference,1,,,
45,South Carolina,186,Coptic Orthodox Church,4,"1,508",0.06%,0.03%
45,South Carolina,FF6,Covenant Presbyterian Church,2,,,
45,South Carolina,FG7,Diocese of the Holy Cross,6,,,
45,South Carolina,FFW,ECO: A Covenant Order of Presbyterians,17,,,
45,South Carolina,190,Elim Fellowship,2,,,
45,South Carolina,193,Episcopal Church,90,"29,571",1.10%,0.58%
45,South Carolina,FJ6,Evangel Presbytery,1,,,
45,South Carolina,201,Evangelical Covenant Church,1,7,0.00%,0.00%
45,South Carolina,203,Evangelical Free Church of America,4,,,
45,South Carolina,207,Evangelical Lutheran Church in America,149,"40,105",1.49%,0.78%
45,South Carolina,FFE,Evangelical Lutheran Diocese of North America,2,,,
45,South Carolina,215,Evangelical Methodist Church,1,,,
45,South Carolina,216,Evangelical Presbyterian Church,18,,,
45,South Carolina,FGP,Every Nation,1,,,
45,South Carolina,263,"Foursquare Gospel, International Church of the",7,"3,976",0.15%,0.08%
45,South Carolina,224,Free Church of Scotland (Continuing),1,,,
45,South Carolina,221,Free Methodist Church--USA,2,181,0.01%,0.00%
45,South Carolina,222,Free Presbyterian Church of North America,3,,,
45,South Carolina,391,Friends General Conference,6,159,0.01%,0.00%
45,South Carolina,232,Full Gospel Baptist Church Fellowship,2,360,0.01%,0.01%
45,South Carolina,FFR,Full Gospel Christian Assemblies International,19,"3,066",0.11%,0.06%
45,South Carolina,231,General Association of General Baptists,1,230,0.01%,0.00%
45,South Carolina,388,General Association of Regular Baptist Churches,2,,,
45,South Carolina,233,General Church of the New Jerusalem,1,,,
45,South Carolina,FGM,Grace Communion International,2,,,
45,South Carolina,246,Greek Orthodox Archdiocese of America,7,"4,616",0.17%,0.09%
45,South Carolina,FGD,Higher Ground Always Abounding Assemblies,1,,,
45,South Carolina,895,Hindu Temples,9,"8,093",0.30%,0.16%
45,South Carolina,896,Hindu Yoga and Meditation,7,290,0.01%,0.01%
45,South Carolina,FG9,Holy Catholic Church Anglican Rite,1,,,
45,South Carolina,251,Holy Orthodox Church in North America,1,5,0.00%,0.00%
45,South Carolina,264,International Churches of Christ,5,875,0.03%,0.02%
45,South Carolina,262,International Council of Community Churches,1,,,
45,South Carolina,256,International Fellowship of Bible Churches,1,,,
45,South Carolina,260,International Fellowship of Christian Assemblies,1,,,
45,South Carolina,268,Jain,1,,,
45,South Carolina,272,Jehovah's Witnesses,185,"46,010",1.71%,0.90%
45,South Carolina,283,Lutheran Church--Missouri Synod,17,"3,010",0.11%,0.06%
45,South Carolina,255,Lutheran Congregations in Mission for Christ,9,"1,300",0.05%,0.03%
45,South Carolina,890,Mahayana Buddhist,2,"2,220",0.08%,0.04%
45,South Carolina,290,Metropolitan Community Churches,1,40,0.00%,0.00%
45,South Carolina,291,Missionary Church,10,569,0.02%,0.01%
45,South Carolina,267,Muslim Estimate,25,"6,677",0.25%,0.13%
45,South Carolina,223,National Association of Free Will Baptists,102,"12,023",0.45%,0.23%
45,South Carolina,301,"National Baptist Convention of America, Inc.",5,"1,360",0.05%,0.03%
45,South Carolina,300,"National Baptist Convention, USA, Inc.",132,"54,018",2.00%,1.06%
45,South Carolina,302,"National Missionary Baptist Convention, Inc.",151,"40,534",1.50%,0.79%
45,South Carolina,309,New Apostolic Church USA,2,,,
45,South Carolina,308,New Testament Association of Independent Baptist Church,1,,,
45,South Carolina,500,Non-denominational Christian Churches,"1,141","454,063",16.84%,8.87%
45,South Carolina,314,North American Lutheran Church,12,,,
45,South Carolina,FGA,Orthodox Anglican Church,3,,,
45,South Carolina,331,Orthodox Church in America,6,709,0.03%,0.01%
45,South Carolina,276,Orthodox Judaism,7,830,0.03%,0.02%
45,South Carolina,335,Orthodox Presbyterian Church,2,,,
45,South Carolina,D71,Pentecostal Assemblies of the World,7,"2,182",0.08%,0.04%
45,South Carolina,355,Presbyterian Church (U.S.A.),282,"63,370",2.35%,1.24%
45,South Carolina,356,Presbyterian Church in America,117,"25,415",0.94%,0.50%
45,South Carolina,361,Primitive Baptists Associations,1,94,0.00%,0.00%
45,South Carolina,364,"Progressive National Baptist Convention, Inc.",42,"31,372",1.16%,0.61%
45,South Carolina,271,Reform Judaism,7,"3,430",0.13%,0.07%
45,South Carolina,F41,Reformed Baptist Network,1,,,
45,South Carolina,375,Reformed Episcopal Church,32,,,
45,South Carolina,401,Russian Orthodox Church Outside of Russia,2,185,0.01%,0.00%
45,South Carolina,403,Salvation Army,17,"1,119",0.04%,0.02%
45,South Carolina,415,"Seventh Day Baptist General Conference, USA and Canada",2,53,0.00%,0.00%
45,South Carolina,413,Seventh-day Adventist Church,82,"11,492",0.43%,0.22%
45,South Carolina,FD5,South Atlantic Mennonite Conference,2,211,0.01%,0.00%
45,South Carolina,419,Southern Baptist Convention,"2,109","816,405",30.28%,15.95%
45,South Carolina,421,Southern Methodist Church,44,,,
45,South Carolina,F51,Sovereign Grace Churches,1,,,
45,South Carolina,F54,The local churches,2,,,
45,South Carolina,891,Theravada Buddhist,5,"1,699",0.06%,0.03%
45,South Carolina,FHF,Unaffiliated Conservative Mennonite,3,364,0.01%,0.01%
45,South Carolina,FER,Unification Church,1,,,
45,South Carolina,437,Union of Messianic Jewish Congregations,1,,,
45,South Carolina,435,Unitarian Universalist Association of Congregations,10,"1,954",0.07%,0.04%
45,South Carolina,F57,"United American Free Will Baptist Denomination, Inc.",4,,,
45,South Carolina,443,United Church of Christ,4,925,0.03%,0.02%
45,South Carolina,FGN,United Church of God,1,,,
45,South Carolina,F58,United House of Prayer,16,"2,146",0.08%,0.04%
45,South Carolina,449,United Methodist Church,976,"242,467",8.99%,4.74%
45,South Carolina,454,United Pentecostal Church International,54,,,
45,South Carolina,124,"Unity Churches, Association of",7,,,
45,South Carolina,892,Vajarayana Buddhist,2,220,0.01%,0.00%
45,South Carolina,463,Vineyard USA,8,"1,674",0.06%,0.03%
45,South Carolina,467,Wesleyan Church,54,"6,181",0.23%,0.12%
45,South Carolina,469,Wisconsin Evangelical Lutheran Synod,8,"1,943",0.07%,0.04%
46,South Dakota,284,American Association of Lutheran Churches,2,,,
46,South Dakota,017,American Baptist Association,1,110,0.02%,0.01%
46,South Dakota,019,American Baptist Churches in the USA,34,"4,985",1.02%,0.56%
46,South Dakota,031,"Amish Groups, undifferentiated",1,80,0.02%,0.01%
46,South Dakota,033,Anglican Church in North America,1,,,
46,South Dakota,034,"Antiochian Orthodox Christian Archdiocese of North America, The",1,30,0.01%,0.00%
46,South Dakota,045,Apostolic Lutheran Church of America,3,,,
46,South Dakota,053,Assemblies of God,50,"9,192",1.87%,1.04%
46,South Dakota,220,Association of Free Lutheran Congregations,28,"3,398",0.69%,0.38%
46,South Dakota,056,Baha'i Faith USA,3,978,0.20%,0.11%
46,South Dakota,063,Berean Fellowship of Churches,2,,,
46,South Dakota,081,Catholic Church,189,"132,805",27.05%,14.98%
46,South Dakota,FGS,Chabad Judaism,1,,,
46,South Dakota,089,Christian and Missionary Alliance,13,"1,190",0.24%,0.13%
46,South Dakota,353,Christian Brethren (Open Plymouth Brethren),2,,,
46,South Dakota,093,Christian Church (Disciples of Christ),1,0,0.00%,0.00%
46,South Dakota,097,Christian Churches and Churches of Christ,10,"1,489",0.30%,0.17%
46,South Dakota,105,Christian Reformed Church in North America,14,"3,387",0.69%,0.38%
46,South Dakota,143,"Church of Christ, Mennonite",4,465,0.09%,0.05%
46,South Dakota,111,"Church of Christ, Scientist",1,,,
46,South Dakota,F53,Church of God,1,,,
46,South Dakota,123,"Church of God (Anderson, Indiana)",5,690,0.14%,0.08%
46,South Dakota,127,"Church of God (Cleveland, Tennessee)",9,207,0.04%,0.02%
46,South Dakota,133,Church of God (Seventh Day),2,,,
46,South Dakota,141,Church of God in Christ,2,500,0.10%,0.06%
46,South Dakota,145,Church of God of Prophecy,3,,,
46,South Dakota,151,Church of Jesus Christ of Latter-day Saints,30,"10,610",2.16%,1.20%
46,South Dakota,163,Church of the Lutheran Brethren of America,3,,,
46,South Dakota,164,Church of the Lutheran Confession,10,,,
46,South Dakota,165,Church of the Nazarene,20,"1,990",0.41%,0.22%
46,South Dakota,438,Church of the United Brethren in Christ USA,1,13,0.00%,0.00%
46,South Dakota,167,Churches of Christ,24,"1,114",0.23%,0.13%
46,South Dakota,181,Conservative Congregational Christian Conference,6,"1,229",0.25%,0.14%
46,South Dakota,270,Conservative Judaism,1,22,0.00%,0.00%
46,South Dakota,057,Converge Worldwide / Baptist General Conference,15,,,
46,South Dakota,193,Episcopal Church,73,"7,036",1.43%,0.79%
46,South Dakota,202,Eritrean Orthodox,1,336,0.07%,0.04%
46,South Dakota,204,Ethiopian Orthodox,3,"1,400",0.29%,0.16%
46,South Dakota,198,"Evangelical Association of Reformed, and Congregational Christian Churches",1,,,
46,South Dakota,201,Evangelical Covenant Church,8,713,0.15%,0.08%
46,South Dakota,203,Evangelical Free Church of America,18,,,
46,South Dakota,207,Evangelical Lutheran Church in America,205,"97,189",19.79%,10.96%
46,South Dakota,216,Evangelical Presbyterian Church,2,,,
46,South Dakota,211,Fellowship of Evangelical Bible Churches,1,,,
46,South Dakota,263,"Foursquare Gospel, International Church of the",5,734,0.15%,0.08%
46,South Dakota,FFR,Full Gospel Christian Assemblies International,3,320,0.07%,0.04%
46,South Dakota,388,General Association of Regular Baptist Churches,1,,,
46,South Dakota,FGM,Grace Communion International,1,,,
46,South Dakota,243,Grace Gospel Fellowship,2,,,
46,South Dakota,246,Greek Orthodox Archdiocese of America,1,238,0.05%,0.03%
46,South Dakota,896,Hindu Yoga and Meditation,2,177,0.04%,0.02%
46,South Dakota,264,International Churches of Christ,1,24,0.00%,0.00%
46,South Dakota,272,Jehovah's Witnesses,26,"4,180",0.85%,0.47%
46,South Dakota,283,Lutheran Church--Missouri Synod,107,"27,410",5.58%,3.09%
46,South Dakota,255,Lutheran Congregations in Mission for Christ,42,"5,158",1.05%,0.58%
46,South Dakota,288,Mennonite Church USA,6,"1,269",0.26%,0.14%
46,South Dakota,291,Missionary Church,1,67,0.01%,0.01%
46,South Dakota,267,Muslim Estimate,5,535,0.11%,0.06%
46,South Dakota,223,National Association of Free Will Baptists,1,2,0.00%,0.00%
46,South Dakota,302,"National Missionary Baptist Convention, Inc.",3,330,0.07%,0.04%
46,South Dakota,F31,Nationwide Fellowship Mennonite Churches,2,142,0.03%,0.02%
46,South Dakota,307,Netherlands Reformed Congregations,2,,,
46,South Dakota,308,New Testament Association of Independent Baptist Church,3,,,
46,South Dakota,500,Non-denominational Christian Churches,281,"63,992",13.03%,7.22%
46,South Dakota,313,North American Baptist Conference,17,,,
46,South Dakota,314,North American Lutheran Church,21,,,
46,South Dakota,FFH,Old Apostolic Lutheran Church of America,3,,,
46,South Dakota,329,Open Bible Churches,7,"1,392",0.28%,0.16%
46,South Dakota,FFC,Orthodox Lutheran Confessional Conference,1,,,
46,South Dakota,335,Orthodox Presbyterian Church,5,,,
46,South Dakota,355,Presbyterian Church (U.S.A.),74,"7,447",1.52%,0.84%
46,South Dakota,356,Presbyterian Church in America,8,"1,123",0.23%,0.13%
46,South Dakota,369,Protestant Reformed Churches in America,1,64,0.01%,0.01%
46,South Dakota,271,Reform Judaism,1,81,0.02%,0.01%
46,South Dakota,371,Reformed Church in America,28,"7,769",1.58%,0.88%
46,South Dakota,373,Reformed Church in the United States,10,929,0.19%,0.10%
46,South Dakota,FHG,Remnant: Charity Ministries and related,2,,,
46,South Dakota,403,Salvation Army,6,466,0.09%,0.05%
46,South Dakota,FJ1,Schmiedeleut Hutterite Group 1,5,530,0.11%,0.06%
46,South Dakota,FJ2,Schmiedeleut Hutterite Group 2,59,"7,037",1.43%,0.79%
46,South Dakota,410,Serbian Orthodox Church in North America,1,130,0.03%,0.01%
46,South Dakota,413,Seventh-day Adventist Church,18,"1,677",0.34%,0.19%
46,South Dakota,419,Southern Baptist Convention,56,"3,683",0.75%,0.42%
46,South Dakota,F51,Sovereign Grace Churches,1,,,
46,South Dakota,891,Theravada Buddhist,1,17,0.00%,0.00%
46,South Dakota,FHF,Unaffiliated Conservative Mennonite,1,15,0.00%,0.00%
46,South Dakota,435,Unitarian Universalist Association of Congregations,2,67,0.01%,0.01%
46,South Dakota,443,United Church of Christ,66,"9,297",1.89%,1.05%
46,South Dakota,FGN,United Church of God,3,,,
46,South Dakota,449,United Methodist Church,145,"25,345",5.16%,2.86%
46,South Dakota,454,United Pentecostal Church International,8,,,
46,South Dakota,455,United Reformed Churches in North America,1,124,0.03%,0.01%
46,South Dakota,124,"Unity Churches, Association of",1,,,
46,South Dakota,237,US Conference of Mennonite Brethren Churches,13,"1,235",0.25%,0.14%
46,South Dakota,463,Vineyard USA,2,190,0.04%,0.02%
46,South Dakota,467,Wesleyan Church,33,"27,042",5.51%,3.05%
46,South Dakota,469,Wisconsin Evangelical Lutheran Synod,44,"9,630",1.96%,1.09%
47,Tennessee,326,(Original) Church of God,4,,,
47,Tennessee,001,Advent Christian Church,1,85,0.00%,0.00%
47,Tennessee,003,African Methodist Episcopal Church,126,"35,301",0.92%,0.51%
47,Tennessee,005,African Methodist Episcopal Zion Church,67,"11,166",0.29%,0.16%
47,Tennessee,FHJ,Agape Christian Fellowship,1,75,0.00%,0.00%
47,Tennessee,012,Alliance of Baptists,1,,,
47,Tennessee,017,American Baptist Association,6,944,0.02%,0.01%
47,Tennessee,019,American Baptist Churches in the USA,7,"1,002",0.03%,0.01%
47,Tennessee,416,American Sikh Council,3,,,
47,Tennessee,031,"Amish Groups, undifferentiated",27,"2,782",0.07%,0.04%
47,Tennessee,FFS,Anabaptist Disciples of Christ,1,41,0.00%,0.00%
47,Tennessee,F01,Anglican Catholic Church,1,,,
47,Tennessee,033,Anglican Church in North America,26,,,
47,Tennessee,FG3,Anglican Province of America,2,,,
47,Tennessee,034,"Antiochian Orthodox Christian Archdiocese of North America, The",5,"1,001",0.03%,0.01%
47,Tennessee,040,Apostolic Christian Church of America,1,27,0.00%,0.00%
47,Tennessee,042,"Apostolic Faith Mission of Portland, OR",1,,,
47,Tennessee,050,Armenian Church of North America (Catholicosate of Etchmiadzin),1,100,0.00%,0.00%
47,Tennessee,053,Assemblies of God,225,"45,641",1.19%,0.66%
47,Tennessee,FGJ,Assemblies of the Lord Jesus Christ,13,,,
47,Tennessee,055,Associate Reformed Presbyterian Church,9,,,
47,Tennessee,220,Association of Free Lutheran Congregations,1,36,0.00%,0.00%
47,Tennessee,056,Baha'i Faith USA,14,"2,253",0.06%,0.03%
47,Tennessee,059,Baptist Missionary Association of America,8,,,
47,Tennessee,061,Beachy Amish-Mennonite Churches,3,285,0.01%,0.00%
47,Tennessee,FEZ,Believers in Christ,3,323,0.01%,0.00%
47,Tennessee,063,Berean Fellowship of Churches,1,,,
47,Tennessee,FE8,Bible Methodist Connection,5,,,
47,Tennessee,069,Bible Presbyterian Church (General Synod),3,,,
47,Tennessee,E54,"Bible Way Church of Our Lord Jesus Christ World Wide, Inc.",1,80,0.00%,0.00%
47,Tennessee,FHW,Biblical Mennonite Alliance,2,98,0.00%,0.00%
47,Tennessee,075,Brethren In Christ Church,4,,,
47,Tennessee,070,"Bruderhof Communities, Inc.",1,56,0.00%,0.00%
47,Tennessee,084,Calvary Chapel Fellowship Churches,1,,,
47,Tennessee,FFM,Catholic Apostolic Church in North America,1,,,
47,Tennessee,081,Catholic Church,157,"275,494",7.17%,3.99%
47,Tennessee,082,Central Baptist Association,11,"2,148",0.06%,0.03%
47,Tennessee,FGS,Chabad Judaism,4,,,
47,Tennessee,244,Charis Fellowship,2,,,
47,Tennessee,087,Christadelphian,1,,,
47,Tennessee,089,Christian and Missionary Alliance,8,725,0.02%,0.01%
47,Tennessee,353,Christian Brethren (Open Plymouth Brethren),10,,,
47,Tennessee,093,Christian Church (Disciples of Christ),63,"20,413",0.53%,0.30%
47,Tennessee,097,Christian Churches and Churches of Christ,157,"32,470",0.84%,0.47%
47,Tennessee,F10,Christian Congregation in North America,1,,,
47,Tennessee,101,Christian Methodist Episcopal Church,124,"19,483",0.51%,0.28%
47,Tennessee,105,Christian Reformed Church in North America,2,106,0.00%,0.00%
47,Tennessee,F13,Church of Christ,1,,,
47,Tennessee,143,"Church of Christ, Mennonite",3,291,0.01%,0.00%
47,Tennessee,111,"Church of Christ, Scientist",3,,,
47,Tennessee,F53,Church of God,12,,,
47,Tennessee,123,"Church of God (Anderson, Indiana)",64,"8,512",0.22%,0.12%
47,Tennessee,127,"Church of God (Cleveland, Tennessee)",355,"67,360",1.75%,0.97%
47,Tennessee,133,Church of God (Seventh Day),5,,,
47,Tennessee,122,"Church of God by Faith, Inc.",3,,,
47,Tennessee,121,Church of God General Conference,2,76,0.00%,0.00%
47,Tennessee,141,Church of God in Christ,154,"64,054",1.67%,0.93%
47,Tennessee,145,Church of God of Prophecy,111,,,
47,Tennessee,146,"Church of God, Mountain Assembly, Inc.",14,,,
47,Tennessee,151,Church of Jesus Christ of Latter-day Saints,112,"52,920",1.38%,0.77%
47,Tennessee,149,"Church of Jesus Christ, The (Bickertonites)",1,,,
47,Tennessee,155,"Church of Our Lord Jesus Christ of the Apostolic Faith, Inc.",7,"1,600",0.04%,0.02%
47,Tennessee,157,Church of the Brethren,2,36,0.00%,0.00%
47,Tennessee,FFK,Church of the Genuine Orthodox Christians,2,90,0.00%,0.00%
47,Tennessee,A47,Church of the Living God (Christian Workers for Fellowship),4,,,
47,Tennessee,D59,Church of the Living God: Pillar and Ground of the Truth,2,,,
47,Tennessee,165,Church of the Nazarene,147,"26,739",0.70%,0.39%
47,Tennessee,167,Churches of Christ,"1,404","197,908",5.15%,2.86%
47,Tennessee,168,Churches of Christ in Christian Union,1,,,
47,Tennessee,172,Communion of Reformed Evangelical Churches,4,,,
47,Tennessee,173,Community of Christ,9,,,
47,Tennessee,177,Congregational Holiness Church,6,,,
47,Tennessee,180,Congregational Methodist Church,6,,,
47,Tennessee,270,Conservative Judaism,4,"2,417",0.06%,0.03%
47,Tennessee,186,Coptic Orthodox Church,17,"17,759",0.46%,0.26%
47,Tennessee,FF6,Covenant Presbyterian Church,1,,,
47,Tennessee,185,Cumberland Presbyterian,260,"27,194",0.71%,0.39%
47,Tennessee,187,Cumberland Presbyterian Church in America,28,"3,199",0.08%,0.05%
47,Tennessee,FFW,ECO: A Covenant Order of Presbyterians,3,,,
47,Tennessee,190,Elim Fellowship,1,,,
47,Tennessee,193,Episcopal Church,120,"37,665",0.98%,0.55%
47,Tennessee,FG8,Episcopal Missionary Church,3,,,
47,Tennessee,202,Eritrean Orthodox,1,650,0.02%,0.01%
47,Tennessee,204,Ethiopian Orthodox,5,"1,158",0.03%,0.02%
47,Tennessee,201,Evangelical Covenant Church,1,0,0.00%,0.00%
47,Tennessee,203,Evangelical Free Church of America,21,,,
47,Tennessee,207,Evangelical Lutheran Church in America,45,"9,857",0.26%,0.14%
47,Tennessee,FFE,Evangelical Lutheran Diocese of North America,2,,,
47,Tennessee,215,Evangelical Methodist Church,1,,,
47,Tennessee,216,Evangelical Presbyterian Church,35,,,
47,Tennessee,FGP,Every Nation,6,,,
47,Tennessee,263,"Foursquare Gospel, International Church of the",16,"1,786",0.05%,0.03%
47,Tennessee,221,Free Methodist Church--USA,5,72,0.00%,0.00%
47,Tennessee,391,Friends General Conference,5,242,0.01%,0.00%
47,Tennessee,225,Friends United Meeting,2,48,0.00%,0.00%
47,Tennessee,F23,Full Gospel Assemblies International,1,,,
47,Tennessee,232,Full Gospel Baptist Church Fellowship,29,"4,842",0.13%,0.07%
47,Tennessee,FFR,Full Gospel Christian Assemblies International,15,"7,736",0.20%,0.11%
47,Tennessee,231,General Association of General Baptists,6,"1,460",0.04%,0.02%
47,Tennessee,388,General Association of Regular Baptist Churches,3,,,
47,Tennessee,FGM,Grace Communion International,6,,,
47,Tennessee,246,Greek Orthodox Archdiocese of America,6,"3,118",0.08%,0.05%
47,Tennessee,FGD,Higher Ground Always Abounding Assemblies,6,,,
47,Tennessee,895,Hindu Temples,9,"14,723",0.38%,0.21%
47,Tennessee,896,Hindu Yoga and Meditation,16,"1,408",0.04%,0.02%
47,Tennessee,FHQ,Hoover Old Order Mennonite Church,3,412,0.01%,0.01%
47,Tennessee,264,International Churches of Christ,4,611,0.02%,0.01%
47,Tennessee,FE9,International Communion of the Charismatic Episcopal Church,2,,,
47,Tennessee,262,International Council of Community Churches,2,,,
47,Tennessee,256,International Fellowship of Bible Churches,1,,,
47,Tennessee,268,Jain,2,,,
47,Tennessee,272,Jehovah's Witnesses,209,"50,130",1.30%,0.73%
47,Tennessee,FDY,Little Flock Mennonite Churches,4,322,0.01%,0.00%
47,Tennessee,283,Lutheran Church--Missouri Synod,57,"13,328",0.35%,0.19%
47,Tennessee,255,Lutheran Congregations in Mission for Christ,1,90,0.00%,0.00%
47,Tennessee,890,Mahayana Buddhist,2,798,0.02%,0.01%
47,Tennessee,F28,Malankara Mar Thoma Church,1,18,0.00%,0.00%
47,Tennessee,333,Malankara Orthodox Syrian Church,2,56,0.00%,0.00%
47,Tennessee,278,Maranatha Amish-Mennonite,6,875,0.02%,0.01%
47,Tennessee,282,Mennonite Christian Fellowship,3,469,0.01%,0.01%
47,Tennessee,288,Mennonite Church USA,2,62,0.00%,0.00%
47,Tennessee,290,Metropolitan Community Churches,2,67,0.00%,0.00%
47,Tennessee,291,Missionary Church,22,"3,093",0.08%,0.04%
47,Tennessee,267,Muslim Estimate,43,"39,745",1.03%,0.58%
47,Tennessee,175,National Association of Congregational Christian Churches,1,92,0.00%,0.00%
47,Tennessee,223,National Association of Free Will Baptists,187,"17,540",0.46%,0.25%
47,Tennessee,301,"National Baptist Convention of America, Inc.",15,"11,046",0.29%,0.16%
47,Tennessee,300,"National Baptist Convention, USA, Inc.",128,"73,659",1.92%,1.07%
47,Tennessee,302,"National Missionary Baptist Convention, Inc.",476,"149,362",3.88%,2.16%
47,Tennessee,304,"National Primitive Baptist Convention, USA, Inc.",29,"7,518",0.20%,0.11%
47,Tennessee,309,New Apostolic Church USA,1,,,
47,Tennessee,500,Non-denominational Christian Churches,"2,497","660,498",17.18%,9.56%
47,Tennessee,314,North American Lutheran Church,4,,,
47,Tennessee,329,Open Bible Churches,1,50,0.00%,0.00%
47,Tennessee,331,Orthodox Church in America,6,700,0.02%,0.01%
47,Tennessee,276,Orthodox Judaism,5,"4,300",0.11%,0.06%
47,Tennessee,335,Orthodox Presbyterian Church,5,,,
47,Tennessee,D71,Pentecostal Assemblies of the World,5,790,0.02%,0.01%
47,Tennessee,339,Pentecostal Church of God,18,,,
47,Tennessee,355,Presbyterian Church (U.S.A.),241,"40,500",1.05%,0.59%
47,Tennessee,356,Presbyterian Church in America,83,"25,894",0.67%,0.37%
47,Tennessee,361,Primitive Baptists Associations,41,"3,740",0.10%,0.05%
47,Tennessee,362,"Primitive Baptists, Eastern District Association of",12,"1,325",0.03%,0.02%
47,Tennessee,364,"Progressive National Baptist Convention, Inc.",14,"14,202",0.37%,0.21%
47,Tennessee,365,Progressive Primitive Baptists,2,,,
47,Tennessee,271,Reform Judaism,5,"7,843",0.20%,0.11%
47,Tennessee,371,Reformed Church in America,2,68,0.00%,0.00%
47,Tennessee,375,Reformed Episcopal Church,2,,,
47,Tennessee,379,Reformed Mennonite Church,1,5,0.00%,0.00%
47,Tennessee,380,Reformed Presbyterian Church General Assembly,3,,,
47,Tennessee,FHG,Remnant: Charity Ministries and related,1,,,
47,Tennessee,401,Russian Orthodox Church Outside of Russia,5,290,0.01%,0.00%
47,Tennessee,403,Salvation Army,19,"1,894",0.05%,0.03%
47,Tennessee,410,Serbian Orthodox Church in North America,1,100,0.00%,0.00%
47,Tennessee,415,"Seventh Day Baptist General Conference, USA and Canada",1,15,0.00%,0.00%
47,Tennessee,413,Seventh-day Adventist Church,175,"44,391",1.15%,0.64%
47,Tennessee,419,Southern Baptist Convention,"3,151","1,310,341",34.08%,18.96%
47,Tennessee,421,Southern Methodist Church,5,,,
47,Tennessee,F51,Sovereign Grace Churches,3,,,
47,Tennessee,F52,Syro-Russian Orthodox Catholic Church,1,,,
47,Tennessee,F54,The local churches,5,,,
47,Tennessee,891,Theravada Buddhist,8,"3,790",0.10%,0.05%
47,Tennessee,FGQ,Twelve Tribes,2,,,
47,Tennessee,432,Unaffiliated Amish-Mennonite (Conservative),3,193,0.01%,0.00%
47,Tennessee,437,Union of Messianic Jewish Congregations,2,,,
47,Tennessee,435,Unitarian Universalist Association of Congregations,14,"2,743",0.07%,0.04%
47,Tennessee,443,United Church of Christ,15,"2,657",0.07%,0.04%
47,Tennessee,FGN,United Church of God,5,,,
47,Tennessee,F58,United House of Prayer,1,180,0.00%,0.00%
47,Tennessee,449,United Methodist Church,"1,377","335,322",8.72%,4.85%
47,Tennessee,454,United Pentecostal Church International,175,,,
47,Tennessee,124,"Unity Churches, Association of",10,,,
47,Tennessee,892,Vajarayana Buddhist,4,"1,100",0.03%,0.02%
47,Tennessee,FFQ,Vanguard Presbytery,2,,,
47,Tennessee,463,Vineyard USA,8,"2,616",0.07%,0.04%
47,Tennessee,467,Wesleyan Church,13,809,0.02%,0.01%
47,Tennessee,469,Wisconsin Evangelical Lutheran Synod,10,"2,253",0.06%,0.03%
48,Texas,001,Advent Christian Church,2,95,0.00%,0.00%
48,Texas,003,African Methodist Episcopal Church,227,"47,550",0.30%,0.16%
48,Texas,005,African Methodist Episcopal Zion Church,8,"1,108",0.01%,0.00%
48,Texas,FHJ,Agape Christian Fellowship,1,30,0.00%,0.00%
48,Texas,012,Alliance of Baptists,11,,,
48,Texas,FG6,American Anglican Church,1,,,
48,Texas,017,American Baptist Association,147,"27,422",0.17%,0.09%
48,Texas,019,American Baptist Churches in the USA,14,"4,537",0.03%,0.02%
48,Texas,904,American Ethical Union,1,,,
48,Texas,416,American Sikh Council,20,,,
48,Texas,031,"Amish Groups, undifferentiated",1,59,0.00%,0.00%
48,Texas,F01,Anglican Catholic Church,4,,,
48,Texas,FG4,Anglican Church in America,1,,,
48,Texas,033,Anglican Church in North America,104,,,
48,Texas,FG3,Anglican Province of America,4,,,
48,Texas,034,"Antiochian Orthodox Christian Archdiocese of North America, The",22,"6,093",0.04%,0.02%
48,Texas,040,Apostolic Christian Church of America,4,79,0.00%,0.00%
48,Texas,FEX,Apostolic Christian Faith,2,12,0.00%,0.00%
48,Texas,042,"Apostolic Faith Mission of Portland, OR",3,,,
48,Texas,045,Apostolic Lutheran Church of America,1,,,
48,Texas,050,Armenian Church of North America (Catholicosate of Etchmiadzin),4,"1,030",0.01%,0.00%
48,Texas,053,Assemblies of God,"1,432","296,826",1.85%,1.02%
48,Texas,055,Associate Reformed Presbyterian Church,3,,,
48,Texas,220,Association of Free Lutheran Congregations,6,281,0.00%,0.00%
48,Texas,058,Association of Messianic Congregations,1,,,
48,Texas,047,Association of Reformed Baptist Churches of America,6,,,
48,Texas,056,Baha'i Faith USA,67,"14,404",0.09%,0.05%
48,Texas,059,Baptist Missionary Association of America,394,,,
48,Texas,061,Beachy Amish-Mennonite Churches,2,152,0.00%,0.00%
48,Texas,065,"Bethel Ministerial Association, Inc.",2,,,
48,Texas,FE8,Bible Methodist Connection,4,,,
48,Texas,E54,"Bible Way Church of Our Lord Jesus Christ World Wide, Inc.",3,340,0.00%,0.00%
48,Texas,FHW,Biblical Mennonite Alliance,1,43,0.00%,0.00%
48,Texas,075,Brethren In Christ Church,1,,,
48,Texas,084,Calvary Chapel Fellowship Churches,11,,,
48,Texas,081,Catholic Church,"1,342","5,905,142",36.80%,20.26%
48,Texas,FGS,Chabad Judaism,43,,,
48,Texas,244,Charis Fellowship,2,,,
48,Texas,087,Christadelphian,16,,,
48,Texas,089,Christian and Missionary Alliance,46,"4,731",0.03%,0.02%
48,Texas,353,Christian Brethren (Open Plymouth Brethren),42,,,
48,Texas,093,Christian Church (Disciples of Christ),357,"65,650",0.41%,0.23%
48,Texas,097,Christian Churches and Churches of Christ,118,"40,435",0.25%,0.14%
48,Texas,F10,Christian Congregation in North America,6,,,
48,Texas,101,Christian Methodist Episcopal Church,212,"38,645",0.24%,0.13%
48,Texas,105,Christian Reformed Church in North America,19,"1,386",0.01%,0.00%
48,Texas,110,"Church of Christ (Holiness), U.S.A.",5,,,
48,Texas,143,"Church of Christ, Mennonite",11,"1,495",0.01%,0.01%
48,Texas,111,"Church of Christ, Scientist",10,,,
48,Texas,F53,Church of God,4,,,
48,Texas,123,"Church of God (Anderson, Indiana)",66,"8,860",0.06%,0.03%
48,Texas,127,"Church of God (Cleveland, Tennessee)",254,"35,397",0.22%,0.12%
48,Texas,133,Church of God (Seventh Day),64,,,
48,Texas,C22,Church of God and Saints of Christ,1,,,
48,Texas,122,"Church of God by Faith, Inc.",1,,,
48,Texas,121,Church of God General Conference,1,38,0.00%,0.00%
48,Texas,141,Church of God in Christ,373,"92,815",0.58%,0.32%
48,Texas,145,Church of God of Prophecy,86,,,
48,Texas,120,"Church of God of the Apostolic Faith, Inc.",17,,,
48,Texas,F16,Church of God of the Firstborn,1,,,
48,Texas,151,Church of Jesus Christ of Latter-day Saints,731,"362,037",2.26%,1.24%
48,Texas,149,"Church of Jesus Christ, The (Bickertonites)",1,,,
48,Texas,155,"Church of Our Lord Jesus Christ of the Apostolic Faith, Inc.",33,"4,246",0.03%,0.01%
48,Texas,157,Church of the Brethren,1,26,0.00%,0.00%
48,Texas,A47,Church of the Living God (Christian Workers for Fellowship),25,,,
48,Texas,164,Church of the Lutheran Confession,2,,,
48,Texas,165,Church of the Nazarene,323,"44,112",0.27%,0.15%
48,Texas,167,Churches of Christ,"1,897","312,132",1.95%,1.07%
48,Texas,168,Churches of Christ in Christian Union,4,,,
48,Texas,171,"Churches of God, General Conference",1,0,0.00%,0.00%
48,Texas,172,Communion of Reformed Evangelical Churches,3,,,
48,Texas,173,Community of Christ,31,,,
48,Texas,177,Congregational Holiness Church,5,,,
48,Texas,180,Congregational Methodist Church,39,,,
48,Texas,181,Conservative Congregational Christian Conference,2,230,0.00%,0.00%
48,Texas,270,Conservative Judaism,15,"17,513",0.11%,0.06%
48,Texas,183,Conservative Mennonite Conference,2,71,0.00%,0.00%
48,Texas,057,Converge Worldwide / Baptist General Conference,18,,,
48,Texas,186,Coptic Orthodox Church,24,"10,519",0.07%,0.04%
48,Texas,FF6,Covenant Presbyterian Church,2,,,
48,Texas,185,Cumberland Presbyterian,37,"7,173",0.04%,0.02%
48,Texas,187,Cumberland Presbyterian Church in America,19,"2,236",0.01%,0.01%
48,Texas,FG7,Diocese of the Holy Cross,1,,,
48,Texas,286,Eastern Pennsylvania Mennonite Church,2,"1,221",0.01%,0.00%
48,Texas,FFW,ECO: A Covenant Order of Presbyterians,37,,,
48,Texas,190,Elim Fellowship,3,,,
48,Texas,193,Episcopal Church,353,"134,318",0.84%,0.46%
48,Texas,FG8,Episcopal Missionary Church,5,,,
48,Texas,202,Eritrean Orthodox,7,"4,042",0.03%,0.01%
48,Texas,204,Ethiopian Orthodox,17,"8,087",0.05%,0.03%
48,Texas,198,"Evangelical Association of Reformed, and Congregational Christian Churches",7,,,
48,Texas,201,Evangelical Covenant Church,18,"2,045",0.01%,0.01%
48,Texas,203,Evangelical Free Church of America,70,,,
48,Texas,328,Evangelical Friends Church International,9,985,0.01%,0.00%
48,Texas,207,Evangelical Lutheran Church in America,308,"77,170",0.48%,0.26%
48,Texas,FFE,Evangelical Lutheran Diocese of North America,5,,,
48,Texas,209,Evangelical Lutheran Synod,4,247,0.00%,0.00%
48,Texas,215,Evangelical Methodist Church,14,,,
48,Texas,216,Evangelical Presbyterian Church,25,,,
48,Texas,FGP,Every Nation,12,,,
48,Texas,FGL,Fellowship of Christian Assemblies,1,,,
48,Texas,263,"Foursquare Gospel, International Church of the",71,"21,366",0.13%,0.07%
48,Texas,221,Free Methodist Church--USA,18,751,0.00%,0.00%
48,Texas,FFA,Free Presbyterian Church of Scotland,1,,,
48,Texas,391,Friends General Conference,18,718,0.00%,0.00%
48,Texas,225,Friends United Meeting,1,11,0.00%,0.00%
48,Texas,232,Full Gospel Baptist Church Fellowship,157,"27,088",0.17%,0.09%
48,Texas,FFR,Full Gospel Christian Assemblies International,72,"37,080",0.23%,0.13%
48,Texas,231,General Association of General Baptists,6,"4,060",0.03%,0.01%
48,Texas,388,General Association of Regular Baptist Churches,5,,,
48,Texas,FGM,Grace Communion International,12,,,
48,Texas,243,Grace Gospel Fellowship,4,,,
48,Texas,246,Greek Orthodox Archdiocese of America,16,"11,904",0.07%,0.04%
48,Texas,FGD,Higher Ground Always Abounding Assemblies,3,,,
48,Texas,895,Hindu Temples,37,"77,076",0.48%,0.26%
48,Texas,896,Hindu Yoga and Meditation,81,"35,077",0.22%,0.12%
48,Texas,FG9,Holy Catholic Church Anglican Rite,1,,,
48,Texas,FGR,Independent Judaism,1,20,0.00%,0.00%
48,Texas,264,International Churches of Christ,11,"4,020",0.03%,0.01%
48,Texas,FE9,International Communion of the Charismatic Episcopal Church,1,,,
48,Texas,262,International Council of Community Churches,1,,,
48,Texas,256,International Fellowship of Bible Churches,1,,,
48,Texas,268,Jain,4,,,
48,Texas,272,Jehovah's Witnesses,"1,191","317,698",1.98%,1.09%
48,Texas,FFL,Knanaya Churches in the USA,3,810,0.01%,0.00%
48,Texas,283,Lutheran Church--Missouri Synod,371,"112,900",0.70%,0.39%
48,Texas,255,Lutheran Congregations in Mission for Christ,53,"11,382",0.07%,0.04%
48,Texas,890,Mahayana Buddhist,41,"26,714",0.17%,0.09%
48,Texas,334,Malankara Archdiocese of the Syrian Orthodox Church in North America,6,"1,838",0.01%,0.01%
48,Texas,F28,Malankara Mar Thoma Church,8,"1,391",0.01%,0.00%
48,Texas,333,Malankara Orthodox Syrian Church,17,"5,461",0.03%,0.02%
48,Texas,278,Maranatha Amish-Mennonite,1,141,0.00%,0.00%
48,Texas,288,Mennonite Church USA,25,"1,259",0.01%,0.00%
48,Texas,290,Metropolitan Community Churches,13,"1,498",0.01%,0.01%
48,Texas,291,Missionary Church,26,"4,057",0.03%,0.01%
48,Texas,267,Muslim Estimate,225,"313,209",1.95%,1.07%
48,Texas,223,National Association of Free Will Baptists,42,"1,449",0.01%,0.00%
48,Texas,301,"National Baptist Convention of America, Inc.",104,"66,790",0.42%,0.23%
48,Texas,300,"National Baptist Convention, USA, Inc.",94,"79,088",0.49%,0.27%
48,Texas,302,"National Missionary Baptist Convention, Inc.",875,"294,954",1.84%,1.01%
48,Texas,303,National Spiritualist Association of Churches,2,,,
48,Texas,F31,Nationwide Fellowship Mennonite Churches,2,157,0.00%,0.00%
48,Texas,309,New Apostolic Church USA,8,,,
48,Texas,500,Non-denominational Christian Churches,"4,212","2,405,786",14.99%,8.25%
48,Texas,313,North American Baptist Conference,13,,,
48,Texas,314,North American Lutheran Church,35,,,
48,Texas,F35,"Old German Baptist Brethren, New Conference",0,1,0.00%,0.00%
48,Texas,329,Open Bible Churches,3,142,0.00%,0.00%
48,Texas,FGA,Orthodox Anglican Church,1,,,
48,Texas,331,Orthodox Church in America,18,"2,557",0.02%,0.01%
48,Texas,276,Orthodox Judaism,18,"8,110",0.05%,0.03%
48,Texas,FFN,Orthodox Old Roman Catholic Communion,1,,,
48,Texas,335,Orthodox Presbyterian Church,21,,,
48,Texas,D71,Pentecostal Assemblies of the World,7,"2,456",0.02%,0.01%
48,Texas,339,Pentecostal Church of God,116,,,
48,Texas,352,Polish National Catholic Church,2,,,
48,Texas,355,Presbyterian Church (U.S.A.),417,"81,282",0.51%,0.28%
48,Texas,356,Presbyterian Church in America,100,"21,290",0.13%,0.07%
48,Texas,361,Primitive Baptists Associations,49,"4,291",0.03%,0.01%
48,Texas,363,Primitive Methodist Church in the USA,1,,,
48,Texas,364,"Progressive National Baptist Convention, Inc.",9,"2,778",0.02%,0.01%
48,Texas,275,Reconstructionist Judaism,2,140,0.00%,0.00%
48,Texas,271,Reform Judaism,29,"31,378",0.20%,0.11%
48,Texas,371,Reformed Church in America,14,581,0.00%,0.00%
48,Texas,375,Reformed Episcopal Church,13,,,
48,Texas,380,Reformed Presbyterian Church General Assembly,1,,,
48,Texas,383,Reformed Presbyterian Church of North America,3,95,0.00%,0.00%
48,Texas,382,"Reformed Presbyterian Church, Hanover Presbytery",1,,,
48,Texas,395,Romanian Orthodox Archdiocese in Americas,3,370,0.00%,0.00%
48,Texas,401,Russian Orthodox Church Outside of Russia,8,"1,673",0.01%,0.01%
48,Texas,403,Salvation Army,55,"8,137",0.05%,0.03%
48,Texas,410,Serbian Orthodox Church in North America,4,"1,214",0.01%,0.00%
48,Texas,415,"Seventh Day Baptist General Conference, USA and Canada",2,39,0.00%,0.00%
48,Texas,413,Seventh-day Adventist Church,412,"99,868",0.62%,0.34%
48,Texas,419,Southern Baptist Convention,"7,935","3,319,962",20.69%,11.39%
48,Texas,421,Southern Methodist Church,1,,,
48,Texas,F51,Sovereign Grace Churches,8,,,
48,Texas,423,Syriac Orthodox Church of Antioch,3,180,0.00%,0.00%
48,Texas,F52,Syro-Russian Orthodox Catholic Church,1,,,
48,Texas,F54,The local churches,36,,,
48,Texas,891,Theravada Buddhist,41,"23,373",0.15%,0.08%
48,Texas,432,Unaffiliated Amish-Mennonite (Conservative),2,303,0.00%,0.00%
48,Texas,FHF,Unaffiliated Conservative Mennonite,1,30,0.00%,0.00%
48,Texas,FD6,Unaffiliated Conservative Mennonite (Grandview fellowship),2,140,0.00%,0.00%
48,Texas,FER,Unification Church,2,,,
48,Texas,437,Union of Messianic Jewish Congregations,2,,,
48,Texas,435,Unitarian Universalist Association of Congregations,46,"10,627",0.07%,0.04%
48,Texas,443,United Church of Christ,54,"10,150",0.06%,0.03%
48,Texas,FGN,United Church of God,12,,,
48,Texas,F58,United House of Prayer,1,100,0.00%,0.00%
48,Texas,449,United Methodist Church,"1,758","938,399",5.85%,3.22%
48,Texas,454,United Pentecostal Church International,735,,,
48,Texas,124,"Unity Churches, Association of",41,,,
48,Texas,461,Unity of the Brethren,24,,,
48,Texas,237,US Conference of Mennonite Brethren Churches,11,588,0.00%,0.00%
48,Texas,892,Vajarayana Buddhist,16,"10,795",0.07%,0.04%
48,Texas,FFQ,Vanguard Presbytery,1,,,
48,Texas,462,Vedanta Society,3,,,
48,Texas,463,Vineyard USA,29,"5,998",0.04%,0.02%
48,Texas,467,Wesleyan Church,19,"1,488",0.01%,0.01%
48,Texas,469,Wisconsin Evangelical Lutheran Synod,39,"8,126",0.05%,0.03%
48,Texas,490,Zoroastrian,3,,,
49,Utah,003,African Methodist Episcopal Church,2,404,0.02%,0.01%
49,Utah,019,American Baptist Churches in the USA,7,"2,082",0.08%,0.06%
49,Utah,416,American Sikh Council,1,,,
49,Utah,033,Anglican Church in North America,1,,,
49,Utah,034,"Antiochian Orthodox Christian Archdiocese of North America, The",1,255,0.01%,0.01%
49,Utah,051,Armenian Evangelical Churches (Additional),1,,,
49,Utah,053,Assemblies of God,52,"14,569",0.59%,0.45%
49,Utah,056,Baha'i Faith USA,11,"1,438",0.06%,0.04%
49,Utah,061,Beachy Amish-Mennonite Churches,1,42,0.00%,0.00%
49,Utah,084,Calvary Chapel Fellowship Churches,6,,,
49,Utah,081,Catholic Church,66,"213,155",8.56%,6.52%
49,Utah,FGS,Chabad Judaism,2,,,
49,Utah,089,Christian and Missionary Alliance,4,737,0.03%,0.02%
49,Utah,353,Christian Brethren (Open Plymouth Brethren),1,,,
49,Utah,093,Christian Church (Disciples of Christ),5,28,0.00%,0.00%
49,Utah,097,Christian Churches and Churches of Christ,5,989,0.04%,0.03%
49,Utah,F10,Christian Congregation in North America,1,,,
49,Utah,105,Christian Reformed Church in North America,3,206,0.01%,0.01%
49,Utah,111,"Church of Christ, Scientist",2,,,
49,Utah,127,"Church of God (Cleveland, Tennessee)",13,415,0.02%,0.01%
49,Utah,133,Church of God (Seventh Day),1,,,
49,Utah,141,Church of God in Christ,3,590,0.02%,0.02%
49,Utah,145,Church of God of Prophecy,10,,,
49,Utah,151,Church of Jesus Christ of Latter-day Saints,"5,239","2,126,216",85.40%,64.99%
49,Utah,165,Church of the Nazarene,3,406,0.02%,0.01%
49,Utah,167,Churches of Christ,18,"1,098",0.04%,0.03%
49,Utah,173,Community of Christ,2,,,
49,Utah,270,Conservative Judaism,1,621,0.02%,0.02%
49,Utah,057,Converge Worldwide / Baptist General Conference,4,,,
49,Utah,186,Coptic Orthodox Church,1,40,0.00%,0.00%
49,Utah,193,Episcopal Church,25,"4,372",0.18%,0.13%
49,Utah,204,Ethiopian Orthodox,1,80,0.00%,0.00%
49,Utah,203,Evangelical Free Church of America,9,,,
49,Utah,207,Evangelical Lutheran Church in America,10,"1,976",0.08%,0.06%
49,Utah,209,Evangelical Lutheran Synod,1,94,0.00%,0.00%
49,Utah,216,Evangelical Presbyterian Church,1,,,
49,Utah,263,"Foursquare Gospel, International Church of the",10,"1,490",0.06%,0.05%
49,Utah,391,Friends General Conference,3,83,0.00%,0.00%
49,Utah,FFR,Full Gospel Christian Assemblies International,3,290,0.01%,0.01%
49,Utah,388,General Association of Regular Baptist Churches,5,,,
49,Utah,FGM,Grace Communion International,1,,,
49,Utah,246,Greek Orthodox Archdiocese of America,5,"3,860",0.16%,0.12%
49,Utah,895,Hindu Temples,1,"2,500",0.10%,0.08%
49,Utah,896,Hindu Yoga and Meditation,9,"2,084",0.08%,0.06%
49,Utah,251,Holy Orthodox Church in North America,1,8,0.00%,0.00%
49,Utah,264,International Churches of Christ,1,86,0.00%,0.00%
49,Utah,272,Jehovah's Witnesses,69,"15,092",0.61%,0.46%
49,Utah,283,Lutheran Church--Missouri Synod,15,"1,814",0.07%,0.06%
49,Utah,255,Lutheran Congregations in Mission for Christ,5,"1,120",0.04%,0.03%
49,Utah,890,Mahayana Buddhist,6,"5,501",0.22%,0.17%
49,Utah,267,Muslim Estimate,14,"25,403",1.02%,0.78%
49,Utah,175,National Association of Congregational Christian Churches,1,86,0.00%,0.00%
49,Utah,300,"National Baptist Convention, USA, Inc.",3,"2,095",0.08%,0.06%
49,Utah,F31,Nationwide Fellowship Mennonite Churches,1,77,0.00%,0.00%
49,Utah,309,New Apostolic Church USA,1,,,
49,Utah,500,Non-denominational Christian Churches,112,"26,092",1.05%,0.80%
49,Utah,329,Open Bible Churches,1,8,0.00%,0.00%
49,Utah,335,Orthodox Presbyterian Church,2,,,
49,Utah,339,Pentecostal Church of God,6,,,
49,Utah,355,Presbyterian Church (U.S.A.),19,"2,847",0.11%,0.09%
49,Utah,356,Presbyterian Church in America,8,648,0.03%,0.02%
49,Utah,275,Reconstructionist Judaism,1,95,0.00%,0.00%
49,Utah,271,Reform Judaism,3,"1,764",0.07%,0.05%
49,Utah,401,Russian Orthodox Church Outside of Russia,1,250,0.01%,0.01%
49,Utah,403,Salvation Army,3,123,0.00%,0.00%
49,Utah,410,Serbian Orthodox Church in North America,1,500,0.02%,0.02%
49,Utah,413,Seventh-day Adventist Church,21,"3,685",0.15%,0.11%
49,Utah,419,Southern Baptist Convention,95,"10,420",0.42%,0.32%
49,Utah,F54,The local churches,1,,,
49,Utah,891,Theravada Buddhist,5,"3,716",0.15%,0.11%
49,Utah,FER,Unification Church,1,,,
49,Utah,435,Unitarian Universalist Association of Congregations,4,846,0.03%,0.03%
49,Utah,443,United Church of Christ,10,769,0.03%,0.02%
49,Utah,FGN,United Church of God,1,,,
49,Utah,449,United Methodist Church,20,"4,066",0.16%,0.12%
49,Utah,454,United Pentecostal Church International,7,,,
49,Utah,124,"Unity Churches, Association of",2,,,
49,Utah,237,US Conference of Mennonite Brethren Churches,8,925,0.04%,0.03%
49,Utah,892,Vajarayana Buddhist,3,220,0.01%,0.01%
49,Utah,179,Venture Church Network,6,,,
49,Utah,463,Vineyard USA,3,224,0.01%,0.01%
49,Utah,467,Wesleyan Church,2,35,0.00%,0.00%
49,Utah,469,Wisconsin Evangelical Lutheran Synod,4,936,0.04%,0.03%
50,Vermont,001,Advent Christian Church,4,237,0.10%,0.04%
50,Vermont,017,American Baptist Association,1,150,0.06%,0.02%
50,Vermont,019,American Baptist Churches in the USA,48,"6,996",2.89%,1.09%
50,Vermont,031,"Amish Groups, undifferentiated",1,110,0.05%,0.02%
50,Vermont,F01,Anglican Catholic Church,1,,,
50,Vermont,FG4,Anglican Church in America,2,,,
50,Vermont,033,Anglican Church in North America,2,,,
50,Vermont,040,Apostolic Christian Church of America,1,26,0.01%,0.00%
50,Vermont,053,Assemblies of God,24,"1,824",0.75%,0.28%
50,Vermont,056,Baha'i Faith USA,3,325,0.13%,0.05%
50,Vermont,081,Catholic Church,106,"134,208",55.45%,20.87%
50,Vermont,FGS,Chabad Judaism,4,,,
50,Vermont,087,Christadelphian,2,,,
50,Vermont,089,Christian and Missionary Alliance,9,"5,120",2.12%,0.80%
50,Vermont,353,Christian Brethren (Open Plymouth Brethren),2,,,
50,Vermont,097,Christian Churches and Churches of Christ,2,69,0.03%,0.01%
50,Vermont,105,Christian Reformed Church in North America,1,118,0.05%,0.02%
50,Vermont,111,"Church of Christ, Scientist",1,,,
50,Vermont,127,"Church of God (Cleveland, Tennessee)",1,91,0.04%,0.01%
50,Vermont,145,Church of God of Prophecy,2,,,
50,Vermont,151,Church of Jesus Christ of Latter-day Saints,12,"4,623",1.91%,0.72%
50,Vermont,165,Church of the Nazarene,9,902,0.37%,0.14%
50,Vermont,167,Churches of Christ,10,548,0.23%,0.09%
50,Vermont,176,"Congregational Christian Churches, Additional (not part of any national CCC body)",6,149,0.06%,0.02%
50,Vermont,181,Conservative Congregational Christian Conference,10,774,0.32%,0.12%
50,Vermont,270,Conservative Judaism,1,810,0.33%,0.13%
50,Vermont,057,Converge Worldwide / Baptist General Conference,2,,,
50,Vermont,186,Coptic Orthodox Church,1,150,0.06%,0.02%
50,Vermont,286,Eastern Pennsylvania Mennonite Church,1,116,0.05%,0.02%
50,Vermont,193,Episcopal Church,45,"5,305",2.19%,0.82%
50,Vermont,201,Evangelical Covenant Church,1,87,0.04%,0.01%
50,Vermont,203,Evangelical Free Church of America,4,,,
50,Vermont,207,Evangelical Lutheran Church in America,7,812,0.34%,0.13%
50,Vermont,FGL,Fellowship of Christian Assemblies,2,,,
50,Vermont,263,"Foursquare Gospel, International Church of the",3,130,0.05%,0.02%
50,Vermont,393,"Friends General Conference and Friends United Meeting, dually aligned meetings",8,410,0.17%,0.06%
50,Vermont,FFR,Full Gospel Christian Assemblies International,1,90,0.04%,0.01%
50,Vermont,388,General Association of Regular Baptist Churches,2,,,
50,Vermont,246,Greek Orthodox Archdiocese of America,2,155,0.06%,0.02%
50,Vermont,896,Hindu Yoga and Meditation,7,"1,287",0.53%,0.20%
50,Vermont,FGR,Independent Judaism,2,200,0.08%,0.03%
50,Vermont,264,International Churches of Christ,1,39,0.02%,0.01%
50,Vermont,260,International Fellowship of Christian Assemblies,1,,,
50,Vermont,272,Jehovah's Witnesses,20,"3,768",1.56%,0.59%
50,Vermont,283,Lutheran Church--Missouri Synod,3,380,0.16%,0.06%
50,Vermont,890,Mahayana Buddhist,1,58,0.02%,0.01%
50,Vermont,288,Mennonite Church USA,2,98,0.04%,0.02%
50,Vermont,267,Muslim Estimate,4,"6,201",2.56%,0.96%
50,Vermont,175,National Association of Congregational Christian Churches,4,375,0.15%,0.06%
50,Vermont,F31,Nationwide Fellowship Mennonite Churches,1,90,0.04%,0.01%
50,Vermont,309,New Apostolic Church USA,1,,,
50,Vermont,500,Non-denominational Christian Churches,53,"29,830",12.33%,4.64%
50,Vermont,331,Orthodox Church in America,2,99,0.04%,0.02%
50,Vermont,335,Orthodox Presbyterian Church,1,,,
50,Vermont,355,Presbyterian Church (U.S.A.),8,526,0.22%,0.08%
50,Vermont,356,Presbyterian Church in America,1,95,0.04%,0.01%
50,Vermont,275,Reconstructionist Judaism,1,292,0.12%,0.05%
50,Vermont,271,Reform Judaism,4,"1,191",0.49%,0.19%
50,Vermont,403,Salvation Army,3,255,0.11%,0.04%
50,Vermont,413,Seventh-day Adventist Church,14,854,0.35%,0.13%
50,Vermont,419,Southern Baptist Convention,48,"4,222",1.74%,0.66%
50,Vermont,FGQ,Twelve Tribes,2,,,
50,Vermont,435,Unitarian Universalist Association of Congregations,21,"2,671",1.10%,0.42%
50,Vermont,443,United Church of Christ,129,"11,882",4.91%,1.85%
50,Vermont,449,United Methodist Church,113,"9,652",3.99%,1.50%
50,Vermont,454,United Pentecostal Church International,11,,,
50,Vermont,455,United Reformed Churches in North America,1,183,0.08%,0.03%
50,Vermont,892,Vajarayana Buddhist,12,"3,230",1.33%,0.50%
50,Vermont,179,Venture Church Network,4,,,
50,Vermont,463,Vineyard USA,1,10,0.00%,0.00%
50,Vermont,467,Wesleyan Church,2,134,0.06%,0.02%
50,Vermont,469,Wisconsin Evangelical Lutheran Synod,1,60,0.02%,0.01%
51,Virginia,326,(Original) Church of God,2,,,
51,Virginia,001,Advent Christian Church,11,"1,212",0.03%,0.01%
51,Virginia,003,African Methodist Episcopal Church,67,"16,765",0.42%,0.19%
51,Virginia,005,African Methodist Episcopal Zion Church,59,"11,425",0.29%,0.13%
51,Virginia,012,Alliance of Baptists,15,,,
51,Virginia,284,American Association of Lutheran Churches,1,,,
51,Virginia,017,American Baptist Association,3,450,0.01%,0.01%
51,Virginia,019,American Baptist Churches in the USA,79,"38,985",0.98%,0.45%
51,Virginia,904,American Ethical Union,1,,,
51,Virginia,416,American Sikh Council,12,,,
51,Virginia,031,"Amish Groups, undifferentiated",16,"1,668",0.04%,0.02%
51,Virginia,F01,Anglican Catholic Church,17,,,
51,Virginia,033,Anglican Church in North America,53,,,
51,Virginia,FG3,Anglican Province of America,4,,,
51,Virginia,034,"Antiochian Orthodox Christian Archdiocese of North America, The",4,320,0.01%,0.00%
51,Virginia,FF8,Apostolic Christian Church (Nazarene) - West Conference,1,60,0.00%,0.00%
51,Virginia,042,"Apostolic Faith Mission of Portland, OR",2,,,
51,Virginia,050,Armenian Church of North America (Catholicosate of Etchmiadzin),1,150,0.00%,0.00%
51,Virginia,053,Assemblies of God,243,"69,335",1.75%,0.80%
51,Virginia,055,Associate Reformed Presbyterian Church,14,,,
51,Virginia,058,Association of Messianic Congregations,1,,,
51,Virginia,056,Baha'i Faith USA,31,"5,196",0.13%,0.06%
51,Virginia,059,Baptist Missionary Association of America,1,,,
51,Virginia,061,Beachy Amish-Mennonite Churches,11,"1,174",0.03%,0.01%
51,Virginia,FEZ,Believers in Christ,1,34,0.00%,0.00%
51,Virginia,FE8,Bible Methodist Connection,2,,,
51,Virginia,069,Bible Presbyterian Church (General Synod),1,,,
51,Virginia,FHW,Biblical Mennonite Alliance,3,461,0.01%,0.01%
51,Virginia,071,"Brethren Church, The (Ashland, Ohio)",11,,,
51,Virginia,075,Brethren In Christ Church,5,,,
51,Virginia,078,"Bulgarian Eastern Orthodox Diocese of the USA, Canada and Australia",1,65,0.00%,0.00%
51,Virginia,084,Calvary Chapel Fellowship Churches,4,,,
51,Virginia,FFM,Catholic Apostolic Church in North America,2,,,
51,Virginia,081,Catholic Church,233,"888,163",22.37%,10.29%
51,Virginia,082,Central Baptist Association,6,268,0.01%,0.00%
51,Virginia,FGS,Chabad Judaism,14,,,
51,Virginia,244,Charis Fellowship,12,,,
51,Virginia,087,Christadelphian,15,,,
51,Virginia,089,Christian and Missionary Alliance,20,"2,367",0.06%,0.03%
51,Virginia,353,Christian Brethren (Open Plymouth Brethren),13,,,
51,Virginia,093,Christian Church (Disciples of Christ),149,"15,534",0.39%,0.18%
51,Virginia,097,Christian Churches and Churches of Christ,187,"42,812",1.08%,0.50%
51,Virginia,F10,Christian Congregation in North America,2,,,
51,Virginia,101,Christian Methodist Episcopal Church,18,"2,672",0.07%,0.03%
51,Virginia,105,Christian Reformed Church in North America,3,167,0.00%,0.00%
51,Virginia,D83,Christ's Sanctified Holy Church,2,,,
51,Virginia,110,"Church of Christ (Holiness), U.S.A.",7,,,
51,Virginia,143,"Church of Christ, Mennonite",1,135,0.00%,0.00%
51,Virginia,111,"Church of Christ, Scientist",5,,,
51,Virginia,F53,Church of God,12,,,
51,Virginia,123,"Church of God (Anderson, Indiana)",53,"10,608",0.27%,0.12%
51,Virginia,125,Church of God (Apostolic),1,,,
51,Virginia,127,"Church of God (Cleveland, Tennessee)",205,"37,677",0.95%,0.44%
51,Virginia,133,Church of God (Seventh Day),3,,,
51,Virginia,C22,Church of God and Saints of Christ,2,,,
51,Virginia,122,"Church of God by Faith, Inc.",2,,,
51,Virginia,121,Church of God General Conference,4,151,0.00%,0.00%
51,Virginia,141,Church of God in Christ,97,"26,052",0.66%,0.30%
51,Virginia,145,Church of God of Prophecy,87,,,
51,Virginia,146,"Church of God, Mountain Assembly, Inc.",2,,,
51,Virginia,151,Church of Jesus Christ of Latter-day Saints,206,"96,496",2.43%,1.12%
51,Virginia,149,"Church of Jesus Christ, The (Bickertonites)",1,,,
51,Virginia,155,"Church of Our Lord Jesus Christ of the Apostolic Faith, Inc.",66,"10,172",0.26%,0.12%
51,Virginia,157,Church of the Brethren,179,"25,585",0.64%,0.30%
51,Virginia,FFK,Church of the Genuine Orthodox Christians,1,80,0.00%,0.00%
51,Virginia,164,Church of the Lutheran Confession,1,,,
51,Virginia,165,Church of the Nazarene,101,"35,739",0.90%,0.41%
51,Virginia,438,Church of the United Brethren in Christ USA,5,595,0.01%,0.01%
51,Virginia,167,Churches of Christ,162,"14,943",0.38%,0.17%
51,Virginia,168,Churches of Christ in Christian Union,4,,,
51,Virginia,171,"Churches of God, General Conference",1,44,0.00%,0.00%
51,Virginia,172,Communion of Reformed Evangelical Churches,3,,,
51,Virginia,173,Community of Christ,4,,,
51,Virginia,176,"Congregational Christian Churches, Additional (not part of any national CCC body)",3,221,0.01%,0.00%
51,Virginia,177,Congregational Holiness Church,11,,,
51,Virginia,181,Conservative Congregational Christian Conference,5,"1,085",0.03%,0.01%
51,Virginia,270,Conservative Judaism,13,"9,540",0.24%,0.11%
51,Virginia,183,Conservative Mennonite Conference,4,381,0.01%,0.00%
51,Virginia,390,Conservative Yearly Meeting of Friends,2,106,0.00%,0.00%
51,Virginia,057,Converge Worldwide / Baptist General Conference,8,,,
51,Virginia,186,Coptic Orthodox Church,16,"9,689",0.24%,0.11%
51,Virginia,FG7,Diocese of the Holy Cross,3,,,
51,Virginia,286,Eastern Pennsylvania Mennonite Church,1,126,0.00%,0.00%
51,Virginia,FFW,ECO: A Covenant Order of Presbyterians,13,,,
51,Virginia,190,Elim Fellowship,9,,,
51,Virginia,193,Episcopal Church,333,"99,669",2.51%,1.15%
51,Virginia,FG8,Episcopal Missionary Church,6,,,
51,Virginia,202,Eritrean Orthodox,1,480,0.01%,0.01%
51,Virginia,204,Ethiopian Orthodox,18,"11,205",0.28%,0.13%
51,Virginia,198,"Evangelical Association of Reformed, and Congregational Christian Churches",3,,,
51,Virginia,201,Evangelical Covenant Church,5,192,0.00%,0.00%
51,Virginia,203,Evangelical Free Church of America,15,,,
51,Virginia,328,Evangelical Friends Church International,14,"1,083",0.03%,0.01%
51,Virginia,207,Evangelical Lutheran Church in America,186,"44,193",1.11%,0.51%
51,Virginia,FFF,Evangelical Lutheran Conference and Ministerium of North America,2,,,
51,Virginia,215,Evangelical Methodist Church,5,,,
51,Virginia,216,Evangelical Presbyterian Church,37,,,
51,Virginia,FGP,Every Nation,8,,,
51,Virginia,263,"Foursquare Gospel, International Church of the",30,"4,502",0.11%,0.05%
51,Virginia,221,Free Methodist Church--USA,4,365,0.01%,0.00%
51,Virginia,391,Friends General Conference,19,"2,073",0.05%,0.02%
51,Virginia,393,"Friends General Conference and Friends United Meeting, dually aligned meetings",1,27,0.00%,0.00%
51,Virginia,225,Friends United Meeting,2,57,0.00%,0.00%
51,Virginia,F23,Full Gospel Assemblies International,1,,,
51,Virginia,232,Full Gospel Baptist Church Fellowship,13,"2,376",0.06%,0.03%
51,Virginia,FFR,Full Gospel Christian Assemblies International,21,"4,680",0.12%,0.05%
51,Virginia,231,General Association of General Baptists,2,"1,060",0.03%,0.01%
51,Virginia,388,General Association of Regular Baptist Churches,6,,,
51,Virginia,FGM,Grace Communion International,4,,,
51,Virginia,243,Grace Gospel Fellowship,1,,,
51,Virginia,246,Greek Orthodox Archdiocese of America,14,"9,010",0.23%,0.10%
51,Virginia,895,Hindu Temples,14,"28,038",0.71%,0.32%
51,Virginia,896,Hindu Yoga and Meditation,29,"7,888",0.20%,0.09%
51,Virginia,251,Holy Orthodox Church in North America,1,18,0.00%,0.00%
51,Virginia,FHK,Independent Conservative Brethren,0,5,0.00%,0.00%
51,Virginia,FFX,Indian Bottom Association of Old Regular Baptists,6,302,0.01%,0.00%
51,Virginia,264,International Churches of Christ,7,"2,062",0.05%,0.02%
51,Virginia,FE9,International Communion of the Charismatic Episcopal Church,2,,,
51,Virginia,265,International Pentecostal Church of Christ,5,,,
51,Virginia,268,Jain,3,,,
51,Virginia,272,Jehovah's Witnesses,244,"57,744",1.45%,0.67%
51,Virginia,FFL,Knanaya Churches in the USA,1,80,0.00%,0.00%
51,Virginia,283,Lutheran Church--Missouri Synod,57,"14,180",0.36%,0.16%
51,Virginia,255,Lutheran Congregations in Mission for Christ,3,500,0.01%,0.01%
51,Virginia,890,Mahayana Buddhist,15,"9,600",0.24%,0.11%
51,Virginia,334,Malankara Archdiocese of the Syrian Orthodox Church in North America,2,50,0.00%,0.00%
51,Virginia,F28,Malankara Mar Thoma Church,1,52,0.00%,0.00%
51,Virginia,333,Malankara Orthodox Syrian Church,1,114,0.00%,0.00%
51,Virginia,278,Maranatha Amish-Mennonite,1,65,0.00%,0.00%
51,Virginia,288,Mennonite Church USA,50,"6,811",0.17%,0.08%
51,Virginia,290,Metropolitan Community Churches,5,419,0.01%,0.00%
51,Virginia,295,Moravian Church in America--Southern Province,3,190,0.00%,0.00%
51,Virginia,267,Muslim Estimate,90,"169,371",4.27%,1.96%
51,Virginia,175,National Association of Congregational Christian Churches,1,30,0.00%,0.00%
51,Virginia,223,National Association of Free Will Baptists,67,"3,815",0.10%,0.04%
51,Virginia,301,"National Baptist Convention of America, Inc.",10,"4,145",0.10%,0.05%
51,Virginia,300,"National Baptist Convention, USA, Inc.",74,"62,153",1.57%,0.72%
51,Virginia,302,"National Missionary Baptist Convention, Inc.",63,"18,474",0.47%,0.21%
51,Virginia,304,"National Primitive Baptist Convention, USA, Inc.",4,600,0.02%,0.01%
51,Virginia,303,National Spiritualist Association of Churches,2,,,
51,Virginia,F31,Nationwide Fellowship Mennonite Churches,4,294,0.01%,0.00%
51,Virginia,309,New Apostolic Church USA,5,,,
51,Virginia,500,Non-denominational Christian Churches,"1,519","723,632",18.23%,8.38%
51,Virginia,314,North American Lutheran Church,5,,,
51,Virginia,315,North American Old Roman Catholic Church,2,,,
51,Virginia,FF2,Old German Baptist Brethren,4,892,0.02%,0.01%
51,Virginia,F35,"Old German Baptist Brethren, New Conference",2,120,0.00%,0.00%
51,Virginia,329,Open Bible Churches,3,890,0.02%,0.01%
51,Virginia,FF3,Original Virginia Conference Old Order Mennonite,1,486,0.01%,0.01%
51,Virginia,FGA,Orthodox Anglican Church,4,,,
51,Virginia,331,Orthodox Church in America,11,"1,351",0.03%,0.02%
51,Virginia,276,Orthodox Judaism,6,"1,360",0.03%,0.02%
51,Virginia,335,Orthodox Presbyterian Church,17,,,
51,Virginia,D71,Pentecostal Assemblies of the World,3,780,0.02%,0.01%
51,Virginia,339,Pentecostal Church of God,6,,,
51,Virginia,347,"Pentecostal Free Will Baptist Church, Inc.",2,,,
51,Virginia,F38,Pilgrim Mennonite Conference,2,269,0.01%,0.00%
51,Virginia,FF4,Pleasant View Old Order (Virginia) Mennonite Conference,1,222,0.01%,0.00%
51,Virginia,355,Presbyterian Church (U.S.A.),436,"77,505",1.95%,0.90%
51,Virginia,356,Presbyterian Church in America,103,"29,934",0.75%,0.35%
51,Virginia,361,Primitive Baptists Associations,7,583,0.01%,0.01%
51,Virginia,362,"Primitive Baptists, Eastern District Association of",17,"1,096",0.03%,0.01%
51,Virginia,364,"Progressive National Baptist Convention, Inc.",16,"8,092",0.20%,0.09%
51,Virginia,365,Progressive Primitive Baptists,1,,,
51,Virginia,275,Reconstructionist Judaism,1,216,0.01%,0.00%
51,Virginia,271,Reform Judaism,20,"16,135",0.41%,0.19%
51,Virginia,FGB,Reformed Bible Church,2,,,
51,Virginia,375,Reformed Episcopal Church,8,,,
51,Virginia,380,Reformed Presbyterian Church General Assembly,3,,,
51,Virginia,383,Reformed Presbyterian Church of North America,1,33,0.00%,0.00%
51,Virginia,382,"Reformed Presbyterian Church, Hanover Presbytery",3,,,
51,Virginia,384,Reformed Zion Union Apostolic Church,37,"4,708",0.12%,0.05%
51,Virginia,FHG,Remnant: Charity Ministries and related,1,,,
51,Virginia,FF5,Riverdale Old Order (Virginia) Mennonite Conference,1,581,0.01%,0.01%
51,Virginia,395,Romanian Orthodox Archdiocese in Americas,2,210,0.01%,0.00%
51,Virginia,401,Russian Orthodox Church Outside of Russia,9,439,0.01%,0.01%
51,Virginia,403,Salvation Army,26,"4,619",0.12%,0.05%
51,Virginia,410,Serbian Orthodox Church in North America,1,60,0.00%,0.00%
51,Virginia,413,Seventh-day Adventist Church,151,"29,283",0.74%,0.34%
51,Virginia,F48,Southeastern Mennonite Conference,12,"1,170",0.03%,0.01%
51,Virginia,419,Southern Baptist Convention,"2,030","663,951",16.72%,7.69%
51,Virginia,F51,Sovereign Grace Churches,4,,,
51,Virginia,414,Stauffer Mennonite Church,1,32,0.00%,0.00%
51,Virginia,423,Syriac Orthodox Church of Antioch,2,485,0.01%,0.01%
51,Virginia,F54,The local churches,6,,,
51,Virginia,891,Theravada Buddhist,12,"6,977",0.18%,0.08%
51,Virginia,FGQ,Twelve Tribes,1,,,
51,Virginia,431,Ukrainian Orthodox Church of the USA,1,90,0.00%,0.00%
51,Virginia,432,Unaffiliated Amish-Mennonite (Conservative),1,48,0.00%,0.00%
51,Virginia,FHF,Unaffiliated Conservative Mennonite,4,355,0.01%,0.00%
51,Virginia,FER,Unification Church,1,,,
51,Virginia,437,Union of Messianic Jewish Congregations,2,,,
51,Virginia,435,Unitarian Universalist Association of Congregations,24,"7,833",0.20%,0.09%
51,Virginia,439,United Catholic Church,1,160,0.00%,0.00%
51,Virginia,443,United Church of Christ,76,"9,455",0.24%,0.11%
51,Virginia,FGN,United Church of God,4,,,
51,Virginia,FG5,United Episcopal Church of North America,3,,,
51,Virginia,445,"United Holy Church of America, Inc.",42,"1,697",0.04%,0.02%
51,Virginia,F58,United House of Prayer,12,"2,068",0.05%,0.02%
51,Virginia,449,United Methodist Church,"1,461","409,558",10.32%,4.74%
51,Virginia,454,United Pentecostal Church International,68,,,
51,Virginia,124,"Unity Churches, Association of",15,,,
51,Virginia,892,Vajarayana Buddhist,9,"6,120",0.15%,0.07%
51,Virginia,FFQ,Vanguard Presbytery,1,,,
51,Virginia,463,Vineyard USA,11,"1,996",0.05%,0.02%
51,Virginia,FJ3,Weaverland Mennonite Conference,1,539,0.01%,0.01%
51,Virginia,467,Wesleyan Church,39,"5,399",0.14%,0.06%
51,Virginia,469,Wisconsin Evangelical Lutheran Synod,9,"2,196",0.06%,0.03%
51,Virginia,490,Zoroastrian,1,,,
53,Washington,001,Advent Christian Church,4,300,0.01%,0.00%
53,Washington,003,African Methodist Episcopal Church,9,"4,784",0.15%,0.06%
53,Washington,005,African Methodist Episcopal Zion Church,4,636,0.02%,0.01%
53,Washington,284,American Association of Lutheran Churches,2,,,
53,Washington,017,American Baptist Association,8,"1,354",0.04%,0.02%
53,Washington,019,American Baptist Churches in the USA,110,"20,222",0.63%,0.26%
53,Washington,416,American Sikh Council,11,,,
53,Washington,033,Anglican Church in North America,26,,,
53,Washington,FG3,Anglican Province of America,1,,,
53,Washington,FG2,Anglican Province of Christ the King,1,,,
53,Washington,034,"Antiochian Orthodox Christian Archdiocese of North America, The",12,"1,650",0.05%,0.02%
53,Washington,FF8,Apostolic Christian Church (Nazarene) - West Conference,1,36,0.00%,0.00%
53,Washington,042,"Apostolic Faith Mission of Portland, OR",4,,,
53,Washington,045,Apostolic Lutheran Church of America,7,,,
53,Washington,050,Armenian Church of North America (Catholicosate of Etchmiadzin),1,"2,500",0.08%,0.03%
53,Washington,053,Assemblies of God,418,"144,023",4.52%,1.87%
53,Washington,220,Association of Free Lutheran Congregations,6,511,0.02%,0.01%
53,Washington,056,Baha'i Faith USA,72,"7,777",0.24%,0.10%
53,Washington,059,Baptist Missionary Association of America,4,,,
53,Washington,063,Berean Fellowship of Churches,1,,,
53,Washington,217,Bible Holiness Church,1,,,
53,Washington,069,Bible Presbyterian Church (General Synod),4,,,
53,Washington,084,Calvary Chapel Fellowship Churches,16,,,
53,Washington,086,Canadian and American Reformed Churches,2,,,
53,Washington,081,Catholic Church,304,"826,597",25.95%,10.73%
53,Washington,FGS,Chabad Judaism,28,,,
53,Washington,244,Charis Fellowship,10,,,
53,Washington,087,Christadelphian,4,,,
53,Washington,089,Christian and Missionary Alliance,82,"16,433",0.52%,0.21%
53,Washington,353,Christian Brethren (Open Plymouth Brethren),26,,,
53,Washington,093,Christian Church (Disciples of Christ),43,"2,444",0.08%,0.03%
53,Washington,097,Christian Churches and Churches of Christ,53,"19,493",0.61%,0.25%
53,Washington,F10,Christian Congregation in North America,1,,,
53,Washington,101,Christian Methodist Episcopal Church,3,480,0.02%,0.01%
53,Washington,105,Christian Reformed Church in North America,51,"5,632",0.18%,0.07%
53,Washington,F13,Church of Christ,1,,,
53,Washington,143,"Church of Christ, Mennonite",4,359,0.01%,0.00%
53,Washington,111,"Church of Christ, Scientist",17,,,
53,Washington,F53,Church of God,3,,,
53,Washington,123,"Church of God (Anderson, Indiana)",44,"16,614",0.52%,0.22%
53,Washington,127,"Church of God (Cleveland, Tennessee)",41,"2,374",0.07%,0.03%
53,Washington,133,Church of God (Seventh Day),4,,,
53,Washington,122,"Church of God by Faith, Inc.",2,,,
53,Washington,121,Church of God General Conference,4,150,0.00%,0.00%
53,Washington,141,Church of God in Christ,33,"11,485",0.36%,0.15%
53,Washington,145,Church of God of Prophecy,23,,,
53,Washington,151,Church of Jesus Christ of Latter-day Saints,551,"289,479",9.09%,3.76%
53,Washington,155,"Church of Our Lord Jesus Christ of the Apostolic Faith, Inc.",2,252,0.01%,0.00%
53,Washington,157,Church of the Brethren,11,667,0.02%,0.01%
53,Washington,A47,Church of the Living God (Christian Workers for Fellowship),2,,,
53,Washington,163,Church of the Lutheran Brethren of America,7,,,
53,Washington,164,Church of the Lutheran Confession,5,,,
53,Washington,165,Church of the Nazarene,142,"28,889",0.91%,0.37%
53,Washington,438,Church of the United Brethren in Christ USA,1,50,0.00%,0.00%
53,Washington,167,Churches of Christ,116,"11,328",0.36%,0.15%
53,Washington,172,Communion of Reformed Evangelical Churches,6,,,
53,Washington,173,Community of Christ,21,,,
53,Washington,FFG,Concordia Lutheran Conference,1,,,
53,Washington,181,Conservative Congregational Christian Conference,3,85,0.00%,0.00%
53,Washington,270,Conservative Judaism,5,"3,569",0.11%,0.05%
53,Washington,057,Converge Worldwide / Baptist General Conference,66,,,
53,Washington,186,Coptic Orthodox Church,4,"4,920",0.15%,0.06%
53,Washington,FHX,Dariusleut Hutterite,5,592,0.02%,0.01%
53,Washington,FFT,Dunkard Brethren Church,1,49,0.00%,0.00%
53,Washington,286,Eastern Pennsylvania Mennonite Church,2,247,0.01%,0.00%
53,Washington,FFW,ECO: A Covenant Order of Presbyterians,26,,,
53,Washington,FFP,Ecumenical Catholic Communion,3,129,0.00%,0.00%
53,Washington,193,Episcopal Church,118,"26,625",0.84%,0.35%
53,Washington,202,Eritrean Orthodox,4,"3,400",0.11%,0.04%
53,Washington,204,Ethiopian Orthodox,12,"6,575",0.21%,0.09%
53,Washington,197,"Evangelical Church, The",13,862,0.03%,0.01%
53,Washington,201,Evangelical Covenant Church,55,"8,454",0.27%,0.11%
53,Washington,203,Evangelical Free Church of America,42,,,
53,Washington,328,Evangelical Friends Church International,10,619,0.02%,0.01%
53,Washington,207,Evangelical Lutheran Church in America,235,"64,596",2.03%,0.84%
53,Washington,209,Evangelical Lutheran Synod,5,"1,183",0.04%,0.02%
53,Washington,215,Evangelical Methodist Church,2,,,
53,Washington,216,Evangelical Presbyterian Church,19,,,
53,Washington,FGP,Every Nation,1,,,
53,Washington,FGL,Fellowship of Christian Assemblies,17,,,
53,Washington,263,"Foursquare Gospel, International Church of the",151,"45,084",1.42%,0.59%
53,Washington,221,Free Methodist Church--USA,37,"10,446",0.33%,0.14%
53,Washington,391,Friends General Conference,1,47,0.00%,0.00%
53,Washington,F23,Full Gospel Assemblies International,2,,,
53,Washington,232,Full Gospel Baptist Church Fellowship,4,640,0.02%,0.01%
53,Washington,FFR,Full Gospel Christian Assemblies International,10,"1,930",0.06%,0.03%
53,Washington,388,General Association of Regular Baptist Churches,51,,,
53,Washington,233,General Church of the New Jerusalem,1,,,
53,Washington,FGM,Grace Communion International,5,,,
53,Washington,243,Grace Gospel Fellowship,5,,,
53,Washington,246,Greek Orthodox Archdiocese of America,7,"3,931",0.12%,0.05%
53,Washington,895,Hindu Temples,3,"6,731",0.21%,0.09%
53,Washington,896,Hindu Yoga and Meditation,47,"12,677",0.40%,0.16%
53,Washington,247,"Holiness Church Of God, Inc., The",1,,,
53,Washington,251,Holy Orthodox Church in North America,1,120,0.00%,0.00%
53,Washington,FGR,Independent Judaism,3,300,0.01%,0.00%
53,Washington,338,Independent Yearly Meetings of Friends,21,765,0.02%,0.01%
53,Washington,264,International Churches of Christ,6,"1,099",0.03%,0.01%
53,Washington,FE9,International Communion of the Charismatic Episcopal Church,1,,,
53,Washington,256,International Fellowship of Bible Churches,1,,,
53,Washington,272,Jehovah's Witnesses,325,"79,842",2.51%,1.04%
53,Washington,FFJ,Laestadian Lutheran Church,4,,,
53,Washington,283,Lutheran Church--Missouri Synod,115,"20,363",0.64%,0.26%
53,Washington,255,Lutheran Congregations in Mission for Christ,22,"4,778",0.15%,0.06%
53,Washington,890,Mahayana Buddhist,31,"55,719",1.75%,0.72%
53,Washington,334,Malankara Archdiocese of the Syrian Orthodox Church in North America,1,68,0.00%,0.00%
53,Washington,F28,Malankara Mar Thoma Church,1,77,0.00%,0.00%
53,Washington,333,Malankara Orthodox Syrian Church,3,380,0.01%,0.00%
53,Washington,288,Mennonite Church USA,4,404,0.01%,0.01%
53,Washington,290,Metropolitan Community Churches,3,46,0.00%,0.00%
53,Washington,291,Missionary Church,4,182,0.01%,0.00%
53,Washington,267,Muslim Estimate,44,"27,391",0.86%,0.36%
53,Washington,175,National Association of Congregational Christian Churches,4,270,0.01%,0.00%
53,Washington,223,National Association of Free Will Baptists,2,73,0.00%,0.00%
53,Washington,301,"National Baptist Convention of America, Inc.",1,224,0.01%,0.00%
53,Washington,300,"National Baptist Convention, USA, Inc.",4,"1,120",0.04%,0.01%
53,Washington,302,"National Missionary Baptist Convention, Inc.",41,"10,276",0.32%,0.13%
53,Washington,303,National Spiritualist Association of Churches,1,,,
53,Washington,307,Netherlands Reformed Congregations,2,,,
53,Washington,309,New Apostolic Church USA,3,,,
53,Washington,500,Non-denominational Christian Churches,764,"1,103,660",34.65%,14.32%
53,Washington,313,North American Baptist Conference,16,,,
53,Washington,314,North American Lutheran Church,3,,,
53,Washington,FFH,Old Apostolic Lutheran Church of America,7,,,
53,Washington,FF2,Old German Baptist Brethren,1,147,0.00%,0.00%
53,Washington,F35,"Old German Baptist Brethren, New Conference",3,374,0.01%,0.00%
53,Washington,329,Open Bible Churches,22,"3,298",0.10%,0.04%
53,Washington,331,Orthodox Church in America,8,"1,329",0.04%,0.02%
53,Washington,276,Orthodox Judaism,10,"2,660",0.08%,0.03%
53,Washington,335,Orthodox Presbyterian Church,8,,,
53,Washington,400,Patriarchal Parishes of the Russian Orthodox Church in the USA,1,150,0.00%,0.00%
53,Washington,D71,Pentecostal Assemblies of the World,1,600,0.02%,0.01%
53,Washington,339,Pentecostal Church of God,14,,,
53,Washington,355,Presbyterian Church (U.S.A.),154,"32,689",1.03%,0.42%
53,Washington,356,Presbyterian Church in America,28,"3,745",0.12%,0.05%
53,Washington,369,Protestant Reformed Churches in America,2,157,0.00%,0.00%
53,Washington,275,Reconstructionist Judaism,2,"1,118",0.04%,0.01%
53,Washington,271,Reform Judaism,13,"10,941",0.34%,0.14%
53,Washington,371,Reformed Church in America,12,"2,489",0.08%,0.03%
53,Washington,383,Reformed Presbyterian Church of North America,1,66,0.00%,0.00%
53,Washington,395,Romanian Orthodox Archdiocese in Americas,1,120,0.00%,0.00%
53,Washington,401,Russian Orthodox Church Outside of Russia,4,475,0.01%,0.01%
53,Washington,403,Salvation Army,26,"2,707",0.08%,0.04%
53,Washington,410,Serbian Orthodox Church in North America,2,900,0.03%,0.01%
53,Washington,415,"Seventh Day Baptist General Conference, USA and Canada",2,94,0.00%,0.00%
53,Washington,413,Seventh-day Adventist Church,220,"58,655",1.84%,0.76%
53,Washington,408,Shinto,1,,,
53,Washington,419,Southern Baptist Convention,344,"43,341",1.36%,0.56%
53,Washington,239,Swedenborgian Church,1,23,0.00%,0.00%
53,Washington,423,Syriac Orthodox Church of Antioch,1,30,0.00%,0.00%
53,Washington,425,Tao,1,,,
53,Washington,F54,The local churches,15,,,
53,Washington,891,Theravada Buddhist,21,"11,538",0.36%,0.15%
53,Washington,FGQ,Twelve Tribes,1,,,
53,Washington,431,Ukrainian Orthodox Church of the USA,1,200,0.01%,0.00%
53,Washington,FHF,Unaffiliated Conservative Mennonite,1,25,0.00%,0.00%
53,Washington,FER,Unification Church,3,,,
53,Washington,437,Union of Messianic Jewish Congregations,2,,,
53,Washington,435,Unitarian Universalist Association of Congregations,28,"6,464",0.20%,0.08%
53,Washington,439,United Catholic Church,1,160,0.01%,0.00%
53,Washington,443,United Church of Christ,70,"8,342",0.26%,0.11%
53,Washington,FGN,United Church of God,8,,,
53,Washington,F58,United House of Prayer,1,180,0.01%,0.00%
53,Washington,449,United Methodist Church,208,"41,743",1.31%,0.54%
53,Washington,454,United Pentecostal Church International,58,,,
53,Washington,455,United Reformed Churches in North America,9,"1,228",0.04%,0.02%
53,Washington,124,"Unity Churches, Association of",19,,,
53,Washington,237,US Conference of Mennonite Brethren Churches,20,"9,388",0.29%,0.12%
53,Washington,892,Vajarayana Buddhist,16,"6,130",0.19%,0.08%
53,Washington,462,Vedanta Society,1,,,
53,Washington,179,Venture Church Network,8,,,
53,Washington,463,Vineyard USA,9,"1,018",0.03%,0.01%
53,Washington,467,Wesleyan Church,10,945,0.03%,0.01%
53,Washington,FD8,Western Conservative Mennonite Fellowship,1,86,0.00%,0.00%
53,Washington,469,Wisconsin Evangelical Lutheran Synod,19,"4,129",0.13%,0.05%
53,Washington,490,Zoroastrian,1,,,
54,West Virginia,326,(Original) Church of God,1,,,
54,West Virginia,001,Advent Christian Church,27,614,0.09%,0.03%
54,West Virginia,003,African Methodist Episcopal Church,19,"2,465",0.36%,0.14%
54,West Virginia,005,African Methodist Episcopal Zion Church,5,404,0.06%,0.02%
54,West Virginia,017,American Baptist Association,2,500,0.07%,0.03%
54,West Virginia,019,American Baptist Churches in the USA,346,"77,838",11.49%,4.34%
54,West Virginia,022,American Carpatho-Russian Orthodox Diocese,2,117,0.02%,0.01%
54,West Virginia,031,"Amish Groups, undifferentiated",6,622,0.09%,0.03%
54,West Virginia,033,Anglican Church in North America,5,,,
54,West Virginia,034,"Antiochian Orthodox Christian Archdiocese of North America, The",3,665,0.10%,0.04%
54,West Virginia,053,Assemblies of God,110,"14,374",2.12%,0.80%
54,West Virginia,055,Associate Reformed Presbyterian Church,3,,,
54,West Virginia,056,Baha'i Faith USA,3,552,0.08%,0.03%
54,West Virginia,061,Beachy Amish-Mennonite Churches,1,110,0.02%,0.01%
54,West Virginia,FE8,Bible Methodist Connection,2,,,
54,West Virginia,071,"Brethren Church, The (Ashland, Ohio)",3,,,
54,West Virginia,075,Brethren In Christ Church,1,,,
54,West Virginia,070,"Bruderhof Communities, Inc.",1,13,0.00%,0.00%
54,West Virginia,081,Catholic Church,123,"100,780",14.87%,5.62%
54,West Virginia,244,Charis Fellowship,3,,,
54,West Virginia,089,Christian and Missionary Alliance,13,"1,311",0.19%,0.07%
54,West Virginia,353,Christian Brethren (Open Plymouth Brethren),6,,,
54,West Virginia,093,Christian Church (Disciples of Christ),40,"2,947",0.43%,0.16%
54,West Virginia,097,Christian Churches and Churches of Christ,78,"9,884",1.46%,0.55%
54,West Virginia,101,Christian Methodist Episcopal Church,1,76,0.01%,0.00%
54,West Virginia,F53,Church of God,3,,,
54,West Virginia,123,"Church of God (Anderson, Indiana)",76,"9,162",1.35%,0.51%
54,West Virginia,125,Church of God (Apostolic),1,,,
54,West Virginia,127,"Church of God (Cleveland, Tennessee)",168,"20,865",3.08%,1.16%
54,West Virginia,133,Church of God (Seventh Day),1,,,
54,West Virginia,141,Church of God in Christ,7,"1,154",0.17%,0.06%
54,West Virginia,145,Church of God of Prophecy,22,,,
54,West Virginia,146,"Church of God, Mountain Assembly, Inc.",1,,,
54,West Virginia,151,Church of Jesus Christ of Latter-day Saints,36,"17,143",2.53%,0.96%
54,West Virginia,155,"Church of Our Lord Jesus Christ of the Apostolic Faith, Inc.",5,380,0.06%,0.02%
54,West Virginia,157,Church of the Brethren,65,"5,375",0.79%,0.30%
54,West Virginia,165,Church of the Nazarene,109,"14,274",2.11%,0.80%
54,West Virginia,438,Church of the United Brethren in Christ USA,2,165,0.02%,0.01%
54,West Virginia,167,Churches of Christ,259,"19,347",2.86%,1.08%
54,West Virginia,168,Churches of Christ in Christian Union,1,,,
54,West Virginia,171,"Churches of God, General Conference",5,233,0.03%,0.01%
54,West Virginia,172,Communion of Reformed Evangelical Churches,2,,,
54,West Virginia,173,Community of Christ,5,,,
54,West Virginia,270,Conservative Judaism,2,716,0.11%,0.04%
54,West Virginia,390,Conservative Yearly Meeting of Friends,1,27,0.00%,0.00%
54,West Virginia,186,Coptic Orthodox Church,1,200,0.03%,0.01%
54,West Virginia,FFW,ECO: A Covenant Order of Presbyterians,2,,,
54,West Virginia,190,Elim Fellowship,1,,,
54,West Virginia,193,Episcopal Church,61,"6,767",1.00%,0.38%
54,West Virginia,198,"Evangelical Association of Reformed, and Congregational Christian Churches",2,,,
54,West Virginia,201,Evangelical Covenant Church,2,125,0.02%,0.01%
54,West Virginia,207,Evangelical Lutheran Church in America,48,"7,722",1.14%,0.43%
54,West Virginia,215,Evangelical Methodist Church,5,,,
54,West Virginia,216,Evangelical Presbyterian Church,4,,,
54,West Virginia,263,"Foursquare Gospel, International Church of the",4,424,0.06%,0.02%
54,West Virginia,221,Free Methodist Church--USA,7,358,0.05%,0.02%
54,West Virginia,391,Friends General Conference,4,81,0.01%,0.00%
54,West Virginia,F23,Full Gospel Assemblies International,1,,,
54,West Virginia,FFR,Full Gospel Christian Assemblies International,8,"1,330",0.20%,0.07%
54,West Virginia,231,General Association of General Baptists,1,110,0.02%,0.01%
54,West Virginia,388,General Association of Regular Baptist Churches,17,,,
54,West Virginia,FGM,Grace Communion International,2,,,
54,West Virginia,243,Grace Gospel Fellowship,1,,,
54,West Virginia,246,Greek Orthodox Archdiocese of America,6,802,0.12%,0.04%
54,West Virginia,FGD,Higher Ground Always Abounding Assemblies,5,,,
54,West Virginia,896,Hindu Yoga and Meditation,1,,,
54,West Virginia,247,"Holiness Church Of God, Inc., The",1,,,
54,West Virginia,FFX,Indian Bottom Association of Old Regular Baptists,1,21,0.00%,0.00%
54,West Virginia,264,International Churches of Christ,1,59,0.01%,0.00%
54,West Virginia,260,International Fellowship of Christian Assemblies,5,,,
54,West Virginia,265,International Pentecostal Church of Christ,5,,,
54,West Virginia,268,Jain,1,,,
54,West Virginia,272,Jehovah's Witnesses,47,"8,916",1.32%,0.50%
54,West Virginia,283,Lutheran Church--Missouri Synod,5,405,0.06%,0.02%
54,West Virginia,255,Lutheran Congregations in Mission for Christ,1,250,0.04%,0.01%
54,West Virginia,282,Mennonite Christian Fellowship,1,49,0.01%,0.00%
54,West Virginia,288,Mennonite Church USA,3,149,0.02%,0.01%
54,West Virginia,267,Muslim Estimate,7,849,0.13%,0.05%
54,West Virginia,175,National Association of Congregational Christian Churches,1,30,0.00%,0.00%
54,West Virginia,223,National Association of Free Will Baptists,135,"6,268",0.92%,0.35%
54,West Virginia,300,"National Baptist Convention, USA, Inc.",16,"4,504",0.66%,0.25%
54,West Virginia,302,"National Missionary Baptist Convention, Inc.",65,"13,116",1.94%,0.73%
54,West Virginia,303,National Spiritualist Association of Churches,1,,,
54,West Virginia,500,Non-denominational Christian Churches,340,"152,518",22.51%,8.50%
54,West Virginia,314,North American Lutheran Church,1,,,
54,West Virginia,FF2,Old German Baptist Brethren,1,95,0.01%,0.01%
54,West Virginia,329,Open Bible Churches,1,100,0.01%,0.01%
54,West Virginia,331,Orthodox Church in America,2,77,0.01%,0.00%
54,West Virginia,276,Orthodox Judaism,1,120,0.02%,0.01%
54,West Virginia,335,Orthodox Presbyterian Church,1,,,
54,West Virginia,D71,Pentecostal Assemblies of the World,2,224,0.03%,0.01%
54,West Virginia,339,Pentecostal Church of God,20,,,
54,West Virginia,355,Presbyterian Church (U.S.A.),174,"11,893",1.76%,0.66%
54,West Virginia,356,Presbyterian Church in America,10,589,0.09%,0.03%
54,West Virginia,361,Primitive Baptists Associations,3,221,0.03%,0.01%
54,West Virginia,364,"Progressive National Baptist Convention, Inc.",2,830,0.12%,0.05%
54,West Virginia,271,Reform Judaism,4,"1,058",0.16%,0.06%
54,West Virginia,401,Russian Orthodox Church Outside of Russia,2,100,0.01%,0.01%
54,West Virginia,403,Salvation Army,11,"1,148",0.17%,0.06%
54,West Virginia,FFZ,Sardis Association of Old Regular Baptists,8,136,0.02%,0.01%
54,West Virginia,410,Serbian Orthodox Church in North America,1,12,0.00%,0.00%
54,West Virginia,415,"Seventh Day Baptist General Conference, USA and Canada",3,285,0.04%,0.02%
54,West Virginia,413,Seventh-day Adventist Church,39,"3,175",0.47%,0.18%
54,West Virginia,F48,Southeastern Mennonite Conference,3,104,0.02%,0.01%
54,West Virginia,419,Southern Baptist Convention,234,"35,008",5.17%,1.95%
54,West Virginia,F51,Sovereign Grace Churches,1,,,
54,West Virginia,891,Theravada Buddhist,2,650,0.10%,0.04%
54,West Virginia,432,Unaffiliated Amish-Mennonite (Conservative),1,17,0.00%,0.00%
54,West Virginia,FHF,Unaffiliated Conservative Mennonite,1,53,0.01%,0.00%
54,West Virginia,FD6,Unaffiliated Conservative Mennonite (Grandview fellowship),1,45,0.01%,0.00%
54,West Virginia,435,Unitarian Universalist Association of Congregations,4,214,0.03%,0.01%
54,West Virginia,443,United Church of Christ,5,305,0.05%,0.02%
54,West Virginia,FGN,United Church of God,1,,,
54,West Virginia,445,"United Holy Church of America, Inc.",13,434,0.06%,0.02%
54,West Virginia,449,United Methodist Church,"1,041","111,565",16.46%,6.22%
54,West Virginia,454,United Pentecostal Church International,61,,,
54,West Virginia,124,"Unity Churches, Association of",1,,,
54,West Virginia,179,Venture Church Network,2,,,
54,West Virginia,463,Vineyard USA,1,922,0.14%,0.05%
54,West Virginia,FD7,Washington-Franklin Mennonite Conference,1,79,0.01%,0.00%
54,West Virginia,467,Wesleyan Church,19,"1,008",0.15%,0.06%
55,Wisconsin,001,Advent Christian Church,6,361,0.01%,0.01%
55,Wisconsin,003,African Methodist Episcopal Church,11,"3,662",0.13%,0.06%
55,Wisconsin,005,African Methodist Episcopal Zion Church,1,120,0.00%,0.00%
55,Wisconsin,FHJ,Agape Christian Fellowship,1,110,0.00%,0.00%
55,Wisconsin,012,Alliance of Baptists,1,,,
55,Wisconsin,284,American Association of Lutheran Churches,4,,,
55,Wisconsin,017,American Baptist Association,2,412,0.01%,0.01%
55,Wisconsin,019,American Baptist Churches in the USA,61,"15,530",0.55%,0.26%
55,Wisconsin,416,American Sikh Council,6,,,
55,Wisconsin,031,"Amish Groups, undifferentiated",200,"21,063",0.74%,0.36%
55,Wisconsin,F01,Anglican Catholic Church,2,,,
55,Wisconsin,FG4,Anglican Church in America,1,,,
55,Wisconsin,033,Anglican Church in North America,11,,,
55,Wisconsin,034,"Antiochian Orthodox Christian Archdiocese of North America, The",3,495,0.02%,0.01%
55,Wisconsin,042,"Apostolic Faith Mission of Portland, OR",2,,,
55,Wisconsin,049,Armenian Apostolic Church of America (Catholicosate of Cilicia),1,100,0.00%,0.00%
55,Wisconsin,050,Armenian Church of North America (Catholicosate of Etchmiadzin),3,750,0.03%,0.01%
55,Wisconsin,053,Assemblies of God,179,"55,578",1.96%,0.94%
55,Wisconsin,220,Association of Free Lutheran Congregations,12,869,0.03%,0.01%
55,Wisconsin,056,Baha'i Faith USA,13,"2,086",0.07%,0.04%
55,Wisconsin,FDT,Bethel Fellowship Mennonite Churches,3,218,0.01%,0.00%
55,Wisconsin,075,Brethren In Christ Church,3,,,
55,Wisconsin,084,Calvary Chapel Fellowship Churches,1,,,
55,Wisconsin,081,Catholic Church,752,"1,237,342",43.70%,20.99%
55,Wisconsin,FGS,Chabad Judaism,18,,,
55,Wisconsin,089,Christian and Missionary Alliance,60,"24,298",0.86%,0.41%
55,Wisconsin,353,Christian Brethren (Open Plymouth Brethren),22,,,
55,Wisconsin,093,Christian Church (Disciples of Christ),2,100,0.00%,0.00%
55,Wisconsin,097,Christian Churches and Churches of Christ,30,"6,868",0.24%,0.12%
55,Wisconsin,F10,Christian Congregation in North America,2,,,
55,Wisconsin,101,Christian Methodist Episcopal Church,11,"3,168",0.11%,0.05%
55,Wisconsin,105,Christian Reformed Church in North America,21,"4,506",0.16%,0.08%
55,Wisconsin,143,"Church of Christ, Mennonite",4,697,0.02%,0.01%
55,Wisconsin,111,"Church of Christ, Scientist",5,,,
55,Wisconsin,123,"Church of God (Anderson, Indiana)",10,"1,038",0.04%,0.02%
55,Wisconsin,127,"Church of God (Cleveland, Tennessee)",17,"1,370",0.05%,0.02%
55,Wisconsin,133,Church of God (Seventh Day),3,,,
55,Wisconsin,121,Church of God General Conference,1,38,0.00%,0.00%
55,Wisconsin,141,Church of God in Christ,40,"18,124",0.64%,0.31%
55,Wisconsin,145,Church of God of Prophecy,5,,,
55,Wisconsin,151,Church of Jesus Christ of Latter-day Saints,68,"27,125",0.96%,0.46%
55,Wisconsin,155,"Church of Our Lord Jesus Christ of the Apostolic Faith, Inc.",2,360,0.01%,0.01%
55,Wisconsin,157,Church of the Brethren,1,30,0.00%,0.00%
55,Wisconsin,A47,Church of the Living God (Christian Workers for Fellowship),1,,,
55,Wisconsin,D59,Church of the Living God: Pillar and Ground of the Truth,1,,,
55,Wisconsin,164,Church of the Lutheran Confession,10,,,
55,Wisconsin,165,Church of the Nazarene,39,"3,062",0.11%,0.05%
55,Wisconsin,167,Churches of Christ,64,"4,875",0.17%,0.08%
55,Wisconsin,173,Community of Christ,7,,,
55,Wisconsin,181,Conservative Congregational Christian Conference,11,"1,755",0.06%,0.03%
55,Wisconsin,270,Conservative Judaism,4,"1,990",0.07%,0.03%
55,Wisconsin,057,Converge Worldwide / Baptist General Conference,95,,,
55,Wisconsin,186,Coptic Orthodox Church,2,280,0.01%,0.00%
55,Wisconsin,286,Eastern Pennsylvania Mennonite Church,2,397,0.01%,0.01%
55,Wisconsin,FFW,ECO: A Covenant Order of Presbyterians,2,,,
55,Wisconsin,FFP,Ecumenical Catholic Communion,1,45,0.00%,0.00%
55,Wisconsin,190,Elim Fellowship,1,,,
55,Wisconsin,193,Episcopal Church,101,"12,451",0.44%,0.21%
55,Wisconsin,204,Ethiopian Orthodox,1,200,0.01%,0.00%
55,Wisconsin,201,Evangelical Covenant Church,28,"3,118",0.11%,0.05%
55,Wisconsin,203,Evangelical Free Church of America,127,,,
55,Wisconsin,207,Evangelical Lutheran Church in America,652,"316,245",11.17%,5.37%
55,Wisconsin,FFE,Evangelical Lutheran Diocese of North America,3,,,
55,Wisconsin,209,Evangelical Lutheran Synod,22,"4,232",0.15%,0.07%
55,Wisconsin,216,Evangelical Presbyterian Church,6,,,
55,Wisconsin,FGL,Fellowship of Christian Assemblies,16,,,
55,Wisconsin,263,"Foursquare Gospel, International Church of the",16,"1,680",0.06%,0.03%
55,Wisconsin,221,Free Methodist Church--USA,6,264,0.01%,0.00%
55,Wisconsin,391,Friends General Conference,17,516,0.02%,0.01%
55,Wisconsin,225,Friends United Meeting,2,145,0.01%,0.00%
55,Wisconsin,F23,Full Gospel Assemblies International,2,,,
55,Wisconsin,232,Full Gospel Baptist Church Fellowship,7,"1,236",0.04%,0.02%
55,Wisconsin,FFR,Full Gospel Christian Assemblies International,4,490,0.02%,0.01%
55,Wisconsin,231,General Association of General Baptists,1,200,0.01%,0.00%
55,Wisconsin,388,General Association of Regular Baptist Churches,26,,,
55,Wisconsin,233,General Church of the New Jerusalem,1,,,
55,Wisconsin,FJ4,German Baptist Brethren,1,35,0.00%,0.00%
55,Wisconsin,FGM,Grace Communion International,4,,,
55,Wisconsin,243,Grace Gospel Fellowship,10,,,
55,Wisconsin,246,Greek Orthodox Archdiocese of America,6,"2,495",0.09%,0.04%
55,Wisconsin,248,Heritage Reformed Congregations,1,11,0.00%,0.00%
55,Wisconsin,FGD,Higher Ground Always Abounding Assemblies,2,,,
55,Wisconsin,895,Hindu Temples,6,"6,350",0.22%,0.11%
55,Wisconsin,896,Hindu Yoga and Meditation,14,"1,562",0.06%,0.03%
55,Wisconsin,FGR,Independent Judaism,1,0,0.00%,0.00%
55,Wisconsin,264,International Churches of Christ,5,634,0.02%,0.01%
55,Wisconsin,FE9,International Communion of the Charismatic Episcopal Church,1,,,
55,Wisconsin,262,International Council of Community Churches,1,,,
55,Wisconsin,268,Jain,2,,,
55,Wisconsin,272,Jehovah's Witnesses,154,"34,684",1.22%,0.59%
55,Wisconsin,283,Lutheran Church--Missouri Synod,418,"179,478",6.34%,3.05%
55,Wisconsin,255,Lutheran Congregations in Mission for Christ,58,"12,190",0.43%,0.21%
55,Wisconsin,890,Mahayana Buddhist,16,"3,166",0.11%,0.05%
55,Wisconsin,FFU,Meadow Springs Old Order Mennonite,1,377,0.01%,0.01%
55,Wisconsin,288,Mennonite Church USA,4,327,0.01%,0.01%
55,Wisconsin,290,Metropolitan Community Churches,2,47,0.00%,0.00%
55,Wisconsin,FD1,Midwest Mennonite Fellowship,3,326,0.01%,0.01%
55,Wisconsin,291,Missionary Church,4,188,0.01%,0.00%
55,Wisconsin,293,Moravian Church in America--Northern Province,14,"3,215",0.11%,0.05%
55,Wisconsin,267,Muslim Estimate,30,"68,699",2.43%,1.17%
55,Wisconsin,175,National Association of Congregational Christian Churches,22,"3,313",0.12%,0.06%
55,Wisconsin,223,National Association of Free Will Baptists,1,46,0.00%,0.00%
55,Wisconsin,301,"National Baptist Convention of America, Inc.",1,600,0.02%,0.01%
55,Wisconsin,300,"National Baptist Convention, USA, Inc.",19,"11,246",0.40%,0.19%
55,Wisconsin,302,"National Missionary Baptist Convention, Inc.",60,"20,258",0.72%,0.34%
55,Wisconsin,303,National Spiritualist Association of Churches,4,,,
55,Wisconsin,F31,Nationwide Fellowship Mennonite Churches,10,"1,274",0.04%,0.02%
55,Wisconsin,307,Netherlands Reformed Congregations,2,,,
55,Wisconsin,309,New Apostolic Church USA,4,,,
55,Wisconsin,308,New Testament Association of Independent Baptist Church,21,,,
55,Wisconsin,500,Non-denominational Christian Churches,601,"276,904",9.78%,4.70%
55,Wisconsin,313,North American Baptist Conference,9,,,
55,Wisconsin,314,North American Lutheran Church,20,,,
55,Wisconsin,FFH,Old Apostolic Lutheran Church of America,1,,,
55,Wisconsin,FF2,Old German Baptist Brethren,2,429,0.02%,0.01%
55,Wisconsin,F35,"Old German Baptist Brethren, New Conference",1,21,0.00%,0.00%
55,Wisconsin,329,Open Bible Churches,3,370,0.01%,0.01%
55,Wisconsin,331,Orthodox Church in America,9,534,0.02%,0.01%
55,Wisconsin,276,Orthodox Judaism,4,"1,230",0.04%,0.02%
55,Wisconsin,335,Orthodox Presbyterian Church,16,,,
55,Wisconsin,339,Pentecostal Church of God,8,,,
55,Wisconsin,352,Polish National Catholic Church,6,,,
55,Wisconsin,355,Presbyterian Church (U.S.A.),132,"21,407",0.76%,0.36%
55,Wisconsin,356,Presbyterian Church in America,20,"2,838",0.10%,0.05%
55,Wisconsin,363,Primitive Methodist Church in the USA,10,,,
55,Wisconsin,364,"Progressive National Baptist Convention, Inc.",1,600,0.02%,0.01%
55,Wisconsin,369,Protestant Reformed Churches in America,1,233,0.01%,0.00%
55,Wisconsin,275,Reconstructionist Judaism,2,638,0.02%,0.01%
55,Wisconsin,271,Reform Judaism,9,"7,118",0.25%,0.12%
55,Wisconsin,371,Reformed Church in America,20,"6,193",0.22%,0.11%
55,Wisconsin,373,Reformed Church in the United States,1,135,0.00%,0.00%
55,Wisconsin,380,Reformed Presbyterian Church General Assembly,1,,,
55,Wisconsin,FHG,Remnant: Charity Ministries and related,2,,,
55,Wisconsin,401,Russian Orthodox Church Outside of Russia,6,"1,161",0.04%,0.02%
55,Wisconsin,403,Salvation Army,21,"1,444",0.05%,0.02%
55,Wisconsin,410,Serbian Orthodox Church in North America,4,"4,430",0.16%,0.08%
55,Wisconsin,415,"Seventh Day Baptist General Conference, USA and Canada",5,326,0.01%,0.01%
55,Wisconsin,413,Seventh-day Adventist Church,79,"10,675",0.38%,0.18%
55,Wisconsin,419,Southern Baptist Convention,131,"13,950",0.49%,0.24%
55,Wisconsin,424,Tampico Amish-Mennonite,2,260,0.01%,0.00%
55,Wisconsin,F54,The local churches,4,,,
55,Wisconsin,891,Theravada Buddhist,6,"2,715",0.10%,0.05%
55,Wisconsin,431,Ukrainian Orthodox Church of the USA,2,130,0.00%,0.00%
55,Wisconsin,FHF,Unaffiliated Conservative Mennonite,1,73,0.00%,0.00%
55,Wisconsin,FER,Unification Church,2,,,
55,Wisconsin,435,Unitarian Universalist Association of Congregations,30,"5,887",0.21%,0.10%
55,Wisconsin,443,United Church of Christ,215,"44,796",1.58%,0.76%
55,Wisconsin,FGN,United Church of God,6,,,
55,Wisconsin,445,"United Holy Church of America, Inc.",2,57,0.00%,0.00%
55,Wisconsin,449,United Methodist Church,452,"72,792",2.57%,1.24%
55,Wisconsin,454,United Pentecostal Church International,96,,,
55,Wisconsin,455,United Reformed Churches in North America,1,89,0.00%,0.00%
55,Wisconsin,124,"Unity Churches, Association of",5,,,
55,Wisconsin,237,US Conference of Mennonite Brethren Churches,2,23,0.00%,0.00%
55,Wisconsin,892,Vajarayana Buddhist,11,"7,400",0.26%,0.13%
55,Wisconsin,179,Venture Church Network,8,,,
55,Wisconsin,463,Vineyard USA,7,882,0.03%,0.01%
55,Wisconsin,FJ3,Weaverland Mennonite Conference,5,"1,610",0.06%,0.03%
55,Wisconsin,467,Wesleyan Church,27,"4,336",0.15%,0.07%
55,Wisconsin,469,Wisconsin Evangelical Lutheran Synod,393,"209,788",7.41%,3.56%
56,Wyoming,003,African Methodist Episcopal Church,2,250,0.11%,0.04%
56,Wyoming,016,Ambassadors Amish-Mennonite,1,63,0.03%,0.01%
56,Wyoming,284,American Association of Lutheran Churches,1,,,
56,Wyoming,017,American Baptist Association,3,566,0.24%,0.10%
56,Wyoming,019,American Baptist Churches in the USA,15,"2,133",0.92%,0.37%
56,Wyoming,031,"Amish Groups, undifferentiated",2,259,0.11%,0.04%
56,Wyoming,033,Anglican Church in North America,3,,,
56,Wyoming,FG2,Anglican Province of Christ the King,1,,,
56,Wyoming,034,"Antiochian Orthodox Christian Archdiocese of North America, The",1,40,0.02%,0.01%
56,Wyoming,053,Assemblies of God,40,"3,888",1.67%,0.67%
56,Wyoming,056,Baha'i Faith USA,4,295,0.13%,0.05%
56,Wyoming,063,Berean Fellowship of Churches,3,,,
56,Wyoming,071,"Brethren Church, The (Ashland, Ohio)",1,,,
56,Wyoming,081,Catholic Church,65,"69,500",29.83%,12.05%
56,Wyoming,FGS,Chabad Judaism,1,,,
56,Wyoming,089,Christian and Missionary Alliance,13,"2,519",1.08%,0.44%
56,Wyoming,093,Christian Church (Disciples of Christ),4,"1,183",0.51%,0.21%
56,Wyoming,097,Christian Churches and Churches of Christ,14,"1,206",0.52%,0.21%
56,Wyoming,143,"Church of Christ, Mennonite",1,125,0.05%,0.02%
56,Wyoming,111,"Church of Christ, Scientist",1,,,
56,Wyoming,F53,Church of God,1,,,
56,Wyoming,123,"Church of God (Anderson, Indiana)",7,"4,208",1.81%,0.73%
56,Wyoming,127,"Church of God (Cleveland, Tennessee)",1,16,0.01%,0.00%
56,Wyoming,141,Church of God in Christ,4,488,0.21%,0.08%
56,Wyoming,145,Church of God of Prophecy,5,,,
56,Wyoming,151,Church of Jesus Christ of Latter-day Saints,172,"67,729",29.07%,11.74%
56,Wyoming,164,Church of the Lutheran Confession,2,,,
56,Wyoming,165,Church of the Nazarene,18,"1,306",0.56%,0.23%
56,Wyoming,167,Churches of Christ,28,"1,789",0.77%,0.31%
56,Wyoming,173,Community of Christ,2,,,
56,Wyoming,057,Converge Worldwide / Baptist General Conference,10,,,
56,Wyoming,193,Episcopal Church,45,"6,123",2.63%,1.06%
56,Wyoming,FG8,Episcopal Missionary Church,1,,,
56,Wyoming,197,"Evangelical Church, The",3,297,0.13%,0.05%
56,Wyoming,203,Evangelical Free Church of America,9,,,
56,Wyoming,207,Evangelical Lutheran Church in America,20,"4,496",1.93%,0.78%
56,Wyoming,216,Evangelical Presbyterian Church,2,,,
56,Wyoming,263,"Foursquare Gospel, International Church of the",11,"1,620",0.70%,0.28%
56,Wyoming,FGM,Grace Communion International,2,,,
56,Wyoming,243,Grace Gospel Fellowship,1,,,
56,Wyoming,246,Greek Orthodox Archdiocese of America,4,345,0.15%,0.06%
56,Wyoming,896,Hindu Yoga and Meditation,1,,,
56,Wyoming,272,Jehovah's Witnesses,26,"4,618",1.98%,0.80%
56,Wyoming,283,Lutheran Church--Missouri Synod,40,"6,534",2.80%,1.13%
56,Wyoming,255,Lutheran Congregations in Mission for Christ,1,24,0.01%,0.00%
56,Wyoming,267,Muslim Estimate,3,226,0.10%,0.04%
56,Wyoming,175,National Association of Congregational Christian Churches,1,24,0.01%,0.00%
56,Wyoming,223,National Association of Free Will Baptists,1,48,0.02%,0.01%
56,Wyoming,300,"National Baptist Convention, USA, Inc.",1,100,0.04%,0.02%
56,Wyoming,302,"National Missionary Baptist Convention, Inc.",5,"1,000",0.43%,0.17%
56,Wyoming,F31,Nationwide Fellowship Mennonite Churches,3,253,0.11%,0.04%
56,Wyoming,308,New Testament Association of Independent Baptist Church,2,,,
56,Wyoming,500,Non-denominational Christian Churches,103,"23,410",10.05%,4.06%
56,Wyoming,314,North American Lutheran Church,2,,,
56,Wyoming,FFH,Old Apostolic Lutheran Church of America,2,,,
56,Wyoming,335,Orthodox Presbyterian Church,1,,,
56,Wyoming,355,Presbyterian Church (U.S.A.),28,"3,144",1.35%,0.55%
56,Wyoming,356,Presbyterian Church in America,3,259,0.11%,0.04%
56,Wyoming,F41,Reformed Baptist Network,3,,,
56,Wyoming,373,Reformed Church in the United States,2,126,0.05%,0.02%
56,Wyoming,383,Reformed Presbyterian Church of North America,1,36,0.02%,0.01%
56,Wyoming,FHG,Remnant: Charity Ministries and related,1,,,
56,Wyoming,403,Salvation Army,3,300,0.13%,0.05%
56,Wyoming,413,Seventh-day Adventist Church,19,"1,324",0.57%,0.23%
56,Wyoming,419,Southern Baptist Convention,100,"11,082",4.76%,1.92%
56,Wyoming,F54,The local churches,1,,,
56,Wyoming,435,Unitarian Universalist Association of Congregations,4,304,0.13%,0.05%
56,Wyoming,443,United Church of Christ,9,861,0.37%,0.15%
56,Wyoming,449,United Methodist Church,37,"5,478",2.35%,0.95%
56,Wyoming,454,United Pentecostal Church International,14,,,
56,Wyoming,892,Vajarayana Buddhist,1,100,0.04%,0.02%
56,Wyoming,179,Venture Church Network,7,,,
56,Wyoming,FJ3,Weaverland Mennonite Conference,0,5,0.00%,0.00%
56,Wyoming,467,Wesleyan Church,4,"2,666",1.14%,0.46%
56,Wyoming,469,Wisconsin Evangelical Lutheran Synod,5,650,0.28%,0.11%
,,,,,,,
Totals,,,,"356,642","161,224,088",100.00%,48.64%